profile_id,hangul,hanja,unicode,sound_meaning,strokes,sound_ohaeng,resource_ohaeng
OHE-00001,가,加,U+52A0,더할,5,목,목
OHE-00002,가,可,U+53EF,옳을,5,목,수
OHE-00003,가,佳,U+4F73,아름다울,8,목,화
OHE-00004,가,架,U+67B6,시렁,9,목,목
OHE-00005,가,家,U+5BB6,집,10,목,목
OHE-00006,가,街,U+8857,거리,12,목,화
OHE-00007,가,賈,U+8CC8,갓,13,목,금
OHE-00008,가,暇,U+6687,겨를,13,목,화
OHE-00009,가,嫁,U+5AC1,시집갈,13,목,토
OHE-00010,가,歌,U+6B4C,노래,14,목,금
OHE-00011,가,嘉,U+5609,아름다울,14,목,수
OHE-00012,가,價,U+50F9,값,15,목,화
OHE-00013,가,稼,U+7A3C,심을,15,목,목
OHE-00014,각,各,U+5404,각각,6,목,수
OHE-00015,각,却,U+5374,물리칠,7,목,화
OHE-00016,각,角,U+89D2,뿔,7,목,목
OHE-00017,각,刻,U+523B,새길,8,목,금
OHE-00018,각,恪,U+606A,삼갈,10,목,화
OHE-00019,각,珏,U+73CF,쌍옥,10,목,금
OHE-00020,각,殼,U+6BBC,껍질,12,목,금
OHE-00021,각,閣,U+95A3,누각,14,목,목
OHE-00022,각,覺,U+89BA,깨달을,20,목,화
OHE-00023,간,干,U+5E72,방패,3,목,목
OHE-00024,간,刊,U+520A,"책펴낼,새길",5,목,금
OHE-00025,간,艮,U+826E,괘이름,6,목,토
OHE-00026,간,杆,U+6746,지레,7,목,목
OHE-00027,간,侃,U+4F83,강직할,8,목,화
OHE-00028,간,看,U+770B,볼,9,목,목
OHE-00029,간,竿,U+7AFF,장대산,9,목,목
OHE-00030,간,間,U+9593,사이,12,목,토
OHE-00031,간,揀,U+63C0,가릴,13,목,목
OHE-00032,간,幹,U+5E79,줄기,13,목,목
OHE-00033,간,墾,U+58BE,개간할,16,목,토
OHE-00034,간,諫,U+8AEB,충고할,16,목,금
OHE-00035,간,懇,U+61C7,정성,17,목,화
OHE-00036,간,簡,U+7C21,대쪽,18,목,목
OHE-00037,갈,渴,U+6E34,목마를,13,목,수
OHE-00038,갈,葛,U+845B,칡,15,목,목
OHE-00039,감,甘,U+7518,달,5,목,토
OHE-00040,감,勘,U+52D8,헤아릴,11,목,토
OHE-00041,감,敢,U+6562,감히,12,목,금
OHE-00042,감,堪,U+582A,견딜,12,목,토
OHE-00043,감,感,U+611F,느낄,13,목,화
OHE-00044,감,減,U+6E1B,덜,13,목,수
OHE-00045,감,監,U+76E3,볼,14,목,금
OHE-00046,감,瞰,U+77B0,"볼,구어볼",17,목,목
OHE-00047,감,鑑,U+9451,거울,22,목,금
OHE-00048,갑,甲,U+7532,갑옷,5,목,화
OHE-00049,갑,鉀,U+9240,갑옷,13,목,금
OHE-00050,강,江,U+6C5F,강,7,목,목
OHE-00051,강,岡,U+5CA1,언덕,8,목,토
OHE-00052,강,姜,U+59DC,성,9,목,토
OHE-00053,강,剛,U+525B,굳셀,10,목,금
OHE-00054,강,強,U+5F37,굳셀,11,목,금
OHE-00055,강,崗,U+5D17,산등성이,11,목,토
OHE-00056,강,堈,U+5808,언덕,11,목,토
OHE-00057,강,康,U+5EB7,편안할,11,목,목
OHE-00058,강,降,U+964D,내릴,14,목,토
OHE-00059,강,綱,U+7DB1,벼리,14,목,목
OHE-00060,강,鋼,U+92FC,강철,16,목,금
OHE-00061,강,彊,U+5F4A,굳셀,16,목,금
OHE-00062,강,講,U+8B1B,강론할,17,목,금
OHE-00063,개,介,U+4ECB,끼일,4,목,화
OHE-00064,개,价,U+4EF7,착할,6,목,화
OHE-00065,개,改,U+6539,고칠,7,목,금
OHE-00066,개,個,U+500B,낱,10,목,화
OHE-00067,개,凱,U+51F1,개선할,12,목,목
OHE-00068,개,開,U+958B,열,12,목,화
OHE-00069,개,槪,U+69EA,대개,15,목,목
OHE-00070,개,漑,U+6F11,물댈,15,목,수
OHE-00071,개,盖,U+76D6,덮을,16,목,목
OHE-00072,객,客,U+5BA2,손,9,목,목
OHE-00073,갱,更,U+F901,다시,7,목,금
OHE-00074,거,去,U+53BB,갈,5,목,수
OHE-00075,거,巨,U+5DE8,클,5,목,화
OHE-00076,거,車,U+F902,수레,7,목,화
OHE-00077,거,居,U+5C45,살,8,목,목
OHE-00078,거,拒,U+62D2,막을,9,목,목
OHE-00079,거,距,U+8DDD,떨어질,12,목,토
OHE-00080,거,渠,U+6E20,개천,13,목,수
OHE-00081,거,據,U+64DA,의거할,17,목,목
OHE-00082,거,擧,U+64E7,들,18,목,토
OHE-00083,건,巾,U+5DFE,수건,3,목,목
OHE-00084,건,件,U+4EF6,사건,6,목,화
OHE-00085,건,建,U+5EFA,세울,9,목,목
OHE-00086,건,虔,U+8654,정성,10,목,목
OHE-00087,건,健,U+5065,건강할,11,목,화
OHE-00088,건,乾,U+4E7E,하늘,11,목,금
OHE-00089,건,楗,U+6957,문빗장,13,목,목
OHE-00090,건,鍵,U+9375,열쇠,17,목,금
OHE-00091,걸,杰,U+6770,뛰어날,8,목,목
OHE-00092,걸,傑,U+5091,호걸,12,목,화
OHE-00093,검,儉,U+5109,검소할,15,목,화
OHE-00094,검,劍,U+528D,칼,15,목,금
OHE-00095,검,檢,U+6AA2,검사할,17,목,목
OHE-00096,게,揭,U+63ED,높이들,13,목,목
OHE-00097,게,憩,U+61A9,쉴,16,목,화
OHE-00098,격,格,U+683C,격식,10,목,목
OHE-00099,격,檄,U+6A84,격문,17,목,목
OHE-00100,격,激,U+6FC0,과격할,17,목,수
OHE-00101,견,見,U+898B,볼,7,목,화
OHE-00102,견,堅,U+5805,굳을,11,목,토
OHE-00103,견,牽,U+727D,끌,11,목,토
OHE-00104,견,絹,U+7D79,명주,13,목,목
OHE-00105,견,遣,U+9063,보낼,17,목,토
OHE-00106,결,決,U+6C7A,정할,8,목,수
OHE-00107,결,結,U+7D50,맺을,12,목,목
OHE-00108,결,潔,U+6F54,깨끗할,16,목,수
OHE-00109,겸,兼,U+517C,겸할,10,목,금
OHE-00110,겸,謙,U+8B19,겸손할,17,목,금
OHE-00111,경,更,U+66F4,고칠,7,목,금
OHE-00112,경,坰,U+5770,들,8,목,토
OHE-00113,경,炅,U+7085,빛날,8,목,화
OHE-00114,경,京,U+4EAC,서울,8,목,토
OHE-00115,경,庚,U+5E9A,일곱쨰천간,8,목,금
OHE-00116,경,俓,U+4FD3,곧을,9,목,화
OHE-00117,경,勁,U+52C1,굳셀,9,목,금
OHE-00118,경,倞,U+501E,굳셀,10,목,화
OHE-00119,경,耕,U+8015,밭갈,10,목,토
OHE-00120,경,耿,U+803F,빛날,10,목,화
OHE-00121,경,徑,U+5F91,지름길,10,목,화
OHE-00122,경,梗,U+6897,대개,11,목,목
OHE-00123,경,竟,U+7ADF,마침내,11,목,금
OHE-00124,경,涇,U+6D87,통할,11,목,수
OHE-00125,경,硬,U+786C,굳을,12,목,금
OHE-00126,경,卿,U+537F,벼슬,12,목,목
OHE-00127,경,景,U+666F,볕,12,목,화
OHE-00128,경,敬,U+656C,공경할,13,목,금
OHE-00129,경,經,U+7D93,길,13,목,목
OHE-00130,경,莖,U+8396,줄기,13,목,목
OHE-00131,경,輕,U+8F15,가벼울,14,목,화
OHE-00132,경,逕,U+9015,좁은길,14,목,토
OHE-00133,경,境,U+5883,지경,14,목,토
OHE-00134,경,慶,U+6176,경사,15,목,화
OHE-00135,경,憬,U+61AC,깨달을,16,목,화
OHE-00136,경,暻,U+66BB,밝을,16,목,화
OHE-00137,경,擎,U+64CE,"떠받칠,높이들",17,목,목
OHE-00138,경,暻,U+66BB,옥빛,17,목,금
OHE-00139,경,鏡,U+93E1,거울,19,목,금
OHE-00140,경,鯨,U+9BE8,고래,19,목,수
OHE-00141,경,競,U+7AF6,겨룰,20,목,금
OHE-00142,경,警,U+8B66,경계할,20,목,금
OHE-00143,경,瓊,U+74CA,아름다운옥,20,목,금
OHE-00144,계,戒,U+6212,경계할,7,목,금
OHE-00145,계,系,U+7CFB,이을,7,목,목
OHE-00146,계,季,U+5B63,끝,8,목,목
OHE-00147,계,係,U+4FC2,걸릴(관계될),9,목,화
OHE-00148,계,契,U+5951,맺을,9,목,목
OHE-00149,계,計,U+8A08,셈할,9,목,금
OHE-00150,계,癸,U+7678,열째천간,9,목,수
OHE-00151,계,界,U+754C,지경,9,목,토
OHE-00152,계,桂,U+6842,계수나무,10,목,목
OHE-00153,계,啓,U+5553,일깨울,11,목,목
OHE-00154,계,誡,U+8AA1,경계할,14,목,금
OHE-00155,계,溪,U+6EAA,시내,14,목,수
OHE-00156,계,階,U+968E,섬돌,17,목,토
OHE-00157,계,繼,U+7E7C,이을,20,목,목
OHE-00158,계,鷄,U+9DC4,닭,21,목,화
OHE-00159,고,叩,U+53E9,두드릴,5,목,수
OHE-00160,고,古,U+53E4,옛,5,목,수
OHE-00161,고,告,U+544A,알릴,7,목,수
OHE-00162,고,固,U+56FA,굳을,8,목,수
OHE-00163,고,考,U+8003,상고할,8,목,토
OHE-00164,고,姑,U+59D1,시어머니,8,목,토
OHE-00165,고,枯,U+67AF,마를,9,목,목
OHE-00166,고,庫,U+5EAB,곳집,10,목,목
OHE-00167,고,高,U+9AD8,높을,10,목,화
OHE-00168,고,皐,U+7690,언덕,11,목,수
OHE-00169,고,鼓,U+9F13,북,13,목,금
OHE-00170,고,敲,U+6572,두드릴,14,목,금
OHE-00171,고,稿,U+7A3F,"볏짚,원고",15,목,목
OHE-00172,고,顧,U+9867,돌아볼,21,목,화
OHE-00173,곡,曲,U+66F2,굽을,6,목,토
OHE-00174,곡,谷,U+8C37,굴,7,목,수
OHE-00175,곡,穀,U+7A40,곡식,15,목,목
OHE-00176,곤,坤,U+5764,땅,8,목,토
OHE-00177,곤,昆,U+6606,형(맏),8,목,화
OHE-00178,곤,崑,U+5D11,산이름,11,목,토
OHE-00179,곤,琨,U+7428,옥돌,13,목,금
OHE-00180,골,骨,U+9AA8,뼈,10,목,금
OHE-00181,공,工,U+5DE5,장인,3,목,화
OHE-00182,공,公,U+516C,"공변될,존칭",4,목,금
OHE-00183,공,孔,U+5B54,구멍,4,목,수
OHE-00184,공,功,U+529F,공로,5,목,목
OHE-00185,공,共,U+5171,함께,6,목,금
OHE-00186,공,攻,U+653B,칠,7,목,금
OHE-00187,공,空,U+7A7A,"허공,빌",8,목,수
OHE-00188,공,供,U+4F9B,이바지할,8,목,화
OHE-00189,공,恭,U+606D,공손할,10,목,화
OHE-00190,공,貢,U+8CA2,바칠,10,목,금
OHE-00191,공,珙,U+73D9,크고둥근옥,11,목,금
OHE-00192,공,控,U+63A7,당길,12,목,목
OHE-00193,과,戈,U+6208,창,4,목,금
OHE-00194,과,瓜,U+74DC,오이,5,목,목
OHE-00195,과,果,U+679C,과실,8,목,목
OHE-00196,과,科,U+79D1,과정,9,목,목
OHE-00197,과,誇,U+8A87,자랑할,13,목,금
OHE-00198,과,菓,U+83D3,과자,14,목,목
OHE-00199,과,課,U+8AB2,매길,15,목,금
OHE-00200,과,過,U+904E,지날,16,목,토
OHE-00201,곽,廓,U+5ED3,둘레,14,목,목
OHE-00202,곽,郭,U+90ED,성곽,15,목,토
OHE-00203,관,官,U+5B98,벼슬,8,목,목
OHE-00204,관,冠,U+51A0,갓,9,목,목
OHE-00205,관,貫,U+8CAB,꿸,11,목,금
OHE-00206,관,款,U+6B3E,정성,12,목,금
OHE-00207,관,琯,U+742F,옥피리,13,목,금
OHE-00208,관,管,U+7BA1,다스릴,14,목,목
OHE-00209,관,寬,U+5BEC,너그러울,15,목,목
OHE-00210,관,慣,U+6163,익술할,15,목,화
OHE-00211,관,館,U+9928,객사,17,목,수
OHE-00212,관,關,U+95DC,빗장,19,목,목
OHE-00213,관,灌,U+704C,물댈,22,목,수
OHE-00214,관,瓘,U+74D8,서옥,23,목,금
OHE-00215,관,觀,U+89C0,볼,25,목,화
OHE-00216,괄,括,U+62EC,묶을,10,목,목
OHE-00217,광,匡,U+5321,바룰,6,목,토
OHE-00218,광,光,U+5149,빛,6,목,화
OHE-00219,광,炚,U+709A,밝을,8,목,화
OHE-00220,광,侊,U+4F8A,클,8,목,화
OHE-00221,광,洸,U+6D38,물용솟음칠,10,목,수
OHE-00222,광,珖,U+73D6,옥피리,11,목,금
OHE-00223,광,廣,U+5EE3,넓을,15,목,목
OHE-00224,광,曠,U+66E0,밝을,19,목,화
OHE-00225,광,鑛,U+945B,쇳돌,23,목,금
OHE-00226,괘,掛,U+639B,걸,12,목,목
OHE-00227,괴,塊,U+584A,흙덩이,13,목,토
OHE-00228,굉,宏,U+5B8F,클,7,목,목
OHE-00229,교,巧,U+5DE7,공교로울,5,목,화
OHE-00230,교,交,U+4EA4,사귈,6,목,화
OHE-00231,교,校,U+6821,학교,10,목,목
OHE-00232,교,敎,U+654E,가르칠,11,목,금
OHE-00233,교,喬,U+55AC,높을,12,목,수
OHE-00234,교,郊,U+90CA,들,13,목,토
OHE-00235,교,較,U+8F03,비교할,13,목,화
OHE-00236,교,嬌,U+5B0C,아리따울,15,목,토
OHE-00237,교,橋,U+6A4B,다리,16,목,목
OHE-00238,교,矯,U+77EF,바로잡을,17,목,금
OHE-00239,구,久,U+4E45,오랠,3,목,수
OHE-00240,구,口,U+53E3,입,3,목,수
OHE-00241,구,句,U+53E5,글괴,5,목,수
OHE-00242,구,丘,U+4E18,언덕,5,목,토
OHE-00243,구,求,U+6C42,구할,7,목,수
OHE-00244,구,究,U+7A76,궁구할,7,목,수
OHE-00245,구,具,U+5177,갖출,8,목,금
OHE-00246,구,丘,U+4E18,언덕,8,목,토
OHE-00247,구,玖,U+7396,옥돌,8,목,금
OHE-00248,구,枸,U+67B8,구기자,9,목,목
OHE-00249,구,九,U+4E5D,아홉,9,목,수
OHE-00250,구,矩,U+77E9,"자,법",10,목,금
OHE-00251,구,俱,U+4FF1,함께,10,목,화
OHE-00252,구,區,U+5340,구역,11,목,토
OHE-00253,구,救,U+6551,구원할,11,목,금
OHE-00254,구,耈,U+8008,오래살,11,목,토
OHE-00255,구,苟,U+82DF,진실로,11,목,목
OHE-00256,구,球,U+7403,"공,구슬",12,목,금
OHE-00257,구,邱,U+90B1,언덕,12,목,토
OHE-00258,구,鳩,U+9CE9,비둘기,13,목,화
OHE-00259,구,構,U+69CB,꾸밀,14,목,목
OHE-00260,구,溝,U+6E9D,도랑,14,목,수
OHE-00261,구,銶,U+92B6,끌,15,목,금
OHE-00262,구,龜,U+9F9C,나라이름,16,목,수
OHE-00263,구,購,U+8CFC,살,17,목,금
OHE-00264,구,軀,U+8EC0,몸,18,목,토
OHE-00265,구,舊,U+820A,옛,18,목,토
OHE-00266,구,驅,U+9A45,달릴,21,목,화
OHE-00267,구,鷗,U+9DD7,갈매기,22,목,화
OHE-00268,국,局,U+5C40,판,7,목,목
OHE-00269,국,國,U+570B,나라,11,목,수
OHE-00270,국,菊,U+83CA,국화,14,목,목
OHE-00271,국,鞠,U+97A0,공,17,목,금
OHE-00272,군,君,U+541B,임금,7,목,수
OHE-00273,군,軍,U+8ECD,군사,9,목,화
OHE-00274,군,群,U+7FA4,무리,13,목,토
OHE-00275,굴,屈,U+5C48,굽을,8,목,토
OHE-00276,굴,窟,U+7A9F,굴,13,목,수
OHE-00277,궁,弓,U+5F13,활,3,목,화
OHE-00278,궁,躬,U+8EAC,몸소,10,목,수
OHE-00279,궁,宮,U+5BAE,집,10,목,목
OHE-00280,권,券,U+5238,문서,8,목,토
OHE-00281,권,券,U+5238,책,8,목,목
OHE-00282,권,拳,U+62F3,주먹,10,목,목
OHE-00283,권,眷,U+7737,돌볼,11,목,목
OHE-00284,권,圈,U+5708,둘레,11,목,수
OHE-00285,권,勸,U+52F8,권할,20,목,토
OHE-00286,권,權,U+6B0A,권세,22,목,목
OHE-00287,궐,闕,U+95D5,대궐,18,목,목
OHE-00288,궤,軌,U+8ECC,길,9,목,화
OHE-00289,귀,貴,U+8CB4,귀할,12,목,금
OHE-00290,귀,龜,U+F907,거북,16,목,수
OHE-00291,귀,歸,U+6B78,돌아갈,18,목,토
OHE-00292,규,叫,U+53EB,부르짖을,5,목,수
OHE-00293,규,珪,U+73EA,홀,6,목,토
OHE-00294,규,奎,U+594E,별,9,목,토
OHE-00295,규,規,U+898F,법,11,목,화
OHE-00296,규,珪,U+73EA,홀,11,목,금
OHE-00297,규,揆,U+63C6,헤아릴,13,목,목
OHE-00298,규,閨,U+95A8,"도장방,규방",14,목,목
OHE-00299,규,逵,U+9035,큰길,15,목,토
OHE-00300,규,葵,U+8475,해바라기,15,목,목
OHE-00301,규,窺,U+7ABA,엿볼,16,목,수
OHE-00302,균,均,U+5747,고를,7,목,토
OHE-00303,균,畇,U+7547,밭일굴,9,목,토
OHE-00304,균,鈞,U+921E,무게단위,12,목,금
OHE-00305,균,菌,U+83CC,버섯,14,목,목
OHE-00306,극,克,U+514B,이길,7,목,목
OHE-00307,극,剋,U+524B,이길,9,목,금
OHE-00308,극,極,U+6975,지극할,13,목,목
OHE-00309,극,劇,U+5287,연극,15,목,금
OHE-00310,극,隙,U+9699,틈,18,목,토
OHE-00311,근,斤,U+65A4,"도끼,근",4,목,금
OHE-00312,근,劤,U+52A4,"힘,강할",6,목,금
OHE-00313,근,根,U+6839,뿌리,10,목,목
OHE-00314,근,近,U+8FD1,가까울,11,목,토
OHE-00315,근,僅,U+50C5,겨우,13,목,화
OHE-00316,근,勤,U+52E4,부지런할,13,목,토
OHE-00317,근,嫤,U+5AE4,"고울,여자이름",14,목,토
OHE-00318,근,漌,U+6F0C,맑을,15,목,수
OHE-00319,근,槿,U+69FF,무궁화나무,15,목,목
OHE-00320,근,瑾,U+747E,아름다운옥,16,목,금
OHE-00321,근,謹,U+8B39,삼갈,18,목,금
OHE-00322,금,今,U+4ECA,이제,4,목,화
OHE-00323,금,昑,U+6611,밝을,8,목,화
OHE-00324,금,金,U+F90A,쇠,8,목,금
OHE-00325,금,衾,U+887E,이불,10,목,목
OHE-00326,금,琴,U+7434,거문고,13,목,금
OHE-00327,금,錦,U+9326,비단,16,목,금
OHE-00328,금,襟,U+895F,옷깃,19,목,목
OHE-00329,급,及,U+53CA,미칠,4,목,수
OHE-00330,급,汲,U+6C72,물길을,8,목,수
OHE-00331,급,級,U+7D1A,등그,10,목,목
OHE-00332,급,給,U+7D66,줄,12,목,목
OHE-00333,긍,亘,U+4E98,뻗칠,6,목,화
OHE-00334,긍,矜,U+77DC,자랑할,9,목,금
OHE-00335,긍,肯,U+80AF,"긍정할,즐길",10,목,수
OHE-00336,긍,兢,U+5162,삼갈,14,목,수
OHE-00337,기,己,U+5DF1,몸,3,목,토
OHE-00338,기,企,U+4F01,바랄,6,목,화
OHE-00339,기,技,U+6280,재주,6,목,화
OHE-00340,기,岐,U+5C90,갈림길,7,목,토
OHE-00341,기,圻,U+573B,경기(京畿),7,목,토
OHE-00342,기,杞,U+675E,구기자나무,7,목,목
OHE-00343,기,其,U+5176,그,8,목,금
OHE-00344,기,奇,U+5947,기이할,8,목,토
OHE-00345,기,汽,U+6C7D,김,8,목,수
OHE-00346,기,沂,U+6C82,물이름,8,목,수
OHE-00347,기,技,U+6280,재주,8,목,목
OHE-00348,기,玘,U+7398,패옥(노리개),8,목,금
OHE-00349,기,紀,U+7D00,"벼리,규율",9,목,목
OHE-00350,기,祈,U+7948,빌,9,목,목
OHE-00351,기,記,U+8A18,"기록할,문서",10,목,금
OHE-00352,기,氣,U+6C23,기운,10,목,수
OHE-00353,기,耆,U+8006,늙은이,10,목,토
OHE-00354,기,豈,U+8C48,어찌,10,목,수
OHE-00355,기,起,U+8D77,일어날,10,목,화
OHE-00356,기,埼,U+57FC,낭떠러지,11,목,토
OHE-00357,기,寄,U+5BC4,"부칠,의뢰할",11,목,목
OHE-00358,기,旣,U+65E3,이미,11,목,수
OHE-00359,기,基,U+57FA,터,11,목,토
OHE-00360,기,崎,U+5D0E,험할,11,목,토
OHE-00361,기,淇,U+6DC7,강이름,12,목,수
OHE-00362,기,期,U+671F,기약할,12,목,수
OHE-00363,기,幾,U+5E7E,"몇,징조",12,목,화
OHE-00364,기,棋,U+68CB,바둑,12,목,목
OHE-00365,기,祺,U+797A,복,13,목,목
OHE-00366,기,琪,U+742A,옥,13,목,금
OHE-00367,기,琦,U+7426,옥이름,13,목,금
OHE-00368,기,嗜,U+55DC,즐길,13,목,수
OHE-00369,기,旗,U+65D7,기,14,목,목
OHE-00370,기,暣,U+66A3,볕기운,14,목,화
OHE-00371,기,綺,U+7DBA,비단,14,목,목
OHE-00372,기,箕,U+7B95,키,14,목,목
OHE-00373,기,畿,U+757F,경기,15,목,토
OHE-00374,기,器,U+5668,그릇,16,목,수
OHE-00375,기,冀,U+5180,바랄,16,목,토
OHE-00376,기,機,U+6A5F,베틀,16,목,목
OHE-00377,기,錡,U+9321,세랄솥,16,목,금
OHE-00378,기,璂,U+7482,피변꾸미개옥,16,목,금
OHE-00379,기,錤,U+9324,호미,16,목,금
OHE-00380,기,璣,U+74A3,구슬,17,목,금
OHE-00381,기,磯,U+78EF,물가,17,목,금
OHE-00382,기,騎,U+9A0E,말탈,18,목,화
OHE-00383,기,騏,U+9A0F,털총이,18,목,화
OHE-00384,기,麒,U+9E92,기린,19,목,토
OHE-00385,기,譏,U+8B4F,나무랄,19,목,금
OHE-00386,기,驥,U+9A65,천리마,27,목,화
OHE-00387,긴,緊,U+7DCA,팽팽할,14,목,목
OHE-00388,길,吉,U+5409,길할,6,목,수
OHE-00389,길,佶,U+4F76,건장할,8,목,화
OHE-00390,길,姞,U+59DE,성,9,목,토
OHE-00391,길,桔,U+6854,도라지,10,목,목
OHE-00392,김,金,U+91D1,쇠금,8,목,금
OHE-00393,나,柰,U+67F0,능금나무,9,화,목
OHE-00394,나,拏,U+62CF,잡을,9,화,목
OHE-00395,나,娜,U+5A1C,아름다울,10,화,토
OHE-00396,나,那,U+90A3,어지,11,화,토
OHE-00397,낙,諾,U+8AFE,허락할,16,화,금
OHE-00398,난,暖,U+6696,따뜻할,13,화,화
OHE-00399,난,煖,U+7156,따뜻할,13,화,화
OHE-00400,날,捺,U+637A,누를,12,화,목
OHE-00401,남,男,U+7537,사내,7,화,토
OHE-00402,남,南,U+5357,남녘,9,화,화
OHE-00403,남,湳,U+6E73,강이름,13,화,수
OHE-00404,남,楠,U+6960,녹나무,13,화,목
OHE-00405,납,納,U+7D0D,들일,10,화,목
OHE-00406,낭,娘,U+5A18,아가씨,10,화,토
OHE-00407,내,乃,U+4E43,"이에,발어사",2,화,금
OHE-00408,내,內,U+5167,안,4,화,목
OHE-00409,내,耐,U+8010,견딜,9,화,수
OHE-00410,내,柰,U+67F0,능금나무,9,화,목
OHE-00411,녀,女,U+5973,계집,3,화,토
OHE-00412,년,年,U+5E74,해,6,화,목
OHE-00413,념,念,U+5FF5,생각,8,화,화
OHE-00414,녕,寧,U+5BE7,편안할,14,화,화
OHE-00415,노,努,U+52AA,힘쓸,7,화,토
OHE-00416,농,農,U+8FB2,농사,13,화,토
OHE-00417,농,濃,U+6FC3,짙을,17,화,수
OHE-00418,뉴,紐,U+7D10,"맬,끈",10,화,목
OHE-00419,능,能,U+80FD,능할,12,화,수
OHE-00420,니,泥,U+6CE5,진흙,9,화,수
OHE-00421,다,多,U+591A,많을,6,화,수
OHE-00422,다,茶,U+8336,차,12,화,목
OHE-00423,단,丹,U+4E39,붉을,4,화,화
OHE-00424,단,旦,U+65E6,아침,5,화,화
OHE-00425,단,但,U+4F46,다만,7,화,화
OHE-00426,단,段,U+6BB5,층계,9,화,금
OHE-00427,단,短,U+77ED,짧을,12,화,금
OHE-00428,단,單,U+55AE,홑,12,화,수
OHE-00429,단,端,U+7AEF,끝,14,화,금
OHE-00430,단,團,U+5718,"둥글,모일",14,화,수
OHE-00431,단,緞,U+7DDE,비단,15,화,목
OHE-00432,단,壇,U+58C7,"제터,단",16,화,토
OHE-00433,단,鍛,U+935B,단련할,17,화,금
OHE-00434,단,檀,U+6A80,박달나무,17,화,목
OHE-00435,단,斷,U+65B7,끊을,18,화,금
OHE-00436,달,達,U+9054,통달할,16,화,토
OHE-00437,담,淡,U+6DE1,묽을,12,화,수
OHE-00438,담,覃,U+8983,미칠,12,화,금
OHE-00439,담,談,U+8AC7,말씀,15,화,금
OHE-00440,담,潭,U+6F6D,깊을,16,화,수
OHE-00441,담,澹,U+6FB9,담박할,17,화,수
OHE-00442,담,擔,U+64D4,멜,17,화,목
OHE-00443,담,譚,U+8B5A,이야기,19,화,금
OHE-00444,답,沓,U+6C93,논,9,화,토
OHE-00445,답,答,U+7B54,대답할,12,화,목
OHE-00446,당,唐,U+5510,당나라,10,화,수
OHE-00447,당,堂,U+5802,집,11,화,토
OHE-00448,당,當,U+7576,마땅할,13,화,토
OHE-00449,당,塘,U+5858,못,13,화,토
OHE-00450,당,撞,U+649E,칠,16,화,목
OHE-00451,당,黨,U+9EE8,무리,20,화,수
OHE-00452,대,大,U+5927,큰,3,화,목
OHE-00453,대,代,U+4EE3,대신할,5,화,화
OHE-00454,대,垈,U+5788,터,8,화,토
OHE-00455,대,待,U+5F85,기다릴,9,화,화
OHE-00456,대,玳,U+73B3,대모(바다거북),10,화,금
OHE-00457,대,帶,U+5E36,띠,11,화,목
OHE-00458,대,袋,U+888B,자루,11,화,목
OHE-00459,대,貸,U+8CB8,빌릴,12,화,금
OHE-00460,대,臺,U+81FA,대,14,화,토
OHE-00461,대,對,U+5C0D,"대답할,짝",14,화,목
OHE-00462,대,隊,U+968A,떼데,17,화,토
OHE-00463,대,擡,U+64E1,들,18,화,목
OHE-00464,대,戴,U+6234,일,18,화,금
OHE-00465,덕,德,U+5FB7,큰,15,화,화
OHE-00466,도,刀,U+5200,칼,2,화,금
OHE-00467,도,到,U+5230,이를,8,화,금
OHE-00468,도,度,U+5EA6,법도,9,화,목
OHE-00469,도,挑,U+6311,뛸,10,화,목
OHE-00470,도,徒,U+5F92,무리,10,화,화
OHE-00471,도,桃,U+6843,복숭아,10,화,목
OHE-00472,도,島,U+5CF6,섬,10,화,토
OHE-00473,도,堵,U+5835,담,12,화,토
OHE-00474,도,渡,U+6E21,건널,13,화,수
OHE-00475,도,跳,U+8DF3,뛸,13,화,토
OHE-00476,도,塗,U+5857,"바를,진흙",13,화,토
OHE-00477,도,圖,U+5716,그림,14,화,수
OHE-00478,도,途,U+9014,길,14,화,토
OHE-00479,도,稻,U+7A3B,벼,15,화,목
OHE-00480,도,道,U+9053,길,16,화,토
OHE-00481,도,都,U+90FD,도읍,16,화,토
OHE-00482,도,導,U+5C0E,인도할,16,화,목
OHE-00483,도,陶,U+9676,질그릇,16,화,토
OHE-00484,도,鍍,U+934D,도금할,17,화,금
OHE-00485,도,蹈,U+8E48,밟을,17,화,토
OHE-00486,도,燾,U+71FE,비출,18,화,화
OHE-00487,도,濤,U+6FE4,큰물결,18,화,수
OHE-00488,도,禱,U+79B1,빌,19,화,목
OHE-00489,독,督,U+7763,살펴볼,13,화,목
OHE-00490,독,篤,U+7BE4,도타울,16,화,목
OHE-00491,독,讀,U+8B80,읽을,22,화,금
OHE-00492,돈,惇,U+60C7,도타울,12,화,화
OHE-00493,돈,敦,U+6566,도타울,12,화,금
OHE-00494,돈,頓,U+9813,조아릴,13,화,화
OHE-00495,돈,墩,U+58A9,돈대,15,화,토
OHE-00496,돈,燉,U+71C9,"불빛,이글거릴",16,화,화
OHE-00497,돈,暾,U+66BE,해돋을,16,화,화
OHE-00498,돌,乭,U+4E6D,이름,6,화,금
OHE-00499,동,冬,U+51AC,겨울,5,화,수
OHE-00500,동,同,U+540C,한가지,6,화,수
OHE-00501,동,東,U+6771,동녘,8,화,목
OHE-00502,동,洞,U+6D1E,골짜기,10,화,수
OHE-00503,동,桐,U+6850,오동나무,10,화,목
OHE-00504,동,動,U+52D5,움직일,11,화,수
OHE-00505,동,童,U+7AE5,아이,12,화,금
OHE-00506,동,棟,U+68DF,용마루,12,화,목
OHE-00507,동,銅,U+9285,구리,14,화,금
OHE-00508,동,董,U+8463,바로잡을,15,화,목
OHE-00509,동,潼,U+6F7C,강이름,16,화,수
OHE-00510,동,瞳,U+77B3,눈동자,17,화,목
OHE-00511,두,斗,U+6597,말,4,화,화
OHE-00512,두,杜,U+675C,막을,7,화,목
OHE-00513,두,豆,U+8C46,콩,7,화,목
OHE-00514,두,枓,U+6793,두공,8,화,목
OHE-00515,두,頭,U+982D,머리,16,화,화
OHE-00516,둔,屯,U+5C6F,진칠,4,화,목
OHE-00517,둔,鈍,U+920D,둔할,12,화,금
OHE-00518,득,得,U+5F97,얻을,11,화,화
OHE-00519,등,等,U+7B49,무리,12,화,목
OHE-00520,등,登,U+767B,오를,12,화,화
OHE-00521,등,燈,U+71C8,등불,16,화,화
OHE-00522,등,鄧,U+9127,나라이름,19,화,토
OHE-00523,등,騰,U+9A30,오를,20,화,화
OHE-00524,등,藤,U+85E4,등나무,21,화,목
OHE-00525,라,螺,U+87BA,소라,17,화,수
OHE-00526,라,羅,U+7F85,"새그물,펼",20,화,목
OHE-00527,락,洛,U+6D1B,강이름,10,화,수
OHE-00528,락,珞,U+73DE,구슬목걸이,11,화,금
OHE-00529,락,絡,U+7D61,묶을,12,화,목
OHE-00530,락,樂,U+F95C,즐길,15,화,목
OHE-00531,란,卵,U+5375,알,7,화,수
OHE-00532,란,瀾,U+703E,물결,21,화,수
OHE-00533,란,爛,U+721B,빛날,21,화,화
OHE-00534,란,蘭,U+862D,난초,23,화,목
OHE-00535,람,濫,U+6FEB,넘칠,18,화,수
OHE-00536,람,藍,U+85CD,쪽,20,화,목
OHE-00537,람,覽,U+89BD,볼,21,화,화
OHE-00538,랑,浪,U+6D6A,물결,11,화,수
OHE-00539,랑,朗,U+6717,밝을,11,화,수
OHE-00540,랑,琅,U+7405,옥이름,12,화,금
OHE-00541,랑,郞,U+90DE,사나이,14,화,토
OHE-00542,랑,瑯,U+746F,"옥이름,옥돌",15,화,금
OHE-00543,래,來,U+4F86,올,8,화,화
OHE-00544,래,崍,U+5D0D,산이름,11,화,토
OHE-00545,래,萊,U+840A,명아주,14,화,목
OHE-00546,랭,冷,U+51B7,찰,7,화,수
OHE-00547,략,略,U+7565,다스릴,11,화,토
OHE-00548,량,良,U+826F,어질,7,화,토
OHE-00549,량,兩,U+5169,"두,둘",8,화,토
OHE-00550,량,亮,U+4EAE,밝을,9,화,화
OHE-00551,량,凉,U+51C9,서늘할,10,화,수
OHE-00552,량,倆,U+5006,제주,10,화,화
OHE-00553,량,梁,U+6881,들보,11,화,목
OHE-00554,량,涼,U+6DBC,서늘할,12,화,수
OHE-00555,량,量,U+91CF,헤아릴,12,화,화
OHE-00556,량,樑,U+6A11,들보,15,화,목
OHE-00557,량,諒,U+8AD2,믿을,15,화,금
OHE-00558,량,糧,U+7CE7,양식,18,화,목
OHE-00559,려,呂,U+5442,움틀,7,화,수
OHE-00560,려,侶,U+4FB6,"짝,벗",9,화,화
OHE-00561,려,旅,U+65C5,나그네,10,화,토
OHE-00562,려,黎,U+9ECE,검을,15,화,목
OHE-00563,려,閭,U+95AD,마을,15,화,목
OHE-00564,려,慮,U+616E,생각할,15,화,화
OHE-00565,려,勵,U+52F5,힘쓸,17,화,토
OHE-00566,려,麗,U+9E97,고울,19,화,토
OHE-00567,력,力,U+529B,힘,2,화,토
OHE-00568,력,歷,U+6B77,니낼,16,화,토
OHE-00569,력,曆,U+66C6,책력,16,화,화
OHE-00570,련,煉,U+7149,쇠불릴,13,화,화
OHE-00571,련,連,U+9023,연할,14,화,토
OHE-00572,련,練,U+7DF4,익힐,15,화,목
OHE-00573,련,憐,U+6190,불쌍히여길,16,화,화
OHE-00574,련,鍊,U+934A,단련할,17,화,금
OHE-00575,련,蓮,U+84EE,"연밥,연",17,화,목
OHE-00576,련,聯,U+806F,잇닿을,17,화,화
OHE-00577,련,戀,U+6200,사모할,23,화,화
OHE-00578,렬,列,U+5217,벌일,6,화,금
OHE-00579,렬,洌,U+6D0C,맑을,10,화,수
OHE-00580,렬,烈,U+70C8,매울,10,화,화
OHE-00581,렴,廉,U+5EC9,청렴할,13,화,목
OHE-00582,렴,斂,U+6582,거둘,17,화,금
OHE-00583,렴,濂,U+6FC2,"엷을,내이름",17,화,수
OHE-00584,렴,簾,U+7C3E,발,19,화,목
OHE-00585,렵,獵,U+7375,사냥할,19,화,토
OHE-00586,령,令,U+4EE4,명령,5,화,화
OHE-00587,령,伶,U+4F36,영리할,7,화,화
OHE-00588,령,怜,U+601C,영리할,9,화,화
OHE-00589,령,玲,U+73B2,옥소리,10,화,금
OHE-00590,령,鈴,U+9234,방울,13,화,금
OHE-00591,령,零,U+96F6,수없을,13,화,수
OHE-00592,령,領,U+9818,다스릴,14,화,화
OHE-00593,령,嶺,U+5DBA,재,17,화,토
OHE-00594,령,齡,U+9F61,나이,20,화,금
OHE-00595,령,靈,U+9748,신령,24,화,수
OHE-00596,례,例,U+4F8B,법식,8,화,화
OHE-00597,례,禮,U+79AE,예도,18,화,목
OHE-00598,로,老,U+8001,늙을,6,화,토
OHE-00599,로,勞,U+52DE,수고로울,12,화,화
OHE-00600,로,路,U+8DEF,길,13,화,토
OHE-00601,로,魯,U+9B6F,나라이름,15,화,수
OHE-00602,로,盧,U+76E7,밥그릇,16,화,수
OHE-00603,로,露,U+9732,이슬,20,화,수
OHE-00604,로,爐,U+7210,화로,20,화,화
OHE-00605,로,鷺,U+9DFA,해오라기,23,화,화
OHE-00606,록,鹿,U+9E7F,사슴,11,화,토
OHE-00607,록,祿,U+797F,복,13,화,목
OHE-00608,록,綠,U+7DA0,초록및,14,화,목
OHE-00609,록,錄,U+9304,기록할,16,화,금
OHE-00610,론,論,U+8AD6,의논할,15,화,금
OHE-00611,롱,弄,U+5F04,희롱할,7,화,금
OHE-00612,롱,瀧,U+7027,젖을,20,화,수
OHE-00613,롱,瓏,U+74CF,옥소리,21,화,금
OHE-00614,롱,籠,U+7C60,대그릇,22,화,목
OHE-00615,뢰,雷,U+96F7,우레,13,화,수
OHE-00616,뢰,賴,U+8CF4,힘입을,16,화,금
OHE-00617,뢰,瀨,U+7028,여울,20,화,수
OHE-00618,료,了,U+4E86,마침,2,화,금
OHE-00619,료,料,U+6599,헤아릴,12,화,화
OHE-00620,료,僚,U+50DA,동료,14,화,화
OHE-00621,룡,龍,U+9F8D,용,16,화,토
OHE-00622,루,累,U+7D2F,"여러,묶을",11,화,목
OHE-00623,루,屢,U+5C62,여러,14,화,수
OHE-00624,루,樓,U+6A13,다락,15,화,목
OHE-00625,류,柳,U+67F3,버들,9,화,목
OHE-00626,류,留,U+7559,머무를,10,화,토
OHE-00627,류,流,U+6D41,흐를,11,화,수
OHE-00628,류,琉,U+7409,유리,12,화,금
OHE-00629,류,硫,U+786B,유황,12,화,금
OHE-00630,류,瑠,U+7460,유리,15,화,금
OHE-00631,류,劉,U+5289,이길,15,화,금
OHE-00632,류,類,U+985E,무리,19,화,화
OHE-00633,륙,六,U+516D,여섯,6,화,토
OHE-00634,륙,陸,U+9678,물,16,화,토
OHE-00635,륜,侖,U+4F96,조리세울,8,화,화
OHE-00636,륜,倫,U+502B,인륜,10,화,화
OHE-00637,륜,崙,U+5D19,산이름,11,화,토
OHE-00638,륜,綸,U+7DB8,실,14,화,목
OHE-00639,륜,輪,U+8F2A,바퀴,15,화,화
OHE-00640,률,律,U+5F8B,법,9,화,화
OHE-00641,률,栗,U+6817,밤,10,화,목
OHE-00642,률,率,U+F961,비율,11,화,화
OHE-00643,륭,隆,U+9686,클,17,화,토
OHE-00644,름,凜,U+51DC,"찰,추울",15,화,수
OHE-00645,릉,稜,U+7A1C,서슬,13,화,목
OHE-00646,릉,菱,U+83F1,마름,14,화,목
OHE-00647,릉,綾,U+7DBE,비단,14,화,목
OHE-00648,릉,陵,U+9675,큰언덕,16,화,토
OHE-00649,리,吏,U+540F,관리,6,화,수
OHE-00650,리,里,U+91CC,마을,7,화,토
OHE-00651,리,李,U+674E,오얏,7,화,목
OHE-00652,리,利,U+5229,이로울,7,화,금
OHE-00653,리,梨,U+68A8,배,11,화,목
OHE-00654,리,悧,U+60A7,영리할,11,화,화
OHE-00655,리,理,U+7406,다스릴,12,화,금
OHE-00656,리,莉,U+8389,말리,13,화,목
OHE-00657,리,裏,U+88CF,속,13,화,목
OHE-00658,리,履,U+5C65,신,15,화,목
OHE-00659,리,璃,U+7483,유리,16,화,금
OHE-00660,린,潾,U+6F7E,물맑을,16,화,수
OHE-00661,린,璘,U+7498,옥빛,17,화,금
OHE-00662,린,隣,U+96A3,이웃,20,화,토
OHE-00663,린,麟,U+9E9F,기린,23,화,토
OHE-00664,림,林,U+6797,수풀,8,화,목
OHE-00665,림,淋,U+6DCB,물뿌릴,12,화,수
OHE-00666,림,琳,U+7433,옥이름린,13,화,금
OHE-00667,림,霖,U+9716,장마,16,화,수
OHE-00668,림,臨,U+81E8,임할,17,화,화
OHE-00669,립,立,U+7ACB,설,5,화,금
OHE-00670,립,粒,U+7C92,낟알,11,화,목
OHE-00671,립,笠,U+7B20,삿갓,11,화,목
OHE-00672,마,馬,U+99AC,말,10,수,화
OHE-00673,마,麻,U+9EBB,삼,11,수,목
OHE-00674,마,瑪,U+746A,마노,15,수,금
OHE-00675,마,磨,U+78E8,갈,16,수,금
OHE-00676,막,莫,U+83AB,없을,13,수,목
OHE-00677,막,幕,U+5E55,장막,14,수,목
OHE-00678,막,漠,U+6F20,사막,15,수,수
OHE-00679,만,万,U+4E07,일만,3,수,목
OHE-00680,만,曼,U+66FC,끌,11,수,토
OHE-00681,만,晚,U+665A,늦을,11,수,화
OHE-00682,만,萬,U+842C,일만,15,수,목
OHE-00683,만,滿,U+6EFF,찰,15,수,수
OHE-00684,만,蔓,U+8513,덩굴,17,수,목
OHE-00685,말,末,U+672B,끝,5,수,목
OHE-00686,말,茉,U+8309,말리,11,수,목
OHE-00687,망,望,U+671B,바랄,11,수,수
OHE-00688,망,網,U+7DB2,그물,14,수,목
OHE-00689,매,每,U+6BCF,매양,7,수,토
OHE-00690,매,妹,U+59B9,손아랫누이,8,수,토
OHE-00691,매,梅,U+6885,매화나무,11,수,목
OHE-00692,매,買,U+8CB7,살,12,수,금
OHE-00693,매,媒,U+5A92,중매,12,수,토
OHE-00694,매,賣,U+8CE3,팔,15,수,금
OHE-00695,맥,麥,U+9EA5,보리,11,수,목
OHE-00696,맥,脈,U+8108,맥,12,수,수
OHE-00697,맹,孟,U+5B5F,맏,8,수,수
OHE-00698,맹,猛,U+731B,사나울,12,수,토
OHE-00699,맹,盟,U+76DF,맹세할,13,수,토
OHE-00700,맹,萌,U+840C,싹,14,수,목
OHE-00701,면,免,U+514D,면할,7,수,목
OHE-00702,면,面,U+9762,낯,9,수,화
OHE-00703,면,勉,U+52C9,힘쓸,9,수,금
OHE-00704,면,冕,U+5195,면류관,11,수,목
OHE-00705,면,棉,U+68C9,목화,12,수,목
OHE-00706,면,綿,U+7DBF,솜,14,수,목
OHE-00707,명,名,U+540D,이름,6,수,수
OHE-00708,명,命,U+547D,목숨,8,수,수
OHE-00709,명,明,U+660E,밝을,8,수,화
OHE-00710,명,溟,U+6E9F,바다,14,수,수
OHE-00711,명,銘,U+9298,새길,14,수,금
OHE-00712,명,鳴,U+9CF4,울,14,수,화
OHE-00713,모,毛,U+6BDB,털,4,수,화
OHE-00714,모,母,U+6BCD,어머니,5,수,토
OHE-00715,모,矛,U+77DB,창,5,수,금
OHE-00716,모,牟,U+725F,보리,6,수,토
OHE-00717,모,冒,U+5192,무릅쓸,9,수,수
OHE-00718,모,某,U+67D0,아무,9,수,목
OHE-00719,모,募,U+52DF,모을,13,수,토
OHE-00720,모,貌,U+8C8C,모양,14,수,수
OHE-00721,모,模,U+6A21,법,15,수,목
OHE-00722,모,摸,U+6478,본뜰,15,수,목
OHE-00723,모,慕,U+6155,사모할,15,수,화
OHE-00724,모,暮,U+66AE,저물,15,수,화
OHE-00725,모,謀,U+8B00,꾀할,16,수,금
OHE-00726,모,謨,U+8B28,꾀,18,수,금
OHE-00727,목,木,U+6728,나무,4,수,목
OHE-00728,목,目,U+76EE,눈,5,수,목
OHE-00729,목,沐,U+6C90,목욕할,8,수,수
OHE-00730,목,牧,U+7267,칠,8,수,모
OHE-00731,목,睦,U+7766,화목할,13,수,목
OHE-00732,목,穆,U+7A46,화목할,16,수,목
OHE-00733,몽,夢,U+5922,꿈,14,수,목
OHE-00734,몽,蒙,U+8499,어릴,16,수,목
OHE-00735,묘,卯,U+536F,토끼,5,수,목
OHE-00736,묘,妙,U+5999,묘할,7,수,토
OHE-00737,묘,苗,U+82D7,싹,11,수,목
OHE-00738,묘,描,U+63CF,그릴,13,수,목
OHE-00739,묘,錨,U+9328,닻,17,수,슴
OHE-00740,무,戊,U+620A,다섯째천간,5,수,토
OHE-00741,무,武,U+6B66,굳셀,8,수,토
OHE-00742,무,拇,U+62C7,엄지손가락,9,수,목
OHE-00743,무,畝,U+755D,밭이랑,10,수,토
OHE-00744,무,茂,U+8302,무성할,11,수,목
OHE-00745,무,務,U+52D9,힘쓸,11,수,토
OHE-00746,무,貿,U+8CBF,바꿀,12,수,금
OHE-00747,무,無,U+7121,없을,12,수,화
OHE-00748,무,珷,U+73F7,옥돌,12,수,금
OHE-00749,무,舞,U+821E,춤출,14,수,목
OHE-00750,무,撫,U+64AB,어루만질,16,수,목
OHE-00751,무,懋,U+61CB,힘쓸,17,수,화
OHE-00752,무,霧,U+9727,안개,19,수,수
OHE-00753,묵,墨,U+58A8,먹,15,수,토
OHE-00754,묵,默,U+9ED8,말없을,16,수,수
OHE-00755,문,文,U+6587,글월,4,수,목
OHE-00756,문,門,U+9580,문,8,수,목
OHE-00757,문,紋,U+7D0B,무늬,10,수,목
OHE-00758,문,問,U+554F,물을,11,수,목
OHE-00759,문,聞,U+805E,들을,14,수,화
OHE-00760,물,物,U+7269,만물,8,수,토
OHE-00761,미,未,U+672A,아닐,5,수,목
OHE-00762,미,米,U+7C73,쌀,6,수,목
OHE-00763,미,尾,U+5C3E,꼬리,7,수,목
OHE-00764,미,味,U+5473,맛,8,수,수
OHE-00765,미,眉,U+7709,눈썹,9,수,목
OHE-00766,미,美,U+7F8E,아름다울,9,수,토
OHE-00767,미,媚,U+5A9A,사랑할,12,수,토
OHE-00768,미,渼,U+6E3C,물결무늬,13,수,수
OHE-00769,미,微,U+5FAE,작을,13,수,화
OHE-00770,미,彌,U+5F4C,두루(널리),17,수,금
OHE-00771,미,薇,U+8587,장미,19,수,목
OHE-00772,민,民,U+6C11,백성,5,수,화
OHE-00773,민,岷,U+5CB7,산이름,8,수,토
OHE-00774,민,旼,U+65FC,온화할,8,수,화
OHE-00775,민,旻,U+65FB,하늘,8,수,화
OHE-00776,민,玟,U+739F,옥돌,9,수,금
OHE-00777,민,珉,U+73C9,옥돌,10,수,금
OHE-00778,민,敏,U+654F,재빠를,11,수,금
OHE-00779,민,閔,U+9594,위문할,12,수,목
OHE-00780,민,慜,U+615C,총명할,15,수,화
OHE-00781,밀,密,U+5BC6,빽빽할,11,수,목
OHE-00782,밀,蜜,U+871C,꿀,14,수,수
OHE-00783,박,朴,U+6734,순박할,6,수,목
OHE-00784,박,泊,U+6CCA,"배댈,묵을",9,수,수
OHE-00785,박,拍,U+62CD,손뼉칠,9,수,목
OHE-00786,박,珀,U+73C0,호박,10,수,금
OHE-00787,박,舶,U+8236,큰배(당도리),11,수,목
OHE-00788,박,博,U+535A,넓을,12,수,수
OHE-00789,박,撲,U+64B2,두드릴,16,수,목
OHE-00790,박,璞,U+749E,옥돌,17,수,금
OHE-00791,박,薄,U+8584,엷을,19,수,목
OHE-00792,반,反,U+53CD,되돌릴,4,수,수
OHE-00793,반,半,U+534A,반,5,수,토
OHE-00794,반,伴,U+4F34,짝,7,수,화
OHE-00795,반,畔,U+7554,물가반 경계,10,수,토
OHE-00796,반,般,U+822C,옮길,10,수,목
OHE-00797,반,班,U+73ED,나눌,11,수,금
OHE-00798,반,返,U+8FD4,돌아올,11,수,토
OHE-00799,반,頒,U+9812,반포할,13,수,화
OHE-00800,반,飯,U+98EF,밥,13,수,수
OHE-00801,반,磐,U+78D0,너럭바위,15,수,금
OHE-00802,반,盤,U+76E4,소반,15,수,금
OHE-00803,반,潘,U+6F58,강이름반 소용돌이,16,수,수
OHE-00804,발,拔,U+62D4,뺄,9,수,목
OHE-00805,발,發,U+767C,필,12,수,화
OHE-00806,발,渤,U+6E24,바다이름,13,수,수
OHE-00807,발,鉢,U+9262,바리떼,13,수,금
OHE-00808,발,髮,U+9AEE,터럭(머리털),15,수,화
OHE-00809,발,潑,U+6F51,활발할,16,수,수
OHE-00810,방,方,U+65B9,모,4,수,토
OHE-00811,방,彷,U+5F77,거닐,7,수,화
OHE-00812,방,坊,U+574A,막을,7,수,토
OHE-00813,방,放,U+653E,놓을,8,수,금
OHE-00814,방,昉,U+6609,마침(때마침),8,수,화
OHE-00815,방,芳,U+82B3,꽃다울,10,수,목
OHE-00816,방,倣,U+5023,본받을,10,수,화
OHE-00817,방,邦,U+90A6,나라,11,수,토
OHE-00818,방,訪,U+8A2A,찾을,11,수,금
OHE-00819,방,傍,U+508D,곁,12,수,화
OHE-00820,방,防,U+9632,막을,12,수,토
OHE-00821,방,龐,U+9F90,클,19,수,토
OHE-00822,배,杯,U+676F,잔,8,수,목
OHE-00823,배,拜,U+62DC,절배 감사할,9,수,목
OHE-00824,배,倍,U+500D,갑절,10,수,화
OHE-00825,배,配,U+914D,짝,10,수,금
OHE-00826,배,背,U+80CC,등,11,수,수
OHE-00827,배,培,U+57F9,북돋을,11,수,토
OHE-00828,배,排,U+6392,물리칠,12,수,목
OHE-00829,배,湃,U+6E43,물결칠,13,수,수
OHE-00830,배,裵,U+88F5,성,14,수,목
OHE-00831,배,輩,U+8F29,무리,15,수,화
OHE-00832,배,陪,U+966A,도울,16,수,토
OHE-00833,백,白,U+767D,흰,5,수,금
OHE-00834,백,百,U+767E,일백,6,수,수
OHE-00835,백,伯,U+4F2F,맏,7,수,화
OHE-00836,백,佰,U+4F70,백사람(의우두머리),8,수,화
OHE-00837,백,帛,U+5E1B,비단,8,수,목
OHE-00838,백,栢,U+6822,측백나무,9,수,목
OHE-00839,번,番,U+756A,갈마들,12,수,토
OHE-00840,번,繁,U+7E41,많을,17,수,목
OHE-00841,번,藩,U+85E9,우거질,18,수,목
OHE-00842,번,飜,U+98DC,날번 엎어질,21,수,화
OHE-00843,벌,伐,U+4F10,칠,6,수,화
OHE-00844,벌,閥,U+95A5,공훈,14,수,목
OHE-00845,범,凡,U+51E1,무릇,3,수,수
OHE-00846,범,氾,U+6C3E,넘칠,6,수,수
OHE-00847,범,帆,U+5E06,돛,6,수,목
OHE-00848,범,汎,U+6C4E,뜰,7,수,수
OHE-00849,범,范,U+8303,풀이름,11,수,목
OHE-00850,범,範,U+7BC4,범,15,수,목
OHE-00851,법,法,U+6CD5,법,9,수,목
OHE-00852,벽,碧,U+78A7,푸를,14,수,금
OHE-00853,벽,壁,U+58C1,바람벽,16,수,토
OHE-00854,벽,璧,U+74A7,둥근옥,18,수,금
OHE-00855,벽,闢,U+95E2,열,21,수,목
OHE-00856,변,卞,U+535E,법,4,수,토
OHE-00857,변,弁,U+5F01,고깔,5,수,목
OHE-00858,변,辨,U+8FA8,분별할,16,수,금
OHE-00859,변,辯,U+8FAF,말잘할,21,수,금
OHE-00860,변,邊,U+908A,가,22,수,토
OHE-00861,변,變,U+8B8A,변할,23,수,금
OHE-00862,별,別,U+5225,다를,7,수,금
OHE-00863,병,丙,U+4E19,남녘,5,수,화
OHE-00864,병,兵,U+5175,군사,7,수,금
OHE-00865,병,幷,U+5E77,어우를,8,수,화
OHE-00866,병,秉,U+79C9,잡을,8,수,목
OHE-00867,병,炳,U+70B3,밝을,9,수,화
OHE-00868,병,昺,U+663A,밝을,9,수,화
OHE-00869,병,柄,U+67C4,자루,9,수,목
OHE-00870,병,竝,U+7ADD,아우를,10,수,금
OHE-00871,병,屛,U+5C5B,병풍,11,수,수
OHE-00872,병,棅,U+68C5,자루,12,수,목
OHE-00873,보,步,U+6B65,걸을,7,수,토
OHE-00874,보,甫,U+752B,클,7,수,수
OHE-00875,보,保,U+4FDD,보호할,9,수,화
OHE-00876,보,報,U+5831,갚을,12,수,토
OHE-00877,보,普,U+666E,두루,12,수,화
OHE-00878,보,堡,U+5821,작은성,12,수,토
OHE-00879,보,補,U+88DC,(해진곳을)기울보 도울,13,수,목
OHE-00880,보,輔,U+8F14,도울,14,수,화
OHE-00881,보,菩,U+83E9,보살,14,수,목
OHE-00882,보,潽,U+6F7D,물,16,수,목
OHE-00883,보,寶,U+5BF6,보배,20,수,금
OHE-00884,보,譜,U+8B5C,족보,20,수,금
OHE-00885,복,卜,U+535C,점,2,수,화
OHE-00886,복,伏,U+4F0F,엎드릴,6,수,화
OHE-00887,복,服,U+670D,옷,8,수,수
OHE-00888,복,復,U+5FA9,회복할,12,수,화
OHE-00889,복,福,U+798F,복,14,수,목
OHE-00890,복,複,U+8907,겹칠,15,수,목
OHE-00891,복,馥,U+99A5,향기,18,수,목
OHE-00892,본,本,U+672C,근본,5,수,목
OHE-00893,봉,奉,U+5949,받들,8,수,목
OHE-00894,봉,封,U+5C01,봉할,9,수,토
OHE-00895,봉,俸,U+4FF8,녹,10,수,화
OHE-00896,봉,峯,U+5CEF,봉우리,10,수,토
OHE-00897,봉,烽,U+70FD,봉화,11,수,화
OHE-00898,봉,捧,U+6367,받들,12,수,목
OHE-00899,봉,蜂,U+8702,벌,13,수,수
OHE-00900,봉,逢,U+9022,만날,14,수,토
OHE-00901,봉,鳳,U+9CF3,봉황새,14,수,화
OHE-00902,봉,蓬,U+84EC,쑥,17,수,목
OHE-00903,부,父,U+7236,아비,4,수,목
OHE-00904,부,夫,U+592B,지아비,4,수,목
OHE-00905,부,付,U+4ED8,줄,5,수,화
OHE-00906,부,孚,U+5B5A,미쁠,7,수,수
OHE-00907,부,扶,U+6276,도울,8,수,목
OHE-00908,부,府,U+5E9C,마을,8,수,토
OHE-00909,부,赴,U+8D74,다다를,9,수,화
OHE-00910,부,芙,U+8299,연꽃,10,수,목
OHE-00911,부,浮,U+6D6E,뜰,11,수,수
OHE-00912,부,婦,U+5A66,며느리부 아내,11,수,토
OHE-00913,부,副,U+526F,버금,11,수,금
OHE-00914,부,富,U+5BCC,넉넉할,12,수,목
OHE-00915,부,復,U+F966,다시,12,수,화
OHE-00916,부,傅,U+5085,스승,12,수,화
OHE-00917,부,附,U+9644,붙을,13,수,토
OHE-00918,부,溥,U+6EA5,펼,14,수,수
OHE-00919,부,敷,U+6577,펼,15,수,금
OHE-00920,북,北,U+5317,북녘,5,수,수
OHE-00921,분,分,U+5206,나눌,4,수,금
OHE-00922,분,汾,U+6C7E,물이름,8,수,수
OHE-00923,분,盆,U+76C6,동이,9,수,금
OHE-00924,분,粉,U+7C89,가루,10,수,목
OHE-00925,분,芬,U+82AC,향기,10,수,목
OHE-00926,분,奮,U+596E,떨칠,16,수,목
OHE-00927,불,佛,U+4F5B,부처,7,수,화
OHE-00928,불,拂,U+62C2,떨어뜨릴,9,수,목
OHE-00929,붕,朋,U+670B,벗,8,수,수
OHE-00930,붕,鵬,U+9D6C,붕새,19,수,화
OHE-00931,비,比,U+6BD4,견줄,4,수,화
OHE-00932,비,妃,U+5983,왕비,6,수,토
OHE-00933,비,庇,U+5E87,덮을,7,수,목
OHE-00934,비,枇,U+6787,비차나무,8,수,목
OHE-00935,비,批,U+6279,선으로 칠,8,수,목
OHE-00936,비,飛,U+98DB,날,9,수,화
OHE-00937,비,肥,U+80A5,살찔,10,수,수
OHE-00938,비,祕,U+7955,숨길,10,수,목
OHE-00939,비,備,U+5099,갖출,12,수,화
OHE-00940,비,扉,U+6249,문짝,12,수,목
OHE-00941,비,費,U+8CBB,소비할비 비용,12,수,금
OHE-00942,비,碑,U+7891,비석,13,수,금
OHE-00943,비,琵,U+7435,비파,13,수,금
OHE-00944,비,譬,U+8B6C,비유할,20,수,금
OHE-00945,빈,玭,U+73AD,구슬,9,수,금
OHE-00946,빈,彬,U+5F6C,빛날,11,수,화
OHE-00947,빈,斌,U+658C,빛날,12,수,목
OHE-00948,빈,賓,U+8CD3,손,14,수,금
OHE-00949,빈,頻,U+983B,자주,16,수,화
OHE-00950,빈,濱,U+6FF1,물가,18,수,수
OHE-00951,빙,氷,U+6C37,얼음,5,수,수
OHE-00952,빙,聘,U+8058,부를,13,수,화
OHE-00953,빙,憑,U+6191,얼음,16,수,화
OHE-00954,사,士,U+58EB,선비,3,금,목
OHE-00955,사,四,U+56DB,넉,4,금,수
OHE-00956,사,司,U+53F8,맡을,5,금,수
OHE-00957,사,仕,U+4ED5,벼슬,5,금,화
OHE-00958,사,史,U+53F2,역사,5,금,수
OHE-00959,사,寺,U+5BFA,절,6,금,목
OHE-00960,사,似,U+4F3C,같을,7,금,화
OHE-00961,사,私,U+79C1,사사,7,금,목
OHE-00962,사,沙,U+6C99,모래,8,금,수
OHE-00963,사,事,U+4E8B,일,8,금,목
OHE-00964,사,祀,U+7940,제사,8,금,목
OHE-00965,사,舍,U+820D,집,8,금,화
OHE-00966,사,社,U+793E,토지의신사 단체,8,금,목
OHE-00967,사,使,U+4F7F,하여금,8,금,화
OHE-00968,사,思,U+601D,생각할,9,금,화
OHE-00969,사,査,U+67FB,조사할,9,금,목
OHE-00970,사,紗,U+7D17,깁,10,금,목
OHE-00971,사,師,U+5E2B,스승사ㅣ,10,금,목
OHE-00972,사,射,U+5C04,쏠,10,금,토
OHE-00973,사,娑,U+5A11,춤출,10,금,토
OHE-00974,사,斜,U+659C,비낄,11,금,화
OHE-00975,사,徙,U+5F99,옮길,11,금,화
OHE-00976,사,詞,U+8A5E,말,12,금,금
OHE-00977,사,捨,U+6368,버릴,12,금,목
OHE-00978,사,絲,U+7D72,실,12,금,목
OHE-00979,사,斯,U+65AF,이,12,금,금
OHE-00980,사,嗣,U+55E3,이을,13,금,수
OHE-00981,사,寫,U+5BEB,베낄,15,금,목
OHE-00982,사,賜,U+8CDC,줄,15,금,금
OHE-00983,사,辭,U+8FAD,말씀,19,금,금
OHE-00984,삭,削,U+524A,깎을(잘라낼),9,금,금
OHE-00985,산,山,U+5C71,뫼,3,금,토
OHE-00986,산,珊,U+73CA,산호,10,금,금
OHE-00987,산,産,U+7523,낳을,11,금,목
OHE-00988,산,算,U+7B97,셈할,14,금,목
OHE-00989,산,酸,U+9178,신맛,14,금,금
OHE-00990,살,薩,U+85A9,보살,20,금,목
OHE-00991,삼,三,U+4E09,석,3,금,화
OHE-00992,삼,杉,U+6749,삼나무,7,금,목
OHE-00993,삼,衫,U+886B,적삼,9,금,목
OHE-00994,삼,參,U+F96B,석,11,금,화
OHE-00995,삼,森,U+68EE,나무빽빽할,12,금,목
OHE-00996,삼,蔘,U+8518,인삼,17,금,목
OHE-00997,삽,揷,U+63F7,꽃을,13,금,목
OHE-00998,상,上,U+4E0A,위,3,금,목
OHE-00999,상,尙,U+5C19,승상할,8,금,금
OHE-01000,상,狀,U+72C0,형상,8,금,토
OHE-01001,상,相,U+76F8,서로,9,금,목
OHE-01002,상,庠,U+5EA0,학교,9,금,목
OHE-01003,상,桑,U+6851,뽕나무,10,금,목
OHE-01004,상,祥,U+7965,상서로울,11,금,금
OHE-01005,상,爽,U+723D,시원할,11,금,화
OHE-01006,상,商,U+5546,장사,11,금,수
OHE-01007,상,常,U+5E38,항상,11,금,목
OHE-01008,상,翔,U+7FD4,날,12,금,화
OHE-01009,상,象,U+8C61,코끼리,12,금,수
OHE-01010,상,湘,U+6E58,강이름,13,금,수
OHE-01011,상,想,U+60F3,생각할,13,금,화
OHE-01012,상,詳,U+8A73,자세할,13,금,금
OHE-01013,상,嘗,U+5617,맛볼상 일찍,14,금,수
OHE-01014,상,裳,U+88F3,치마,14,금,목
OHE-01015,상,像,U+50CF,형상,14,금,화
OHE-01016,상,箱,U+7BB1,상자,15,금,목
OHE-01017,상,賞,U+8CDE,상줄,15,금,금
OHE-01018,상,償,U+511F,갚을,17,금,화
OHE-01019,상,霜,U+971C,서리,17,금,수
OHE-01020,쌍,雙,U+96D9,쌍,18,금,화
OHE-01021,새,塞,U+585E,변방,13,금,토
OHE-01022,색,色,U+8272,빛,6,금,토
OHE-01023,색,索,U+7D22,찾을,10,금,목
OHE-01024,색,穡,U+7A61,거둘,18,금,목
OHE-01025,생,生,U+751F,날,5,금,목
OHE-01026,서,西,U+897F,서녘,6,금,금
OHE-01027,서,序,U+5E8F,차례,7,금,목
OHE-01028,서,抒,U+6292,펼,8,금,목
OHE-01029,서,書,U+66F8,글,10,금,목
OHE-01030,서,恕,U+6055,용서할,10,금,화
OHE-01031,서,徐,U+5F90,천천히할,10,금,화
OHE-01032,서,庶,U+5EB6,뭇,11,금,목
OHE-01033,서,敍,U+654D,차례,11,금,금
OHE-01034,서,棲,U+68F2,깃들일,12,금,목
OHE-01035,서,舒,U+8212,펼,12,금,화
OHE-01036,서,暑,U+6691,더울,13,금,화
OHE-01037,서,誓,U+8A93,맹세할,14,금,금
OHE-01038,서,瑞,U+745E,상서,14,금,금
OHE-01039,서,署,U+7F72,관청,15,금,목
OHE-01040,서,緖,U+7DD6,실마리,15,금,목
OHE-01041,서,曙,U+66D9,새벽,18,금,화
OHE-01042,석,夕,U+5915,저녁,3,금,수
OHE-01043,석,石,U+77F3,돌,5,금,금
OHE-01044,석,汐,U+6C50,썰물,7,금,수
OHE-01045,석,析,U+6790,가를,8,금,목
OHE-01046,석,昔,U+6614,옛,8,금,화
OHE-01047,석,席,U+5E2D,자리,10,금,목
OHE-01048,석,晳,U+6673,밝을,12,금,화
OHE-01049,석,淅,U+6DC5,쌀일,12,금,수
OHE-01050,석,惜,U+60DC,아낄,12,금,화
OHE-01051,석,碩,U+78A9,클,14,금,금
OHE-01052,석,奭,U+596D,클,15,금,화
OHE-01053,석,錫,U+932B,주석,16,금,금
OHE-01054,석,釋,U+91CB,풀,20,금,화
OHE-01055,선,仙,U+4ED9,신선,5,금,화
OHE-01056,선,先,U+5148,먼저,6,금,목
OHE-01057,선,宣,U+5BA3,베풀,9,금,화
OHE-01058,선,扇,U+6247,부채,10,금,목
OHE-01059,선,旋,U+65CB,돌,11,금,목
OHE-01060,선,船,U+8239,배,11,금,목
OHE-01061,선,琁,U+7401,옥,12,금,금
OHE-01062,선,善,U+5584,착할,12,금,수
OHE-01063,선,渲,U+6E32,바림,13,금,수
OHE-01064,선,羨,U+7FA8,부러워할,13,금,토
OHE-01065,선,瑄,U+7444,도리옥,14,금,금
OHE-01066,선,銑,U+9291,무쇠,14,금,금
OHE-01067,선,嬋,U+5B0B,고울,15,금,토
OHE-01068,선,線,U+7DDA,줄,15,금,목
OHE-01069,선,璇,U+7487,아름다운옥,16,금,금
OHE-01070,선,禪,U+79AA,고요할,17,금,목
OHE-01071,선,鮮,U+9BAE,고울,17,금,수
OHE-01072,선,繕,U+7E55,기울 깁다,18,금,목
OHE-01073,선,選,U+9078,가릴,19,금,토
OHE-01074,선,璿,U+74BF,아름다운옥,19,금,금
OHE-01075,설,舌,U+820C,혀,6,금,화
OHE-01076,설,雪,U+96EA,눈,11,금,수
OHE-01077,설,設,U+8A2D,베풀,11,금,금
OHE-01078,설,卨,U+5368,은나라시조이름,11,금,토
OHE-01079,설,楔,U+6954,문설주,13,금,목
OHE-01080,설,說,U+8AAA,말씀,14,금,금
OHE-01081,설,薛,U+859B,맑은대쑥,19,금,목
OHE-01082,섬,暹,U+66B9,해돋을,16,금,화
OHE-01083,섬,纖,U+7E96,가늘,23,금,목
OHE-01084,섭,涉,U+6D89,건널,11,금,수
OHE-01085,섭,葉,U+F96E,땅이름,15,금,목
OHE-01086,섭,燮,U+71EE,불꽃,17,금,화
OHE-01087,섭,攝,U+651D,끌어당길,22,금,목
OHE-01088,성,成,U+6210,이룰,7,금,화
OHE-01089,성,姓,U+59D3,성,8,금,토
OHE-01090,성,星,U+661F,별,9,금,화
OHE-01091,성,省,U+7701,살필,9,금,목
OHE-01092,성,性,U+6027,성품,9,금,화
OHE-01093,성,城,U+57CE,성,10,금,토
OHE-01094,성,晟,U+665F,밝을,11,금,화
OHE-01095,성,盛,U+76DB,성할,12,금,화
OHE-01096,성,珹,U+73F9,옥이름,12,금,금
OHE-01097,성,惺,U+60FA,깨달을,13,금,화
OHE-01098,성,聖,U+8056,성인,13,금,화
OHE-01099,성,誠,U+8AA0,정성,14,금,금
OHE-01100,성,聲,U+8072,소리,17,금,화
OHE-01101,세,世,U+4E16,인간,5,금,화
OHE-01102,세,洗,U+6D17,씻을,10,금,수
OHE-01103,세,細,U+7D30,가늘,11,금,목
OHE-01104,세,勢,U+52E2,기세,13,금,금
OHE-01105,세,歲,U+6B72,해,13,금,토
OHE-01106,소,小,U+5C0F,작을,3,금,수
OHE-01107,소,少,U+5C11,젊을소 적을,4,금,수
OHE-01108,소,召,U+53EC,부를,5,금,수
OHE-01109,소,所,U+6240,바,8,금,목
OHE-01110,소,昭,U+662D,밝을,9,금,화
OHE-01111,소,炤,U+70A4,밝을,9,금,화
OHE-01112,소,笑,U+7B11,웃을,10,금,목
OHE-01113,소,素,U+7D20,흴,10,금,목
OHE-01114,소,紹,U+7D39,이을,11,금,목
OHE-01115,소,疏,U+758F,트일,11,금,토
OHE-01116,소,邵,U+90B5,고을이름,12,금,토
OHE-01117,소,韶,U+97F6,아름다울,14,금,금
OHE-01118,소,燒,U+71D2,불사를,16,금,화
OHE-01119,소,蘇,U+8607,차조기,22,금,목
OHE-01120,속,束,U+675F,묶을,7,금,목
OHE-01121,속,速,U+901F,빠를,14,금,토
OHE-01122,속,續,U+7E8C,이을,21,금,목
OHE-01123,손,孫,U+5B6B,손자,10,금,수
OHE-01124,손,遜,U+905C,겸손할,17,금,토
OHE-01125,솔,帥,U+5E25,거느릴,9,금,목
OHE-01126,솔,率,U+7387,거느릴,11,금,화
OHE-01127,송,宋,U+5B8B,송나라,7,금,목
OHE-01128,송,松,U+677E,소나무,8,금,목
OHE-01129,송,頌,U+980C,칭송할,13,금,화
OHE-01130,쇠,釗,U+91D7,쇠,10,금,금
OHE-01131,수,水,U+6C34,물,4,금,수
OHE-01132,수,手,U+624B,손,4,금,목
OHE-01133,수,收,U+6536,거둘,6,금,금
OHE-01134,수,守,U+5B88,지킬,6,금,목
OHE-01135,수,秀,U+79C0,빼어날,7,금,목
OHE-01136,수,垂,U+5782,드리울,8,금,토
OHE-01137,수,受,U+53D7,받을,8,금,수
OHE-01138,수,首,U+9996,머리,9,금,수
OHE-01139,수,帥,U+5E25,장수,9,금,목
OHE-01140,수,洙,U+6D19,강이름,10,금,수
OHE-01141,수,殊,U+6B8A,다를,10,금,수
OHE-01142,수,修,U+4FEE,닦을,10,금,화
OHE-01143,수,琇,U+7407,옥돌,12,금,금
OHE-01144,수,授,U+6388,줄,12,금,목
OHE-01145,수,需,U+9700,구할,14,금,수
OHE-01146,수,壽,U+58FD,목숨,14,금,수
OHE-01147,수,銖,U+9296,무게단위,14,금,금
OHE-01148,수,粹,U+7CB9,순수할,14,금,목
OHE-01149,수,數,U+6578,수,15,금,금
OHE-01150,수,輸,U+8F38,나를,16,금,화
OHE-01151,수,樹,U+6A39,나무,16,금,목
OHE-01152,수,遂,U+9042,이룰할수 드디어,16,금,토
OHE-01153,수,穗,U+7A57,이삭,17,금,목
OHE-01154,수,繡,U+7E61,수놓을,18,금,목
OHE-01155,수,隨,U+96A8,따를,21,금,토
OHE-01156,숙,叔,U+53D4,아재비,8,금,수
OHE-01157,숙,淑,U+6DD1,맑을,12,금,수
OHE-01158,숙,肅,U+8085,엄숙할,13,금,화
OHE-01159,숙,琡,U+7421,옥이름,13,금,금
OHE-01160,숙,熟,U+719F,익을,15,금,화
OHE-01161,숙,璹,U+74B9,옥그릇,19,금,금
OHE-01162,순,旬,U+65EC,열흘,6,금,화
OHE-01163,순,盾,U+76FE,방패,9,금,목
OHE-01164,순,純,U+7D14,순수할,10,금,목
OHE-01165,순,洵,U+6D35,참으로,10,금,수
OHE-01166,순,珣,U+73E3,옥그릇,11,금,금
OHE-01167,순,循,U+5FAA,돌,12,금,화
OHE-01168,순,淳,U+6DF3,순박할,12,금,수
OHE-01169,순,舜,U+821C,순임금,12,금,목
OHE-01170,순,順,U+9806,순할,12,금,화
OHE-01171,순,諄,U+8AC4,타이를,15,금,금
OHE-01172,순,錞,U+931E,악기이름,16,금,금
OHE-01173,술,術,U+8853,재주,11,금,화
OHE-01174,술,述,U+8FF0,지을,12,금,토
OHE-01175,숭,崇,U+5D07,높을,11,금,토
OHE-01176,숭,嵩,U+5D69,높을,13,금,토
OHE-01177,슬,瑟,U+745F,큰거문고,14,금,금
OHE-01178,습,拾,U+62FE,주울,10,금,목
OHE-01179,습,習,U+7FD2,익힐,11,금,화
OHE-01180,습,濕,U+6FD5,젖을,18,금,수
OHE-01181,승,升,U+5347,되,4,금,목
OHE-01182,승,丞,U+4E1E,도울,6,금,목
OHE-01183,승,昇,U+6607,오를,8,금,화
OHE-01184,승,承,U+627F,이을,8,금,목
OHE-01185,승,乘,U+4E58,탈,10,금,화
OHE-01186,승,勝,U+52DD,이길,12,금,토
OHE-01187,승,陞,U+965E,오를,15,금,토
OHE-01188,시,示,U+793A,보일,5,금,목
OHE-01189,시,市,U+5E02,저자,5,금,목
OHE-01190,시,始,U+59CB,비로서,8,금,토
OHE-01191,시,施,U+65BD,베풀,9,금,토
OHE-01192,시,柴,U+67F4,섶나무,9,금,목
OHE-01193,시,是,U+662F,옳을,9,금,화
OHE-01194,시,時,U+6642,때,10,금,화
OHE-01195,시,恃,U+6043,의지할,10,금,화
OHE-01196,시,視,U+8996,불,12,금,화
OHE-01197,시,詩,U+8A69,시,13,금,금
OHE-01198,시,試,U+8A66,시험할,13,금,금
OHE-01199,씨,氏,U+6C0F,성,4,금,화
OHE-01200,식,式,U+5F0F,법,6,금,금
OHE-01201,식,食,U+98DF,밥,9,금,수
OHE-01202,식,息,U+606F,휴식,10,금,화
OHE-01203,식,植,U+690D,심을,12,금,목
OHE-01204,식,寔,U+5BD4,이식 진실로,12,금,목
OHE-01205,식,湜,U+6E5C,물맑을,13,금,수
OHE-01206,식,軾,U+8EFE,수레앞턱가로나무,13,금,화
OHE-01207,식,識,U+8B58,알,19,금,금
OHE-01208,신,申,U+7533,납,5,금,금
OHE-01209,신,臣,U+81E3,신하,6,금,화
OHE-01210,신,辛,U+8F9B,매울,7,금,금
OHE-01211,신,身,U+8EAB,몸,7,금,화
OHE-01212,신,伸,U+4F38,펼,7,금,화
OHE-01213,신,信,U+4FE1,믿을,9,금,화
OHE-01214,신,神,U+795E,귀신,10,금,금
OHE-01215,신,訊,U+8A0A,물을,10,금,금
OHE-01216,신,迅,U+8FC5,빠를,10,금,토
OHE-01217,신,晨,U+6668,새벽,11,금,화
OHE-01218,신,紳,U+7D33,큰띠,11,금,목
OHE-01219,신,新,U+65B0,새,13,금,금
OHE-01220,신,愼,U+613C,삼갈,14,금,화
OHE-01221,실,室,U+5BA4,집,9,금,목
OHE-01222,실,實,U+5BE6,열매,14,금,목
OHE-01223,심,心,U+5FC3,마음,4,금,화
OHE-01224,심,沈,U+F972,성,8,금,수
OHE-01225,심,沁,U+6C81,스며들,8,금,수
OHE-01226,심,深,U+6DF1,깊을,12,금,수
OHE-01227,심,尋,U+5C0B,찾을,12,금,금
OHE-01228,심,審,U+5BE9,살필,15,금,목
OHE-01229,십,什,U+4EC0,열사람,4,금,화
OHE-01230,십,十,U+5341,열,10,금,수
OHE-01231,십,拾,U+F973,열,10,금,목
OHE-01232,아,牙,U+7259,어금니,4,토,금
OHE-01233,아,我,U+6211,나,7,토,금
OHE-01234,아,亞,U+4E9E,버금,8,토,화
OHE-01235,아,兒,U+5152,아이,8,토,수
OHE-01236,아,芽,U+82BD,싹,10,토,목
OHE-01237,아,娥,U+5A25,예쁠,10,토,토
OHE-01238,아,雅,U+96C5,바를,12,토,화
OHE-01239,아,阿,U+963F,언덕,13,토,토
OHE-01240,악,岳,U+5CB3,큰산,8,토,토
OHE-01241,악,堊,U+580A,흰흙,11,토,토
OHE-01242,악,樂,U+6A02,풍류,15,토,목
OHE-01243,악,嶽,U+5DBD,큰산,17,토,토
OHE-01244,안,安,U+5B89,편안할,6,토,목
OHE-01245,안,岸,U+5CB8,언덕,8,토,토
OHE-01246,안,按,U+6309,누를,10,토,목
OHE-01247,안,晏,U+664F,편안할,10,토,화
OHE-01248,안,案,U+6848,생각할,10,토,목
OHE-01249,안,顔,U+9854,얼굴,18,토,화
OHE-01250,알,謁,U+8B01,뵈올,16,토,금
OHE-01251,암,巖,U+5DD6,바위,23,토,토
OHE-01252,압,押,U+62BC,찍을,9,토,목
OHE-01253,압,壓,U+58D3,누를,17,토,토
OHE-01254,앙,央,U+592E,가운데,5,토,토
OHE-01255,앙,仰,U+4EF0,우러러볼,6,토,화
OHE-01256,앙,昻,U+663B,오를,8,토,화
OHE-01257,앙,鴦,U+9D26,원앙,16,토,화
OHE-01258,애,厓,U+5393,언덕,8,토,토
OHE-01259,애,涯,U+6DAF,물가,12,토,수
OHE-01260,애,愛,U+611B,사랑,13,토,화
OHE-01261,액,液,U+6DB2,진액,12,토,수
OHE-01262,액,額,U+984D,이마,18,토,화
OHE-01263,앵,鶯,U+9DAF,꾀꼬리,21,토,화
OHE-01264,앵,櫻,U+6AFB,앵두나무,21,토,목
OHE-01265,야,冶,U+51B6,쇠불릴,7,토,수
OHE-01266,야,野,U+91CE,들,11,토,토
OHE-01267,약,約,U+7D04,묶을,9,토,목
OHE-01268,약,若,U+82E5,같을,11,토,목
OHE-01269,약,躍,U+8E8D,뛸,21,토,토
OHE-01270,약,藥,U+85E5,약,21,토,목
OHE-01271,양,羊,U+7F8A,양,6,토,토
OHE-01272,양,洋,U+6D0B,큰바다,10,토,수
OHE-01273,양,揚,U+63DA,날릴,13,토,목
OHE-01274,양,楊,U+694A,버들,13,토,목
OHE-01275,양,養,U+990A,기를,15,토,수
OHE-01276,양,樣,U+6A23,모양,15,토,목
OHE-01277,양,襄,U+8944,도울,17,토,목
OHE-01278,양,陽,U+967D,볕,17,토,토
OHE-01279,양,壤,U+58E4,흙,20,토,토
OHE-01280,어,魚,U+9B5A,물고기,11,토,수
OHE-01281,어,御,U+5FA1,어거할,11,토,화
OHE-01282,어,語,U+8A9E,말씀,14,토,금
OHE-01283,억,億,U+5104,억,15,토,화
OHE-01284,억,憶,U+61B6,생각할,17,토,화
OHE-01285,억,檍,U+6A8D,참죽나무,17,토,목
OHE-01286,언,言,U+8A00,말씀,7,토,금
OHE-01287,언,彦,U+5F66,선비,9,토,화
OHE-01288,언,諺,U+8AFA,속담,16,토,금
OHE-01289,엄,嚴,U+56B4,엄할,20,토,수
OHE-01290,업,業,U+696D,업,13,토,목
OHE-01291,업,嶪,U+5DAA,높고험할,16,토,토
OHE-01292,여,予,U+4E88,"나,줄",4,토,금
OHE-01293,여,如,U+5982,같을,6,토,토
OHE-01294,여,余,U+4F59,"나,줄",7,토,화
OHE-01295,여,汝,U+6C5D,너,7,토,수
OHE-01296,여,與,U+8207,줄,14,토,토
OHE-01297,여,餘,U+9918,남을,16,토,수
OHE-01298,역,亦,U+4EA6,또,6,토,수
OHE-01299,역,易,U+6613,바꿀,8,토,화
OHE-01300,역,譯,U+8B6F,통변할,20,토,금
OHE-01301,역,驛,U+9A5B,역마,23,토,화
OHE-01302,연,延,U+5EF6,끌,7,토,토
OHE-01303,연,沇,U+6C87,물흐를,8,토,수
OHE-01304,연,妍,U+598D,고울,9,토,토
OHE-01305,연,衍,U+884D,넘칠,9,토,화
OHE-01306,연,沿,U+6CBF,따를,9,토,수
OHE-01307,연,娟,U+5A1F,예쁠,10,토,토
OHE-01308,연,宴,U+5BB4,잔치,10,토,목
OHE-01309,연,硏,U+784F,갈,11,토,금
OHE-01310,연,軟,U+8EDF,부드러울,11,토,화
OHE-01311,연,涓,U+6D93,시내,11,토,수
OHE-01312,연,然,U+7136,그럴,12,토,화
OHE-01313,연,淵,U+6DF5,못,13,토,수
OHE-01314,연,演,U+6F14,넓힐,15,토,수
OHE-01315,연,緣,U+7DE3,인연,15,토,목
OHE-01316,연,燃,U+71C3,불탈,16,토,화
OHE-01317,연,燕,U+71D5,제비,16,토,화
OHE-01318,열,悅,U+6085,기쁠,11,토,화
OHE-01319,열,說,U+F9A1,기쁠,14,토,금
OHE-01320,열,閱,U+95B1,검열할,15,토,금
OHE-01321,열,熱,U+71B1,더울,15,토,화
OHE-01322,염,炎,U+708E,불꽃,8,토,화
OHE-01323,염,琰,U+7430,옥갈,13,토,금
OHE-01324,염,艶,U+8276,고울,24,토,토
OHE-01325,엽,葉,U+8449,잎,15,토,목
OHE-01326,엽,燁,U+71C1,빛날,16,토,화
OHE-01327,엽,曄,U+66C4,빛날,16,토,화
OHE-01328,영,永,U+6C38,길,5,토,수
OHE-01329,영,映,U+6620,비칠,9,토,화
OHE-01330,영,盈,U+76C8,찰,9,토,수
OHE-01331,영,泳,U+6CF3,헤엄칠,9,토,수
OHE-01332,영,英,U+82F1,꽃부리,11,토,목
OHE-01333,영,迎,U+8FCE,맞이할,11,토,토
OHE-01334,영,詠,U+8A60,읊을,12,토,금
OHE-01335,영,楹,U+6979,기둥,13,토,목
OHE-01336,영,渶,U+6E36,물맑을,13,토,수
OHE-01337,영,暎,U+668E,비칠,13,토,화
OHE-01338,영,煐,U+7150,사람이름,13,토,화
OHE-01339,영,榮,U+69AE,영화,14,토,목
OHE-01340,영,瑛,U+745B,옥광채,14,토,금
OHE-01341,영,影,U+5F71,그림자,15,토,화
OHE-01342,영,瑩,U+F9AE,밝을,15,토,금
OHE-01343,영,穎,U+7A4E,이삭 빼어날,16,토,목
OHE-01344,영,營,U+71DF,경영할,17,토,화
OHE-01345,영,鍈,U+9348,방울소리,17,토,금
OHE-01346,영,瀯,U+702F,물소리,21,토,수
OHE-01347,영,瓔,U+74D4,옥돌,22,토,금
OHE-01348,예,乂,U+4E42,어질,2,토,금
OHE-01349,예,芮,U+82AE,나라이름 풀뾰족날,10,토,목
OHE-01350,예,預,U+9810,미리,13,토,화
OHE-01351,예,銳,U+92B3,날카로울,15,토,금
OHE-01352,예,豫,U+8C6B,미리,16,토,수
OHE-01353,예,叡,U+53E1,밝을,16,토,화
OHE-01354,예,譽,U+8B7D,기릴,21,토,금
OHE-01355,예,藝,U+85DD,재주,21,토,목
OHE-01356,오,午,U+5348,낮,4,토,화
OHE-01357,오,五,U+4E94,다섯,5,토,토
OHE-01358,오,伍,U+4F0D,대오,6,토,화
OHE-01359,오,吾,U+543E,나,7,토,수
OHE-01360,오,吳,U+5433,나라이름,7,토,수
OHE-01361,오,旿,U+65FF,밝을,8,토,화
OHE-01362,오,娛,U+5A1B,즐길,10,토,토
OHE-01363,오,悟,U+609F,깨달을,11,토,화
OHE-01364,오,晤,U+6664,밝을,11,토,화
OHE-01365,오,梧,U+68A7,오동나무,11,토,목
OHE-01366,오,奧,U+5967,깊을,13,토,목
OHE-01367,옥,玉,U+7389,구슬,5,토,금
OHE-01368,옥,沃,U+6C83,기름질,8,토,수
OHE-01369,옥,屋,U+5C4B,집,9,토,목
OHE-01370,옥,鈺,U+923A,보배,13,토,금
OHE-01371,온,溫,U+6EAB,따뜻할,14,토,수
OHE-01372,온,穩,U+7A69,평온할,19,토,목
OHE-01373,옹,雍,U+96CD,화목할,13,토,화
OHE-01374,옹,壅,U+58C5,막을,16,토,토
OHE-01375,옹,擁,U+64C1,안을,17,토,목
OHE-01376,와,瓦,U+74E6,기와,5,토,토
OHE-01377,와,臥,U+81E5,누울,8,토,토
OHE-01378,완,完,U+5B8C,완전할,7,토,목
OHE-01379,완,宛,U+5B9B,굽을,8,토,토
OHE-01380,완,玩,U+73A9,놀,9,토,금
OHE-01381,완,婉,U+5A49,순할,11,토,토
OHE-01382,완,琓,U+7413,서옥,12,토,금
OHE-01383,완,莞,U+839E,빙그레웃을 왕골,13,토,목
OHE-01384,완,琬,U+742C,아름다운옥,13,토,금
OHE-01385,완,緩,U+7DE9,느릴,15,토,목
OHE-01386,왈,曰,U+66F0,가로,4,토,화
OHE-01387,왕,王,U+738B,임금,5,토,금
OHE-01388,왕,往,U+5F80,갈,8,토,화
OHE-01389,왕,枉,U+6789,굽을,8,토,목
OHE-01390,왕,汪,U+6C6A,깊고넓을,8,토,수
OHE-01391,왕,旺,U+65FA,성할,8,토,화
OHE-01392,외,外,U+5916,바깥,5,토,화
OHE-01393,요,要,U+8981,구할,9,토,금
OHE-01394,요,姚,U+59DA,예쁠,9,토,토
OHE-01395,요,堯,U+582F,요임금,12,토,토
OHE-01396,요,僥,U+50E5,요행,14,토,화
OHE-01397,요,搖,U+6416,흔들,14,토,목
OHE-01398,요,樂,U+F9BF,좋아할,15,토,목
OHE-01399,요,謠,U+8B20,노래,17,토,금
OHE-01400,요,遙,U+9059,멀,17,토,토
OHE-01401,요,曜,U+66DC,빛날,18,토,화
OHE-01402,요,耀,U+8000,빛날,20,토,화
OHE-01403,요,饒,U+9952,넉넉할,21,토,수
OHE-01404,욕,浴,U+6D74,목욕할,11,토,수
OHE-01405,용,用,U+7528,쓸,5,토,수
OHE-01406,용,勇,U+52C7,날랠,9,토,토
OHE-01407,용,埇,U+57C7,길돋울,10,토,토
OHE-01408,용,容,U+5BB9,얼굴,10,토,목
OHE-01409,용,庸,U+5EB8,떳떳할,11,토,목
OHE-01410,용,涌,U+6D8C,샘솟을,11,토,수
OHE-01411,용,湧,U+6E67,샘솟을,13,토,수
OHE-01412,용,墉,U+5889,담,14,토,토
OHE-01413,용,踊,U+8E0A,뛸,14,토,토
OHE-01414,용,榕,U+6995,벵골보리수,14,토,목
OHE-01415,용,溶,U+6EB6,질펀히흐를,14,토,수
OHE-01416,용,瑢,U+7462,패옥소리,15,토,금
OHE-01417,용,蓉,U+84C9,연꽃,16,토,목
OHE-01418,용,鎔,U+9394,쇠녹일,18,토,금
OHE-01419,용,鏞,U+93DE,큰쇠북,19,토,금
OHE-01420,우,又,U+53C8,또,2,토,수
OHE-01421,우,于,U+4E8E,어조사,3,토,수
OHE-01422,우,尤,U+5C24,더욱,4,토,토
OHE-01423,우,友,U+53CB,벗,4,토,수
OHE-01424,우,右,U+53F3,오른쪽,5,토,수
OHE-01425,우,羽,U+7FBD,깃,6,토,화
OHE-01426,우,宇,U+5B87,집,6,토,목
OHE-01427,우,佑,U+4F51,도울,7,토,화
OHE-01428,우,旴,U+65F4,해돋을,7,토,화
OHE-01429,우,雨,U+96E8,비,8,토,수
OHE-01430,우,玗,U+7397,옥돌,8,토,금
OHE-01431,우,禹,U+79B9,하우씨,9,토,토
OHE-01432,우,祐,U+7950,도울,10,토,금
OHE-01433,우,迂,U+8FC2,멀,10,토,토
OHE-01434,우,釪,U+91EA,악기이름,11,토,금
OHE-01435,우,偶,U+5076,짝,11,토,화
OHE-01436,우,寓,U+5BD3,머무를,12,토,목
OHE-01437,우,愚,U+611A,어리석을,13,토,화
OHE-01438,우,瑀,U+7440,패옥,14,토,금
OHE-01439,우,郵,U+90F5,역참,15,토,토
OHE-01440,우,遇,U+9047,만날,16,토,토
OHE-01441,우,優,U+512A,넉넉할,17,토,화
OHE-01442,우,隅,U+9685,모퉁이,17,토,토
OHE-01443,욱,旭,U+65ED,아침해,6,토,화
OHE-01444,욱,昱,U+6631,빛날,9,토,화
OHE-01445,욱,彧,U+5F67,문채빛날,10,토,화
OHE-01446,욱,郁,U+90C1,문채날,13,토,토
OHE-01447,욱,煜,U+715C,빛날,13,토,화
OHE-01448,운,云,U+4E91,이름,4,토,수
OHE-01449,운,耘,U+8018,김맬,10,토,금
OHE-01450,운,雲,U+96F2,구름,12,토,수
OHE-01451,운,運,U+904B,운전할,16,토,토
OHE-01452,운,澐,U+6F90,큰물결,16,토,수
OHE-01453,운,韻,U+97FB,운,19,토,금
OHE-01454,울,蔚,U+851A,우거질,17,토,목
OHE-01455,웅,雄,U+96C4,수컷,12,토,화
OHE-01456,웅,熊,U+718A,곰,14,토,화
OHE-01457,원,元,U+5143,으뜸,4,토,목
OHE-01458,원,沅,U+6C85,내이름,8,토,수
OHE-01459,원,垣,U+57A3,담,9,토,토
OHE-01460,원,洹,U+6D39,강이름,10,토,수
OHE-01461,원,員,U+54E1,관원,10,토,수
OHE-01462,원,原,U+539F,근본,10,토,토
OHE-01463,원,袁,U+8881,성,10,토,목
OHE-01464,원,苑,U+82D1,동산,11,토,목
OHE-01465,원,媛,U+5A9B,예쁠,12,토,토
OHE-01466,원,援,U+63F4,도울,13,토,목
OHE-01467,원,園,U+5712,동산,13,토,수
OHE-01468,원,圓,U+5713,동글,13,토,수
OHE-01469,원,源,U+6E90,근원,14,토,수
OHE-01470,원,瑗,U+7457,도리옥,14,토,금
OHE-01471,원,愿,U+613F,성실할,14,토,화
OHE-01472,원,院,U+9662,집,15,토,토
OHE-01473,원,遠,U+9060,멀,17,토,토
OHE-01474,원,轅,U+8F45,수레,17,토,화
OHE-01475,원,願,U+9858,원할,19,토,화
OHE-01476,월,月,U+6708,달,4,토,수
OHE-01477,월,越,U+8D8A,건널,12,토,화
OHE-01478,위,位,U+4F4D,자리,7,토,화
OHE-01479,위,委,U+59D4,맡길,8,토,토
OHE-01480,위,威,U+5A01,위엄,9,토,토
OHE-01481,위,尉,U+5C09,벼슬이름,11,토,토
OHE-01482,위,偉,U+5049,클,11,토,화
OHE-01483,위,圍,U+570D,둘레,12,토,수
OHE-01484,위,爲,U+7232,위할,12,토,금
OHE-01485,위,渭,U+6E2D,강이름,13,토,수
OHE-01486,위,暐,U+6690,햇빛,13,토,화
OHE-01487,위,瑋,U+744B,옥이름,14,토,금
OHE-01488,위,緯,U+7DEF,씨,15,토,목
OHE-01489,위,慰,U+6170,위로할,15,토,화
OHE-01490,위,謂,U+8B02,이를,16,토,금
OHE-01491,위,衛,U+885B,지킬,16,토,화
OHE-01492,위,魏,U+9B4F,높을,18,토,화
OHE-01493,유,由,U+7531,말미암을,5,토,목
OHE-01494,유,幼,U+5E7C,어릴,5,토,화
OHE-01495,유,有,U+6709,있을,6,토,수
OHE-01496,유,酉,U+9149,닭,7,토,금
OHE-01497,유,攸,U+6538,바(어조사),7,토,금
OHE-01498,유,侑,U+4F91,도울,8,토,화
OHE-01499,유,幽,U+5E7D,그을할,9,토,화
OHE-01500,유,油,U+6CB9,기름,9,토,수
OHE-01501,유,柔,U+67D4,부드러울,9,토,목
OHE-01502,유,兪,U+516A,성,9,토,토
OHE-01503,유,宥,U+5BA5,용서할,9,토,목
OHE-01504,유,柚,U+67DA,유자나무,9,토,목
OHE-01505,유,洧,U+6D27,강이름,10,토,수
OHE-01506,유,唯,U+552F,오직,11,토,수
OHE-01507,유,釉,U+91C9,광택,12,토,금
OHE-01508,유,喩,U+55A9,깨우칠,12,토,수
OHE-01509,유,庾,U+5EBE,노적가리 곳집,12,토,목
OHE-01510,유,惟,U+60DF,생각할,12,토,화
OHE-01511,유,愉,U+6109,기쁠,13,토,화
OHE-01512,유,裕,U+88D5,넉넉할,13,토,목
OHE-01513,유,楡,U+6961,느릅나무,13,토,목
OHE-01514,유,猶,U+7336,오히려,13,토,토
OHE-01515,유,誘,U+8A98,꾈,14,토,금
OHE-01516,유,維,U+7DAD,맬(묶을),14,토,목
OHE-01517,유,瑜,U+745C,아름다운옥,14,토,금
OHE-01518,유,諭,U+8AED,깨우칠,16,토,금
OHE-01519,유,遊,U+904A,놀,16,토,토
OHE-01520,유,儒,U+5112,선비,16,토,화
OHE-01521,유,濡,U+6FE1,적실,18,토,수
OHE-01522,유,遺,U+907A,끼칠,19,토,토
OHE-01523,육,育,U+80B2,기를,10,토,수
OHE-01524,육,堉,U+5809,기름진땅,11,토,토
OHE-01525,윤,尹,U+5C39,다스릴,4,토,수
OHE-01526,윤,允,U+5141,진실로,4,토,토
OHE-01527,윤,玧,U+73A7,귀막는옥,9,토,금
OHE-01528,윤,胤,U+80E4,맏아들,11,토,수
OHE-01529,윤,鈗,U+9217,병기이름,12,토,금
OHE-01530,윤,閏,U+958F,윤달,12,토,화
OHE-01531,윤,奫,U+596B,물깊고넓을,15,토,수
OHE-01532,윤,潤,U+6F64,윤택할,16,토,수
OHE-01533,융,融,U+878D,화활,16,토,수
OHE-01534,은,垠,U+57A0,끝,9,토,토
OHE-01535,은,殷,U+6BB7,성할,10,토,금
OHE-01536,은,恩,U+6069,은혜,10,토,화
OHE-01537,은,銀,U+9280,은,14,토,금
OHE-01538,은,誾,U+8ABE,화평할,15,토,금
OHE-01539,은,隱,U+96B1,숨을,22,토,토
OHE-01540,을,乙,U+4E59,새,1,토,목
OHE-01541,음,吟,U+541F,읊을,7,토,수
OHE-01542,음,音,U+97F3,소리,9,토,금
OHE-01543,음,飮,U+98EE,마실,13,토,수
OHE-01544,읍,邑,U+9091,고을,7,토,토
OHE-01545,응,凝,U+51DD,엉길,16,토,수
OHE-01546,응,應,U+61C9,응할,17,토,화
OHE-01547,응,鷹,U+9DF9,매,24,토,화
OHE-01548,의,衣,U+8863,옷,6,토,목
OHE-01549,의,宜,U+5B9C,마땅할,8,토,목
OHE-01550,의,依,U+4F9D,의지할,8,토,화
OHE-01551,의,倚,U+501A,의지할,10,토,화
OHE-01552,의,意,U+610F,뜻,13,토,화
OHE-01553,의,義,U+7FA9,옳을,13,토,토
OHE-01554,의,儀,U+5100,거동,15,토,화
OHE-01555,의,毅,U+6BC5,굳셀,15,토,금
OHE-01556,의,誼,U+8ABC,옳을,15,토,금
OHE-01557,의,擬,U+64EC,비교할 헤아릴,18,토,목
OHE-01558,의,醫,U+91AB,의원,18,토,금
OHE-01559,의,議,U+8B70,의논할,20,토,금
OHE-01560,의,懿,U+61FF,클,22,토,화
OHE-01561,이,二,U+4E8C,두,2,토,목
OHE-01562,이,已,U+5DF2,이미,3,토,화
OHE-01563,이,以,U+4EE5,써,5,토,화
OHE-01564,이,耳,U+8033,귀,6,토,화
OHE-01565,이,弛,U+5F1B,늦출,6,토,금
OHE-01566,이,而,U+800C,말이을,6,토,수
OHE-01567,이,伊,U+4F0A,저,6,토,화
OHE-01568,이,易,U+F9E0,쉬울,8,토,화
OHE-01569,이,怡,U+6021,기쁠,9,토,화
OHE-01570,이,珥,U+73E5,귀고리,11,토,금
OHE-01571,이,異,U+7570,다를,11,토,토
OHE-01572,이,移,U+79FB,옮길,11,토,목
OHE-01573,이,貽,U+8CBD,끼칠,12,토,금
OHE-01574,이,貳,U+8CB3,두,12,토,금
OHE-01575,이,爾,U+723E,너,14,토,화
OHE-01576,이,彛,U+5F5B,떳떳할,16,토,화
OHE-01577,익,益,U+76CA,더할,10,토,수
OHE-01578,익,翊,U+7FCA,도울,11,토,화
OHE-01579,익,翌,U+7FCC,명일,11,토,화
OHE-01580,익,翼,U+7FFC,날개,17,토,화
OHE-01581,익,謚,U+8B1A,웃을,17,토,금
OHE-01582,익,瀷,U+7037,강이름,21,토,수
OHE-01583,인,人,U+4EBA,사람,2,토,화
OHE-01584,인,仁,U+4EC1,어질,4,토,화
OHE-01585,인,引,U+5F15,이끌,4,토,화
OHE-01586,인,印,U+5370,도장,6,토,목
OHE-01587,인,因,U+56E0,인할,6,토,수
OHE-01588,인,忍,U+5FCD,참을,7,토,화
OHE-01589,인,姻,U+59FB,혼인,9,토,토
OHE-01590,인,寅,U+5BC5,공경할,11,토,목
OHE-01591,인,認,U+8A8D,인정할,14,토,금
OHE-01592,일,一,U+4E00,한,1,토,목
OHE-01593,일,日,U+65E5,날,4,토,화
OHE-01594,일,佾,U+4F7E,춤,8,토,화
OHE-01595,일,壹,U+58F9,한,12,토,목
OHE-01596,일,溢,U+6EA2,넘칠,14,토,수
OHE-01597,일,馹,U+99B9,역말,14,토,화
OHE-01598,일,逸,U+9038,달아날 뛰어날,15,토,모
OHE-01599,일,鎰,U+93B0,중량,18,토,금
OHE-01600,임,壬,U+58EC,아홈째천간,4,토,수
OHE-01601,임,任,U+4EFB,맡길,6,토,화
OHE-01602,임,稔,U+7A14,곡식여물,13,토,목
OHE-01603,입,入,U+5165,들,2,토,목
OHE-01604,잉,剩,U+5269,남을,12,토,금
OHE-01605,자,子,U+5B50,아들,3,금,수
OHE-01606,자,仔,U+4ED4,자세할,5,금,화
OHE-01607,자,字,U+5B57,글자,6,금,수
OHE-01608,자,自,U+81EA,스스로,6,금,목
OHE-01609,자,姿,U+59FF,맵시,9,금,토
OHE-01610,자,玆,U+7386,이,10,금,화
OHE-01611,자,者,U+8005,놈,11,금,토
OHE-01612,자,瓷,U+74F7,오지그릇,11,금,토
OHE-01613,자,紫,U+7D2B,자줏빛,11,금,목
OHE-01614,자,雌,U+96CC,암컷,13,금,화
OHE-01615,자,資,U+8CC7,재불,13,금,금
OHE-01616,자,滋,U+6ECB,불을,14,금,수
OHE-01617,자,慈,U+6148,사랑,14,금,화
OHE-01618,자,磁,U+78C1,자석,15,금,금
OHE-01619,자,藉,U+85C9,깔,20,금,목
OHE-01620,작,灼,U+707C,사를,7,금,화
OHE-01621,작,作,U+4F5C,지을,7,금,화
OHE-01622,작,芍,U+828D,함박꽃,9,금,목
OHE-01623,작,雀,U+96C0,참새,11,금,화
OHE-01624,작,爵,U+7235,벼슬,18,금,금
OHE-01625,작,鵲,U+9D72,까치,19,금,화
OHE-01626,잠,箴,U+7BB4,바늘,15,금,목
OHE-01627,잠,暫,U+66AB,잠깐,15,금,화
OHE-01628,잠,潛,U+6F5B,잠길,16,금,수
OHE-01629,잠,蠶,U+8836,누에,24,금,수
OHE-01630,잡,雜,U+96DC,섞일,18,금,화
OHE-01631,장,庄,U+5E84,농막,6,금,목
OHE-01632,장,匠,U+5320,장인,6,금,토
OHE-01633,장,壯,U+58EF,장할,7,금,목
OHE-01634,장,杖,U+6756,짚을,7,금,목
OHE-01635,장,長,U+9577,길,8,금,목
OHE-01636,장,章,U+7AE0,글,11,금,금
OHE-01637,장,張,U+5F35,베풀,11,금,금
OHE-01638,장,將,U+5C07,장수,11,금,토
OHE-01639,장,帳,U+5E33,휘장,11,금,목
OHE-01640,장,粧,U+7CA7,단장할,12,금,목
OHE-01641,장,場,U+5834,마당,12,금,토
OHE-01642,장,掌,U+638C,손바닥,12,금,목
OHE-01643,장,裝,U+88DD,꾸밀,13,금,목
OHE-01644,장,莊,U+838A,엄숙할,13,금,목
OHE-01645,장,奬,U+596C,권면할,14,금,목
OHE-01646,장,樟,U+6A1F,녹나무,15,금,목
OHE-01647,장,暲,U+66B2,밝을,15,금,화
OHE-01648,장,璋,U+748B,구기,16,금,금
OHE-01649,장,墻,U+58BB,담장,16,금,토
OHE-01650,장,蔣,U+8523,줄 풀이름,17,금,목
OHE-01651,장,薔,U+8594,장미,19,금,목
OHE-01652,장,藏,U+85CF,감출,20,금,목
OHE-01653,재,才,U+624D,재주,4,금,목
OHE-01654,재,再,U+518D,두,6,금,목
OHE-01655,재,在,U+5728,있을,6,금,토
OHE-01656,재,材,U+6750,재목,7,금,목
OHE-01657,재,哉,U+54C9,비로소,9,금,수
OHE-01658,재,栽,U+683D,심을,10,금,목
OHE-01659,재,財,U+8CA1,재물,10,금,금
OHE-01660,재,宰,U+5BB0,재상,10,금,목
OHE-01661,재,梓,U+6893,가래나무,11,금,목
OHE-01662,재,裁,U+88C1,옷마를,12,금,목
OHE-01663,재,渽,U+6E3D,맑을,13,금,수
OHE-01664,재,載,U+8F09,실을,13,금,화
OHE-01665,재,縡,U+7E21,일,16,금,목
OHE-01666,재,齋,U+9F4B,재계할,17,금,토
OHE-01667,쟁,爭,U+722D,다툴,8,금,화
OHE-01668,쟁,錚,U+931A,징,16,금,금
OHE-01669,저,底,U+5E95,밑,8,금,목
OHE-01670,저,苧,U+82E7,모시,11,금,목
OHE-01671,저,貯,U+8CAF,쌓을,12,금,금
OHE-01672,저,邸,U+90B8,집,12,금,토
OHE-01673,저,楮,U+696E,닥나무,13,금,목
OHE-01674,저,著,U+8457,지을,15,금,목
OHE-01675,적,赤,U+8D64,붉을,7,금,화
OHE-01676,적,的,U+7684,과녁,8,금,화
OHE-01677,적,寂,U+5BC2,고요할,11,금,목
OHE-01678,적,笛,U+7B1B,피리,11,금,목
OHE-01679,적,迪,U+8FEA,나아갈,12,금,토
OHE-01680,적,跡,U+8DE1,발자취,13,금,토
OHE-01681,적,摘,U+6458,들추어낼,15,금,목
OHE-01682,적,滴,U+6EF4,물방울,15,금,수
OHE-01683,적,積,U+7A4D,쌓을,16,금,목
OHE-01684,적,績,U+7E3E,길쌈할,17,금,목
OHE-01685,적,適,U+9069,사리에 맞을,18,금,토
OHE-01686,적,蹟,U+8E5F,자취,18,금,토
OHE-01687,적,籍,U+7C4D,호적,20,금,목
OHE-01688,전,田,U+7530,밭,5,금,목
OHE-01689,전,全,U+5168,온전할,6,금,토
OHE-01690,전,甸,U+7538,경기,7,금,화
OHE-01691,전,典,U+5178,법,8,금,금
OHE-01692,전,佺,U+4F7A,신선이름,8,금,화
OHE-01693,전,前,U+524D,앞,9,금,금
OHE-01694,전,栓,U+6813,나무못,10,금,목
OHE-01695,전,展,U+5C55,펼,10,금,수
OHE-01696,전,專,U+5C08,오로지,11,금,토
OHE-01697,전,奠,U+5960,정할,12,금,목
OHE-01698,전,詮,U+8A6E,갖출,13,금,금
OHE-01699,전,殿,U+6BBF,대궐,13,금,금
OHE-01700,전,塡,U+5861,메울,13,금,토
OHE-01701,전,琠,U+7420,옥이름,13,금,금
OHE-01702,전,傳,U+50B3,전할,13,금,화
OHE-01703,전,銓,U+9293,저울질할,14,금,금
OHE-01704,전,錢,U+9322,돈,16,금,금
OHE-01705,전,顚,U+985A,꼭대기,19,금,화
OHE-01706,절,切,U+5207,끊을,4,금,금
OHE-01707,절,折,U+6298,꺾을,8,금,목
OHE-01708,절,絶,U+7D76,끊을,12,금,목
OHE-01709,절,節,U+7BC0,마디,15,금,목
OHE-01710,점,占,U+5360,점칠,5,금,화
OHE-01711,점,店,U+5E97,가게,8,금,목
OHE-01712,점,漸,U+6F38,점점,15,금,수
OHE-01713,점,點,U+9EDE,점,17,금,수
OHE-01714,접,接,U+63A5,사귈,12,금,목
OHE-01715,접,蝶,U+8776,나비,15,금,수
OHE-01716,정,丁,U+4E01,고무래,2,금,화
OHE-01717,정,井,U+4E95,우물,4,금,수
OHE-01718,정,正,U+6B63,바를,5,금,토
OHE-01719,정,汀,U+6C40,물가,6,금,수
OHE-01720,정,呈,U+5448,보일,7,금,수
OHE-01721,정,玎,U+738E,옥소리,7,금,금
OHE-01722,정,廷,U+5EF7,조정,7,금,목
OHE-01723,정,姃,U+59C3,여자단정할,8,금,토
OHE-01724,정,政,U+653F,정사,8,금,금
OHE-01725,정,定,U+5B9A,정할,8,금,목
OHE-01726,정,征,U+5F81,칠,8,금,화
OHE-01727,정,貞,U+8C9E,곧을,9,금,금
OHE-01728,정,柾,U+67FE,나무바를,9,금,목
OHE-01729,정,訂,U+8A02,바로잡을,9,금,금
OHE-01730,정,炡,U+70A1,빛날,9,금,화
OHE-01731,정,亭,U+4EAD,정자,9,금,화
OHE-01732,정,庭,U+5EAD,뜰,10,금,목
OHE-01733,정,釘,U+91D8,못,10,금,금
OHE-01734,정,停,U+505C,머무를,11,금,화
OHE-01735,정,挺,U+633A,뽑을,11,금,목
OHE-01736,정,偵,U+5075,염탐할,11,금,화
OHE-01737,정,頂,U+9802,정수리,11,금,화
OHE-01738,정,幀,U+5E40,그림족자,12,금,목
OHE-01739,정,情,U+60C5,뜻,12,금,화
OHE-01740,정,淨,U+6DE8,맑을,11,금,수
OHE-01741,정,程,U+7A0B,법,12,금,목
OHE-01742,정,晶,U+6676,수정,12,금,화
OHE-01743,정,珽,U+73FD,옥홀,12,금,금
OHE-01744,정,晸,U+6678,해뜰,12,금,화
OHE-01745,정,湞,U+6E5E,강이름,13,금,수
OHE-01746,정,楨,U+6968,광나무,13,금,목
OHE-01747,정,綎,U+7D8E,띠술,13,금,목
OHE-01748,정,鼎,U+9F0E,솥,13,금,화
OHE-01749,정,鉦,U+9266,징,13,금,금
OHE-01750,정,靖,U+9756,편안할,13,금,목
OHE-01751,정,禎,U+798E,상서,14,금,목
OHE-01752,정,精,U+7CBE,진실,14,금,목
OHE-01753,정,鋌,U+92CC,쇳덩이,15,금,금
OHE-01754,정,整,U+6574,가지런할,16,금,금
OHE-01755,정,靜,U+975C,고요할,16,금,목
OHE-01756,정,鄭,U+912D,나라이름,19,금,토
OHE-01757,제,弟,U+5F1F,아우,7,금,수
OHE-01758,제,制,U+5236,억제할,8,금,금
OHE-01759,제,帝,U+5E1D,임금,9,금,목
OHE-01760,제,悌,U+608C,공경할,11,금,화
OHE-01761,제,梯,U+68AF,사다리,11,금,목
OHE-01762,제,祭,U+796D,제사,11,금,토
OHE-01763,제,第,U+7B2C,차례,11,금,목
OHE-01764,제,堤,U+5824,방죽,12,금,토
OHE-01765,제,齊,U+9F4A,가지런할,14,금,토
OHE-01766,제,製,U+88FD,지을,14,금,목
OHE-01767,제,除,U+9664,덜,15,금,토
OHE-01768,제,諸,U+8AF8,모든,16,금,금
OHE-01769,제,濟,U+6FDF,건널,18,금,수
OHE-01770,제,題,U+984C,제목,18,금,화
OHE-01771,제,際,U+969B,사이,19,금,토
OHE-01772,조,早,U+65E9,이를,6,금,화
OHE-01773,조,兆,U+5146,조짐,6,금,화
OHE-01774,조,助,U+52A9,도울,7,금,토
OHE-01775,조,租,U+79DF,구실(세금),10,금,목
OHE-01776,조,祚,U+795A,복,10,금,금
OHE-01777,조,晁,U+6641,아침,10,금,화
OHE-01778,조,祖,U+7956,조상,10,금,금
OHE-01779,조,條,U+689D,가지,11,금,목
OHE-01780,조,釣,U+91E3,낚시,11,금,금
OHE-01781,조,曹,U+66F9,무리,11,금,토
OHE-01782,조,眺,U+773A,바라볼,11,금,목
OHE-01783,조,鳥,U+9CE5,새,11,금,화
OHE-01784,조,彫,U+5F6B,새길,11,금,화
OHE-01785,조,窕,U+7A95,안존할,11,금,수
OHE-01786,조,組,U+7D44,짤,11,금,목
OHE-01787,조,詔,U+8A54,고할,12,금,금
OHE-01788,조,措,U+63AA,둘,12,금,목
OHE-01789,조,朝,U+671D,아침,12,금,수
OHE-01790,조,照,U+7167,비출,13,금,화
OHE-01791,조,肇,U+8087,시작할,14,금,화
OHE-01792,조,趙,U+8D99,조나라,14,금,화
OHE-01793,조,造,U+9020,지을,14,금,토
OHE-01794,조,調,U+8ABF,고를(균형),15,금,금
OHE-01795,조,潮,U+6F6E,밀물,16,금,수
OHE-01796,조,燥,U+71E5,말릴,17,금,화
OHE-01797,조,操,U+64CD,잡을,17,금,목
OHE-01798,조,遭,U+906D,만날,18,금,토
OHE-01799,족,足,U+8DB3,발,7,금,토
OHE-01800,족,族,U+65CF,겨레,11,금,목
OHE-01801,존,存,U+5B58,있을,6,금,수
OHE-01802,존,尊,U+5C0A,높을,12,금,목
OHE-01803,졸,卒,U+5352,군사,8,금,금
OHE-01804,종,宗,U+5B97,미루(근본),8,금,목
OHE-01805,종,倧,U+5027,신인,10,금,화
OHE-01806,종,終,U+7D42,마칠,11,금,목
OHE-01807,종,淙,U+6DD9,물소리,12,금,수
OHE-01808,종,棕,U+68D5,종려나무,12,금,목
OHE-01809,종,悰,U+60B0,즐거울,12,금,화
OHE-01810,종,琮,U+742E,서옥이름,13,금,금
OHE-01811,종,綜,U+7D9C,모을,14,금,목
OHE-01812,종,種,U+7A2E,심을,14,금,목
OHE-01813,종,縱,U+7E31,세로,17,금,목
OHE-01814,종,鍾,U+937E,술병,17,금,금
OHE-01815,종,鐘,U+9418,종(쇠북),20,금,금
OHE-01816,좌,左,U+5DE6,왼,5,금,화
OHE-01817,좌,佐,U+4F50,도울,7,금,화
OHE-01818,좌,坐,U+5750,앉을,7,금,토
OHE-01819,좌,座,U+5EA7,자리,10,금,목
OHE-01820,주,主,U+4E3B,임금,5,금,목
OHE-01821,주,州,U+5DDE,고을,6,금,수
OHE-01822,주,舟,U+821F,배,6,금,목
OHE-01823,주,朱,U+6731,붉을,6,금,목
OHE-01824,주,走,U+8D70,달릴,7,금,화
OHE-01825,주,住,U+4F4F,살,7,금,화
OHE-01826,주,周,U+5468,두루,8,금,수
OHE-01827,주,宙,U+5B99,하늘,8,금,목
OHE-01828,주,柱,U+67F1,기둥,9,금,목
OHE-01829,주,注,U+6CE8,물댈,9,금,수
OHE-01830,주,炷,U+70B7,심지,9,금,화
OHE-01831,주,奏,U+594F,아뢸,9,금,목
OHE-01832,주,姝,U+59DD,예쁠,9,금,토
OHE-01833,주,株,U+682A,뿌리,10,금,목
OHE-01834,주,珠,U+73E0,구슬,11,금,금
OHE-01835,주,晝,U+665D,낮,11,금,화
OHE-01836,주,胄,U+80C4,자손,11,금,수
OHE-01837,주,註,U+8A3B,주낼,12,금,금
OHE-01838,주,湊,U+6E4A,물모일,13,금,수
OHE-01839,주,週,U+9031,돌(회전할),15,금,토
OHE-01840,주,駐,U+99D0,머무를,15,금,화
OHE-01841,주,澍,U+6F8D,물쏟을,16,금,수
OHE-01842,주,疇,U+7587,밭두둑,19,금,토
OHE-01843,주,鑄,U+9444,쇠부어만들,22,금,금
OHE-01844,죽,竹,U+7AF9,대,6,금,목
OHE-01845,준,俊,U+4FCA,준걸,9,금,화
OHE-01846,준,峻,U+5CFB,높을,10,금,토
OHE-01847,준,埈,U+57C8,높을,10,금,토
OHE-01848,준,准,U+51C6,승인할,10,금,수
OHE-01849,준,浚,U+6D5A,깊을,11,금,수
OHE-01850,준,晙,U+6659,밝을,11,금,화
OHE-01851,준,焌,U+710C,태울,11,금,화
OHE-01852,준,畯,U+756F,농부,12,금,토
OHE-01853,준,竣,U+7AE3,마칠,12,금,토
OHE-01854,준,寯,U+5BEF,뛰어날,13,금,화
OHE-01855,준,準,U+6E96,법도,14,금,수
OHE-01856,준,儁,U+5101,준걸,15,금,화
OHE-01857,준,駿,U+99FF,준마,17,금,화
OHE-01858,준,濬,U+6FEC,깊을,18,금,수
OHE-01859,준,遵,U+9075,좇을,19,금,토
OHE-01860,줄,茁,U+8301,풀처음나는모양,11,금,목
OHE-01861,중,中,U+4E2D,가운데,4,금,토
OHE-01862,중,仲,U+4EF2,버금,6,금,화
OHE-01863,중,重,U+91CD,무거울,9,금,토
OHE-01864,중,衆,U+8846,무리,12,금,수
OHE-01865,즐,櫛,U+6ADB,빗줄,19,금,목
OHE-01866,즙,汁,U+6C41,진액,6,금,수
OHE-01867,증,烝,U+70DD,찔,10,금,화
OHE-01868,증,曾,U+66FE,일찍,12,금,화
OHE-01869,증,增,U+589E,더할,15,금,토
OHE-01870,증,蒸,U+84B8,찔,16,금,목
OHE-01871,증,贈,U+8D08,보낼,19,금,금
OHE-01872,증,證,U+8B49,증거,19,금,금
OHE-01873,지,之,U+4E4B,갈,4,금,토
OHE-01874,지,止,U+6B62,그칠,4,금,토
OHE-01875,지,支,U+652F,지탱할,4,금,토
OHE-01876,지,只,U+53EA,다만,5,금,수
OHE-01877,지,地,U+5730,땅,6,금,토
OHE-01878,지,旨,U+65E8,뜻,6,금,화
OHE-01879,지,至,U+81F3,이를,6,금,토
OHE-01880,지,志,U+5FD7,뜻,7,금,화
OHE-01881,지,池,U+6C60,못,7,금,수
OHE-01882,지,址,U+5740,터,7,금,토
OHE-01883,지,枝,U+679D,가지,8,금,목
OHE-01884,지,沚,U+6C9A,물가,8,금,수
OHE-01885,지,知,U+77E5,알,8,금,금
OHE-01886,지,祉,U+7949,복,9,금,목
OHE-01887,지,持,U+6301,가질,10,금,목
OHE-01888,지,祗,U+7957,공경할,10,금,금
OHE-01889,지,指,U+6307,손가락,10,금,목
OHE-01890,지,紙,U+7D19,종이,10,금,목
OHE-01891,지,芝,U+829D,지초,10,금,목
OHE-01892,지,趾,U+8DBE,발,11,금,토
OHE-01893,지,智,U+667A,글기,12,금,화
OHE-01894,지,誌,U+8A8C,기록할,14,금,금
OHE-01895,지,摯,U+646F,지극할,15,금,목
OHE-01896,지,遲,U+9072,더딜,19,금,토
OHE-01897,직,直,U+76F4,곧을,8,금,목
OHE-01898,직,稙,U+7A19,일찍심은벼,13,금,목
OHE-01899,직,稷,U+7A37,기장,15,금,목
OHE-01900,직,職,U+8077,직분,18,금,화
OHE-01901,직,織,U+7E54,짤,18,금,목
OHE-01902,진,辰,U+8FB0,별,7,금,토
OHE-01903,진,津,U+6D25,나루,10,금,수
OHE-01904,진,珍,U+73CD,보배,10,금,금
OHE-01905,진,晉,U+6649,진자라,10,금,화
OHE-01906,진,秦,U+79E6,진나라,10,금,목
OHE-01907,진,眞,U+771E,참,10,금,목
OHE-01908,진,振,U+632F,떨칠,11,금,목
OHE-01909,진,診,U+8A3A,볼,12,금,금
OHE-01910,진,軫,U+8EEB,수레,12,금,화
OHE-01911,진,賑,U+8CD1,구휼할 넉넉할,14,금,금
OHE-01912,진,盡,U+76E1,다할,14,금,금
OHE-01913,진,溱,U+6EB1,성할,14,금,수
OHE-01914,진,塵,U+5875,티끌,14,금,토
OHE-01915,진,進,U+9032,나아갈,15,금,토
OHE-01916,진,瑨,U+7468,옥돌,15,금,금
OHE-01917,진,震,U+9707,진동할,15,금,수
OHE-01918,진,陣,U+9663,진칠,15,금,토
OHE-01919,진,縝,U+7E1D,맺을,16,금,목
OHE-01920,진,陳,U+9673,베풀,16,금,토
OHE-01921,진,璡,U+74A1,옥돌,17,금,금
OHE-01922,진,鎭,U+93AD,진압할,18,금,금
OHE-01923,질,秩,U+79E9,차례,10,금,목
OHE-01924,질,質,U+8CEA,바탕,15,금,금
OHE-01925,집,什,U+F9FD,세간,4,금,화
OHE-01926,집,執,U+57F7,잡을,11,금,토
OHE-01927,집,集,U+96C6,모일,12,금,화
OHE-01928,집,輯,U+8F2F,모을,16,금,화
OHE-01929,집,潗,U+6F57,샘솟을,16,금,수
OHE-01930,집,鏶,U+93F6,쇳조각,20,금,금
OHE-01931,징,徵,U+5FB5,부를,15,금,화
OHE-01932,징,澄,U+6F84,맑을,16,금,수
OHE-01933,차,且,U+4E14,또,5,금,목
OHE-01934,차,次,U+6B21,버금,6,금,수
OHE-01935,차,此,U+6B64,이,6,금,토
OHE-01936,차,車,U+8ECA,수레,7,금,화
OHE-01937,차,借,U+501F,빌,10,금,화
OHE-01938,찬,粲,U+7CB2,선명할,13,금,목
OHE-01939,찬,撰,U+64B0,글지울,16,금,목
OHE-01940,찬,澯,U+6FAF,맑을,17,금,수
OHE-01941,찬,燦,U+71E6,빛날,17,금,화
OHE-01942,찬,璨,U+74A8,옥광채,18,금,금
OHE-01943,찬,贊,U+8D0A,도울,19,금,금
OHE-01944,찬,纂,U+7E82,모을,20,금,목
OHE-01945,찬,瓚,U+74DA,제기,24,금,금
OHE-01946,찬,纘,U+7E98,이을,25,금,목
OHE-01947,찬,讚,U+8B9A,기릴,26,금,금
OHE-01948,찬,鑽,U+947D,뚫을,27,금,금
OHE-01949,찰,札,U+672D,편지,5,금,목
OHE-01950,찰,察,U+5BDF,살필,14,금,목
OHE-01951,참,參,U+53C3,참여할,11,금,화
OHE-01952,창,昌,U+660C,창성할,8,금,화
OHE-01953,창,昶,U+6636,밝을,9,금,화
OHE-01954,창,倉,U+5009,곳집(창고),10,금,화
OHE-01955,창,唱,U+5531,노래,11,금,수
OHE-01956,창,窓,U+7A93,창,11,금,수
OHE-01957,창,敞,U+655E,드러날,12,금,금
OHE-01958,창,創,U+5275,비롯할,12,금,금
OHE-01959,창,彰,U+5F70,밝을,14,금,화
OHE-01960,창,滄,U+6EC4,싸늘할,14,금,수
OHE-01961,창,菖,U+83D6,창포,14,금,목
OHE-01962,창,暢,U+66A2,화창할,14,금,화
OHE-01963,창,蒼,U+84BC,푸를,16,금,목
OHE-01964,채,采,U+91C7,캘,8,금,목
OHE-01965,채,寀,U+5BC0,녹봉,11,금,목
OHE-01966,채,埰,U+57F0,영지,11,금,토
OHE-01967,채,彩,U+5F69,채색,11,금,화
OHE-01968,채,採,U+63A1,캘,12,금,목
OHE-01969,채,菜,U+83DC,나물,14,금,목
OHE-01970,채,綵,U+7DB5,비단,14,금,목
OHE-01971,채,蔡,U+8521,거북,17,금,목
OHE-01972,책,冊,U+518A,책,5,금,목
OHE-01973,책,策,U+7B56,꾀,12,금,목
OHE-01974,처,處,U+8655,곳,11,금,토
OHE-01975,척,尺,U+5C3A,자,4,금,목
OHE-01976,척,拓,U+62D3,열,9,금,목
OHE-01977,척,戚,U+621A,겨래,11,금,금
OHE-01978,척,陟,U+965F,오를,15,금,토
OHE-01979,천,川,U+5DDD,내,3,금,수
OHE-01980,천,千,U+5343,일,3,금,수
OHE-01981,천,天,U+5929,하늘,4,금,화
OHE-01982,천,仟,U+4EDF,일,5,금,화
OHE-01983,천,泉,U+6CC9,샘,9,금,수
OHE-01984,천,阡,U+9621,두렁 길,11,금,토
OHE-01985,천,踐,U+8E10,밟을,15,금,토
OHE-01986,천,遷,U+9077,옮길,19,금,토
OHE-01987,천,薦,U+85A6,천거할,19,금,목
OHE-01988,철,哲,U+54F2,밝을,10,금,수
OHE-01989,철,喆,U+5586,밝을,12,금,수
OHE-01990,철,綴,U+7DB4,꿰맬,14,금,목
OHE-01991,철,徹,U+5FB9,통할청,15,금,화
OHE-01992,철,撤,U+64A4,거둘,16,금,목
OHE-01993,철,澈,U+6F88,물맑을,16,금,수
OHE-01994,철,轍,U+8F4D,수레바퀴자국,19,금,화
OHE-01995,철,鐵,U+9435,쇠,21,금,금
OHE-01996,첨,尖,U+5C16,뾰족할,6,금,금
OHE-01997,첨,添,U+6DFB,더할,12,금,수
OHE-01998,첨,僉,U+50C9,다,13,금,화
OHE-01999,첨,瞻,U+77BB,우러러볼,18,금,목
OHE-02000,첩,捷,U+6377,이길,12,금,목
OHE-02001,청,靑,U+9751,푸를,8,금,목
OHE-02002,청,晴,U+6674,갤,12,금,화
OHE-02003,청,淸,U+6DF8,맑을,12,금,수
OHE-02004,청,請,U+8ACB,청할,15,금,금
OHE-02005,청,聽,U+807D,들을,22,금,화
OHE-02006,청,廳,U+5EF3,관청,25,금,목
OHE-02007,체,締,U+7DE0,맺을 연결할,15,금,목
OHE-02008,체,諦,U+8AE6,살필,16,금,금
OHE-02009,체,遞,U+905E,갈마들 번갈아들,17,금,토
OHE-02010,체,體,U+9AD4,몸,23,금,금
OHE-02011,초,初,U+521D,처음,7,금,금
OHE-02012,초,肖,U+8096,닮을,9,금,수
OHE-02013,초,招,U+62DB,부를,9,금,목
OHE-02014,초,超,U+8D85,뛰어넘을,12,금,화
OHE-02015,초,草,U+8349,풀,12,금,목
OHE-02016,초,楚,U+695A,초나라,13,금,목
OHE-02017,초,樵,U+6A35,떌나무,16,금,목
OHE-02018,초,礎,U+790E,주춧돌,18,금,금
OHE-02019,초,蕉,U+8549,파초,18,금,목
OHE-02020,촉,觸,U+89F8,닿을,20,금,목
OHE-02021,촌,寸,U+5BF8,마디,3,금,토
OHE-02022,촌,村,U+6751,마을,7,금,목
OHE-02023,총,總,U+7E3D,거느릴,17,금,목
OHE-02024,총,聰,U+8070,귀밝을,17,금,화
OHE-02025,총,叢,U+53E2,모을,18,금,수
OHE-02026,총,寵,U+5BF5,사랑할,19,금,목
OHE-02027,최,崔,U+5D14,높을,11,금,토
OHE-02028,최,最,U+6700,가장,12,금,수
OHE-02029,최,催,U+50AC,재촉할,13,금,화
OHE-02030,추,秋,U+79CB,가을,9,금,목
OHE-02031,추,抽,U+62BD,뺼,9,금,목
OHE-02032,추,推,U+63A8,헤아릴,12,금,목
OHE-02033,추,楸,U+6978,가래나무,13,금,목
OHE-02034,추,追,U+8FFD,따를,13,금,토
OHE-02035,추,樞,U+6A1E,지도리,15,금,목
OHE-02036,추,錐,U+9310,송곳,16,금,금
OHE-02037,추,錘,U+9318,저울추,16,금,금
OHE-02038,추,鄒,U+9112,나라이름,17,금,토
OHE-02039,축,丑,U+4E11,소,4,금,토
OHE-02040,축,畜,U+755C,기를,10,금,토
OHE-02041,축,祝,U+795D,축하할,10,금,금
OHE-02042,축,軸,U+8EF8,굴대,12,금,화
OHE-02043,축,蓄,U+84C4,쌓을,16,금,목
OHE-02044,축,築,U+7BC9,쌓을,16,금,목
OHE-02045,춘,春,U+6625,봄,9,금,화
OHE-02046,춘,椿,U+693F,참죽나무,13,금,목
OHE-02047,춘,瑃,U+7443,옥이름,14,금,금
OHE-02048,출,出,U+51FA,날,5,금,토
OHE-02049,충,充,U+5145,가득할,6,금,목
OHE-02050,충,忠,U+5FE0,충성,8,금,화
OHE-02051,충,衷,U+8877,정성,10,금,목
OHE-02052,충,衝,U+885D,찌를,15,금,화
OHE-02053,취,吹,U+5439,불,7,금,수
OHE-02054,취,取,U+53D6,취할,8,금,수
OHE-02055,취,就,U+5C31,나아갈,12,금,토
OHE-02056,취,聚,U+805A,모일,14,금,화
OHE-02057,취,翠,U+7FE0,비취색,14,금,화
OHE-02058,취,趣,U+8DA3,땃,15,금,화
OHE-02059,측,側,U+5074,곁,11,금,화
OHE-02060,측,測,U+6E2C,잴,13,금,수
OHE-02061,치,治,U+6CBB,다스릴,9,금,수
OHE-02062,치,峙,U+5CD9,우뚝할,9,금,토
OHE-02063,치,致,U+81F4,이룰,9,금,토
OHE-02064,치,値,U+5024,값,10,금,화
OHE-02065,치,雉,U+96C9,꿩,13,금,화
OHE-02066,치,馳,U+99B3,달릴,13,금,화
OHE-02067,치,稚,U+7A1A,어릴,13,금,목
OHE-02068,치,置,U+7F6E,둘,14,금,목
OHE-02069,치,熾,U+71BE,불활활탈,16,금,화
OHE-02070,칙,則,U+5247,법,9,금,금
OHE-02071,칙,勅,U+52C5,조서,9,금,토
OHE-02072,친,親,U+89AA,친할,16,금,화
OHE-02073,칠,七,U+4E03,일곱,7,금,금
OHE-02074,칠,漆,U+6F06,옻칠할,15,금,수
OHE-02075,침,沈,U+6C88,잠길,8,금,수
OHE-02076,침,針,U+91DD,바늘,10,금,금
OHE-02077,침,浸,U+6D78,담글,11,금,수
OHE-02078,침,琛,U+741B,보배,13,금,금
OHE-02079,칭,秤,U+79E4,저울,10,금,목
OHE-02080,칭,稱,U+7A31,일컬을,14,금,목
OHE-02081,쾌,夬,U+592C,쾌이름,4,목,목
OHE-02082,쾌,快,U+5FEB,시원할,8,목,화
OHE-02083,타,他,U+4ED6,다를,5,화,화
OHE-02084,타,打,U+6253,칠,6,화,목
OHE-02085,타,妥,U+59A5,평온할,7,화,토
OHE-02086,탁,托,U+6258,받칠,7,화,목
OHE-02087,탁,卓,U+5353,높을,8,화,목
OHE-02088,탁,拓,U+FA02,박을,9,화,목
OHE-02089,탁,度,U+FA01,헤아릴,9,화,목
OHE-02090,탁,託,U+8A17,부탁할,10,화,금
OHE-02091,탁,倬,U+502C,클,10,화,화
OHE-02092,탁,晫,U+666B,환할,12,화,화
OHE-02093,탁,琸,U+7438,사람이름,13,화,금
OHE-02094,탁,琢,U+7422,옥다듬을,13,화,금
OHE-02095,탁,擢,U+64E2,뽑아낼,18,화,목
OHE-02096,탁,濯,U+6FEF,씻을,18,화,수
OHE-02097,탁,鐸,U+9438,방울,21,화,금
OHE-02098,탄,呑,U+5451,삼킬,7,화,수
OHE-02099,탄,坦,U+5766,평탄할,8,화,토
OHE-02100,탄,炭,U+70AD,숯,9,화,화
OHE-02101,탄,誕,U+8A95,태어날,14,화,금
OHE-02102,탄,彈,U+5F48,탄알,15,화,금
OHE-02103,탄,灘,U+7058,여울,23,화,수
OHE-02104,탐,耽,U+803D,즐길,10,화,화
OHE-02105,탐,探,U+63A2,찾을,12,화,목
OHE-02106,탑,塔,U+5854,탑,13,화,토
OHE-02107,태,太,U+592A,클,4,화,목
OHE-02108,태,台,U+53F0,별이름,5,화,수
OHE-02109,태,兌,U+514C,바꿀,7,화,금
OHE-02110,태,泰,U+6CF0,클,9,화,수
OHE-02111,태,胎,U+80CE,아이벨,11,화,수
OHE-02112,태,邰,U+90B0,나라이름,12,화,토
OHE-02113,태,態,U+614B,태도,14,화,화
OHE-02114,택,宅,U+FA04,집,6,화,목
OHE-02115,택,擇,U+64C7,가릴,17,화,목
OHE-02116,택,澤,U+6FA4,못,17,화,수
OHE-02117,토,土,U+571F,흙,3,화,토
OHE-02118,토,兎,U+514E,토끼,8,화,목
OHE-02119,토,討,U+8A0E,칠,10,화,금
OHE-02120,통,桶,U+6876,통,11,화,목
OHE-02121,통,統,U+7D71,거느릴,12,화,목
OHE-02122,통,通,U+901A,통할,14,화,토
OHE-02123,퇴,堆,U+5806,언덕,11,화,토
OHE-02124,투,投,U+6295,던질,8,화,목
OHE-02125,투,透,U+900F,통할,14,화,토
OHE-02126,특,特,U+7279,특별할,10,화,토
OHE-02127,파,巴,U+5DF4,땅이름,4,수,토
OHE-02128,파,坡,U+5761,고개,8,수,토
OHE-02129,파,杷,U+6777,비파나무,8,수,목
OHE-02130,파,把,U+628A,잡을,8,수,목
OHE-02131,파,波,U+6CE2,물결,9,수,수
OHE-02132,파,芭,U+82AD,파초,10,수,목
OHE-02133,파,琶,U+7436,비파,13,수,금
OHE-02134,파,播,U+64AD,씨뿌릴,16,수,목
OHE-02135,판,坂,U+5742,비탈,7,수,토
OHE-02136,판,判,U+5224,판단할,7,수,금
OHE-02137,판,版,U+7248,널,8,수,목
OHE-02138,판,板,U+677F,널빤지,8,수,목
OHE-02139,판,販,U+8CA9,팔,11,수,금
OHE-02140,판,阪,U+962A,비탈,12,수,토
OHE-02141,팔,八,U+516B,여덟,8,수,금
OHE-02142,패,貝,U+8C9D,조개,7,수,금
OHE-02143,패,佩,U+4F69,찰,8,수,화
OHE-02144,패,覇,U+8987,으뜸,19,수,금
OHE-02145,팽,彭,U+5F6D,성,12,수,화
OHE-02146,팽,澎,U+6F8E,물소리,16,수,수
OHE-02147,편,片,U+7247,조각,4,수,목
OHE-02148,편,扁,U+6241,액자,9,수,목
OHE-02149,편,便,U+4FBF,편할,9,수,화
OHE-02150,편,編,U+7DE8,엮을,15,수,목
OHE-02151,편,篇,U+7BC7,책,15,수,목
OHE-02152,편,遍,U+904D,두루,16,수,토
OHE-02153,평,平,U+5E73,평평할,5,수,목
OHE-02154,평,坪,U+576A,땅평평할,8,수,토
OHE-02155,평,枰,U+67B0,바둑판,9,수,목
OHE-02156,평,評,U+8A55,평론할,12,수,금
OHE-02157,폐,陛,U+965B,섬돌,15,수,토
OHE-02158,폐,幣,U+5E63,예물,15,수,목
OHE-02159,포,包,U+5305,감쌀,5,수,금
OHE-02160,포,布,U+5E03,베,5,수,목
OHE-02161,포,抱,U+62B1,안을,9,수,목
OHE-02162,포,砲,U+7832,대포,10,수,금
OHE-02163,포,浦,U+6D66,물가,11,수,수
OHE-02164,포,捕,U+6355,잡을,11,수,목
OHE-02165,포,飽,U+98FD,배부를,14,수,수
OHE-02166,포,褒,U+8912,기릴,15,수,목
OHE-02167,포,鋪,U+92EA,펼,15,수,금
OHE-02168,포,葡,U+8461,포도,15,수,목
OHE-02169,폭,幅,U+5E45,폭,12,수,목
OHE-02170,표,杓,U+6753,자루,7,수,목
OHE-02171,표,表,U+8868,겉,9,수,목
OHE-02172,표,豹,U+8C79,펴범,10,수,수
OHE-02173,표,彪,U+5F6A,범,11,수,화
OHE-02174,표,票,U+7968,쪽지,11,수,화
OHE-02175,표,漂,U+6F02,뜰,15,수,수
OHE-02176,표,標,U+6A19,표시,15,수,목
OHE-02177,표,驃,U+9A43,날래고용감할,21,수,화
OHE-02178,품,品,U+54C1,물건,9,수,수
OHE-02179,품,稟,U+7A1F,여쭐,13,수,목
OHE-02180,풍,風,U+98A8,바람,9,수,목
OHE-02181,풍,楓,U+6953,단풍나무,13,수,목
OHE-02182,풍,豐,U+8C50,성할,18,수,목
OHE-02183,필,匹,U+5339,짝,4,수,수
OHE-02184,필,必,U+5FC5,반드시,5,수,화
OHE-02185,필,泌,U+6CCC,물결부딪칠,9,수,수
OHE-02186,필,珌,U+73CC,칼장식옥,10,수,금
OHE-02187,필,畢,U+7562,마칠,11,수,토
OHE-02188,필,苾,U+82FE,향기,11,수,목
OHE-02189,필,弼,U+5F3C,도울,12,수,금
OHE-02190,필,筆,U+7B46,붓,12,수,목
OHE-02191,필,馝,U+999D,향기로울,14,수,목
OHE-02192,하,下,U+4E0B,아래,3,토,수
OHE-02193,하,河,U+6CB3,강,9,토,수
OHE-02194,하,昰,U+6630,여름,9,토,화
OHE-02195,하,夏,U+590F,여름,10,토,화
OHE-02196,하,賀,U+8CC0,하례할,12,토,금
OHE-02197,하,廈,U+5EC8,큰집,13,토,목
OHE-02198,하,霞,U+971E,놀,17,토,수
OHE-02199,학,學,U+5B78,배울,16,토,수
OHE-02200,학,鶴,U+9DB4,학,21,토,화
OHE-02201,한,汗,U+6C57,땀,7,토,수
OHE-02202,한,寒,U+5BD2,찰,12,토,수
OHE-02203,한,閑,U+9591,한가할,12,토,수
OHE-02204,한,漢,U+6F22,한수,15,토,수
OHE-02205,한,翰,U+7FF0,날개,16,토,화
OHE-02206,한,韓,U+97D3,나라이름,17,토,금
OHE-02207,한,瀚,U+701A,넓고클,20,토,수
OHE-02208,할,轄,U+8F44,다스릴,17,토,화
OHE-02209,함,含,U+542B,머금을,7,토,수
OHE-02210,함,函,U+51FD,함,8,토,목
OHE-02211,함,咸,U+54B8,다,9,토,수
OHE-02212,함,涵,U+6DB5,젖을,12,토,수
OHE-02213,합,合,U+5408,합할,6,토,수
OHE-02214,항,亢,U+4EA2,목,4,토,수
OHE-02215,항,抗,U+6297,막을,8,토,목
OHE-02216,항,沆,U+6C86,물넓을할,8,토,수
OHE-02217,항,巷,U+5DF7,거리,9,토,토
OHE-02218,항,姮,U+59EE,항아,9,토,토
OHE-02219,항,恒,U+6052,항상,10,토,화
OHE-02220,항,項,U+9805,목 목덜미,12,토,화
OHE-02221,항,港,U+6E2F,항구,13,토,수
OHE-02222,해,亥,U+4EA5,돼지,6,토,수
OHE-02223,해,海,U+6D77,바다,11,토,수
OHE-02224,해,偕,U+5055,함께,11,토,화
OHE-02225,해,該,U+8A72,그,13,토,금
OHE-02226,해,楷,U+6977,본보기,13,토,목
OHE-02227,해,解,U+89E3,풀,13,토,목
OHE-02228,해,諧,U+8AE7,화할,16,토,금
OHE-02229,핵,核,U+6838,씨,10,토,목
OHE-02230,행,行,U+884C,다닐,6,토,화
OHE-02231,행,杏,U+674F,살구,7,토,목
OHE-02232,행,幸,U+5E78,다행,8,토,목
OHE-02233,향,向,U+5411,향할,6,토,수
OHE-02234,향,享,U+4EAB,누릴,8,토,토
OHE-02235,향,香,U+9999,향기,9,토,목
OHE-02236,향,珦,U+73E6,옥이름,11,토,금
OHE-02237,향,鄕,U+9115,시골,17,토,토
OHE-02238,향,響,U+97FF,울릴,22,토,금
OHE-02239,허,許,U+8A31,허락할,11,토,금
OHE-02240,헌,軒,U+8ED2,집,10,토,화
OHE-02241,헌,憲,U+61B2,법,16,토,화
OHE-02242,헌,獻,U+737B,드릴,20,토,토
OHE-02243,험,險,U+96AA,험할,21,토,토
OHE-02244,험,驗,U+9A57,증험할,23,토,화
OHE-02245,혁,革,U+9769,가죽,9,토,금
OHE-02246,혁,弈,U+5F08,클,9,토,목
OHE-02247,혁,赫,U+8D6B,붉을,14,토,화
OHE-02248,혁,爀,U+7200,빛날,18,토,화
OHE-02249,현,玄,U+7384,검을,5,토,화
OHE-02250,현,見,U+FA0A,나타날,7,토,화
OHE-02251,현,弦,U+5F26,활시위,8,토,목
OHE-02252,현,泫,U+6CEB,물깊고넓을,9,토,수
OHE-02253,현,炫,U+70AB,빛날,9,토,화
OHE-02254,현,玹,U+73B9,옥돌,10,토,금
OHE-02255,현,峴,U+5CF4,재 고개,10,토,토
OHE-02256,현,絃,U+7D43,악기줄,11,토,목
OHE-02257,현,晛,U+665B,햇살,11,토,화
OHE-02258,현,現,U+73FE,나타날,12,토,금
OHE-02259,현,絢,U+7D62,무늬,12,토,목
OHE-02260,현,鉉,U+9249,솥귀,13,토,금
OHE-02261,현,賢,U+8CE2,어질,15,토,금
OHE-02262,현,縣,U+7E23,매달,20,토,화
OHE-02263,현,顯,U+986F,나타날,23,토,화
OHE-02264,협,俠,U+4FE0,호협할,9,토,화
OHE-02265,협,峽,U+5CFD,골짜기,10,토,토
OHE-02266,협,挾,U+633E,낄,11,토,목
OHE-02267,협,浹,U+6D79,젖을,11,토,수
OHE-02268,형,兄,U+5144,맏,5,토,목
OHE-02269,형,形,U+5F62,형상,7,토,화
OHE-02270,형,亨,U+4EA8,형통할,7,토,토
OHE-02271,형,型,U+578B,본보기,9,토,토
OHE-02272,형,炯,U+70AF,빛날,9,토,화
OHE-02273,형,泂,U+6CC2,찰,9,토,수
OHE-02274,형,邢,U+90A2,나라이름,11,토,토
OHE-02275,형,珩,U+73E9,노리개,11,토,금
OHE-02276,형,熒,U+7192,등불,14,토,화
OHE-02277,형,瑩,U+7469,의혹할,15,토,금
OHE-02278,형,衡,U+8861,저울,16,토,화
OHE-02279,형,瀅,U+7005,물맑을,19,토,수
OHE-02280,형,馨,U+99A8,향기로울,20,토,목
OHE-02281,혜,彗,U+5F57,별이름,11,토,화
OHE-02282,혜,惠,U+60E0,은혜,12,토,화
OHE-02283,혜,慧,U+6167,슬기,15,토,화
OHE-02284,혜,蕙,U+8559,아름다울,18,토,목
OHE-02285,호,互,U+4E92,서로,4,토,수
OHE-02286,호,戶,U+6236,집,4,토,목
OHE-02287,호,好,U+597D,좋을,6,토,토
OHE-02288,호,虎,U+864E,범,8,토,목
OHE-02289,호,昊,U+660A,하늘,8,토,화
OHE-02290,호,祜,U+795C,복,10,토,금
OHE-02291,호,毫,U+6BEB,나는털,11,토,화
OHE-02292,호,浩,U+6D69,넓을,11,토,수
OHE-02293,호,扈,U+6248,뒤따를,11,토,목
OHE-02294,호,晧,U+6667,밝을,11,토,화
OHE-02295,호,淏,U+6DCF,맑을,12,토,수
OHE-02296,호,皓,U+7693,흴,12,토,금
OHE-02297,호,琥,U+7425,호박,13,토,금
OHE-02298,호,湖,U+6E56,호수,13,토,수
OHE-02299,호,瑚,U+745A,산호,14,토,금
OHE-02300,호,豪,U+8C6A,호걸,14,토,수
OHE-02301,호,滸,U+6EF8,물가,15,토,수
OHE-02302,호,澔,U+6F94,넓을,16,토,수
OHE-02303,호,壕,U+58D5,해자,17,토,토
OHE-02304,호,濠,U+6FE0,해자,18,토,수
OHE-02305,호,鎬,U+93AC,호경,18,토,금
OHE-02306,호,護,U+8B77,보호할,21,토,금
OHE-02307,호,顥,U+9865,클,21,토,화
OHE-02308,호,頀,U+9800,구할,23,토,금
OHE-02309,호,灝,U+705D,넓을,25,토,수
OHE-02310,혼,婚,U+5A5A,혼인할,11,토,토
OHE-02311,홍,弘,U+5F18,넓을,5,토,화
OHE-02312,홍,虹,U+8679,무지개,9,토,수
OHE-02313,홍,泓,U+6CD3,물깊을,9,토,수
OHE-02314,홍,紅,U+7D05,붉을,9,토,목
OHE-02315,홍,洪,U+6D2A,큰물,10,토,수
OHE-02316,홍,烘,U+70D8,횃불,10,토,화
OHE-02317,홍,鴻,U+9D3B,큰기러기,17,토,화
OHE-02318,화,火,U+706B,불,4,토,화
OHE-02319,화,化,U+5316,화할,4,토,화
OHE-02320,화,禾,U+79BE,벼,5,토,목
OHE-02321,화,和,U+548C,고를,8,토,수
OHE-02322,화,花,U+82B1,꽃,10,토,목
OHE-02323,화,貨,U+8CA8,재화,11,토,금
OHE-02324,화,畵,U+7575,그림,12,토,토
OHE-02325,화,話,U+8A71,말할,13,토,금
OHE-02326,화,華,U+83EF,빛날,14,토,목
OHE-02327,화,嬅,U+5B05,고울,15,토,토
OHE-02328,화,樺,U+6A3A,자작나무,16,토,목
OHE-02329,확,確,U+78BA,확실학,15,토,금
OHE-02330,확,擴,U+64F4,넓힐,19,토,목
OHE-02331,확,穫,U+7A6B,벼벨,19,토,목
OHE-02332,환,丸,U+4E38,둥글,3,토,토
OHE-02333,환,幻,U+5E7B,변할,4,토,화
OHE-02334,환,奐,U+5950,빛날,9,토,목
OHE-02335,환,桓,U+6853,굳셀,10,토,목
OHE-02336,환,晥,U+6665,환할,11,토,화
OHE-02337,환,喚,U+559A,부를,12,토,수
OHE-02338,환,換,U+63DB,바꿀,13,토,목
OHE-02339,환,煥,U+7165,빛날,13,토,화
OHE-02340,환,渙,U+6E19,흩어질,13,토,수
OHE-02341,환,環,U+74B0,고리,18,토,금
OHE-02342,환,還,U+9084,돌아올,20,토,토
OHE-02343,환,歡,U+6B61,기뻐할,22,토,금
OHE-02344,활,活,U+6D3B,살,10,토,수
OHE-02345,활,闊,U+95CA,넓을,17,토,목
OHE-02346,황,皇,U+7687,임금,9,토,금
OHE-02347,황,晃,U+6643,밝을,10,토,화
OHE-02348,황,凰,U+51F0,봉황새,11,토,목
OHE-02349,황,黃,U+9EC3,누를,12,토,토
OHE-02350,황,煌,U+714C,빛날,13,토,화
OHE-02351,황,滉,U+6EC9,물깊고넓을,14,토,수
OHE-02352,황,榥,U+69A5,책상,14,토,목
OHE-02353,황,璜,U+749C,패옥,17,토,금
OHE-02354,회,回,U+56DE,돌아올,6,토,수
OHE-02355,회,廻,U+5EFB,돌,9,토,수
OHE-02356,회,恢,U+6062,클,10,토,화
OHE-02357,회,會,U+6703,모일,13,토,목
OHE-02358,회,檜,U+6A9C,노송나무,17,토,목
OHE-02359,회,繪,U+7E6A,그림,19,토,목
OHE-02360,회,懷,U+61F7,품을,20,토,화
OHE-02361,획,劃,U+5283,그을,14,토,금
OHE-02362,횡,橫,U+6A6B,가로,16,토,목
OHE-02363,효,爻,U+723B,변할,4,토,화
OHE-02364,효,孝,U+5B5D,효도,7,토,수
OHE-02365,효,效,U+6548,본받을,10,토,금
OHE-02366,효,涍,U+6D8D,강이름,11,토,수
OHE-02367,효,曉,U+66C9,새벽,16,토,화
OHE-02368,효,斅,U+6585,가르칠,20,토,금
OHE-02369,효,驍,U+9A4D,날랠,22,토,화
OHE-02370,후,后,U+540E,임금,6,토,수
OHE-02371,후,厚,U+539A,두터울,9,토,토
OHE-02372,후,後,U+5F8C,뒤,9,토,화
OHE-02373,후,侯,U+4FAF,제후,9,토,화
OHE-02374,후,候,U+5019,기후,10,토,화
OHE-02375,후,逅,U+9005,만날,13,토,토
OHE-02376,훈,訓,U+8A13,가르칠,10,토,금
OHE-02377,훈,焄,U+7104,향기,11,토,화
OHE-02378,훈,熏,U+718F,연기낄,14,토,화
OHE-02379,훈,勳,U+52F3,공,16,토,화
OHE-02380,훈,壎,U+58CE,질나팔,17,토,토
OHE-02381,훈,燻,U+71FB,연기낄,18,토,화
OHE-02382,훈,薰,U+85B0,향기,20,토,목
OHE-02383,훤,暄,U+6684,따뜻할,13,토,화
OHE-02384,훤,萱,U+8431,원추리,15,토,목
OHE-02385,휘,彙,U+5F59,무리,13,토,화
OHE-02386,휘,暉,U+6689,빛,13,토,화
OHE-02387,휘,煇,U+7147,빛날,13,토,화
OHE-02388,휘,揮,U+63EE,휘두를,13,토,목
OHE-02389,휘,輝,U+8F1D,빛날,15,토,화
OHE-02390,휘,徽,U+5FBD,아름다울,17,토,화
OHE-02391,휴,休,U+4F11,쉴,6,토,화
OHE-02392,휴,烋,U+70CB,아름다울,10,토,화
OHE-02393,휴,携,U+643A,가질,14,토,목
OHE-02394,흑,黑,U+9ED1,검을,12,토,수
OHE-02395,흔,欣,U+6B23,기뻐할,8,토,화
OHE-02396,흔,昕,U+6615,아침,8,토,화
OHE-02397,흔,炘,U+7098,이글이글,8,토,화
OHE-02398,흘,屹,U+5C79,산우뚝솟을,6,토,토
OHE-02399,흠,欽,U+6B3D,겅경함,12,토,금
OHE-02400,흡,吸,U+5438,마실,7,토,수
OHE-02401,흡,洽,U+6D3D,윤택하세할,10,토,수
OHE-02402,흡,恰,U+6070,흡사할,10,토,화
OHE-02403,흡,翕,U+7FD5,합할,12,토,화
OHE-02404,흥,興,U+8208,일어날훙,15,토,토
OHE-02405,희,希,U+5E0C,바랄,7,토,목
OHE-02406,희,姬,U+59EC,계집,9,토,토
OHE-02407,희,晞,U+665E,마를,11,토,화
OHE-02408,희,喜,U+559C,기쁠,12,토,수
OHE-02409,희,稀,U+7A00,드물,12,토,목
OHE-02410,희,熙,U+7199,빛날,13,토,화
OHE-02411,희,僖,U+50D6,기쁠,14,토,화
OHE-02412,희,嬉,U+5B09,즐길,15,토,토
OHE-02413,희,凞,U+51DE,화할,15,토,수
OHE-02414,희,憙,U+6199,기쁠,16,토,화
OHE-02415,희,戱,U+6231,놀,16,토,금
OHE-02416,희,熹,U+71B9,성할,16,토,화
OHE-02417,희,熺,U+71BA,성할,16,토,화
OHE-02418,희,羲,U+7FB2,숨,16,토,토
OHE-02419,희,禧,U+79A7,복,17,토,목
OHE-02420,희,曦,U+66E6,햇빛,20,토,화
