profile_id,sound_ohaeng
OHE-00001,목
OHE-00002,목
OHE-00003,목
OHE-00004,목
OHE-00005,목
OHE-00006,목
OHE-00007,목
OHE-00008,목
OHE-00009,목
OHE-00010,목
OHE-00011,목
OHE-00012,목
OHE-00013,목
OHE-00014,목
OHE-00015,목
OHE-00016,목
OHE-00017,목
OHE-00018,목
OHE-00019,목
OHE-00020,목
OHE-00021,목
OHE-00022,목
OHE-00023,목
OHE-00024,목
OHE-00025,목
OHE-00026,목
OHE-00027,목
OHE-00028,목
OHE-00029,목
OHE-00030,목
OHE-00031,목
OHE-00032,목
OHE-00033,목
OHE-00034,목
OHE-00035,목
OHE-00036,목
OHE-00037,목
OHE-00038,목
OHE-00039,목
OHE-00040,목
OHE-00041,목
OHE-00042,목
OHE-00043,목
OHE-00044,목
OHE-00045,목
OHE-00046,목
OHE-00047,목
OHE-00048,목
OHE-00049,목
OHE-00050,목
OHE-00051,목
OHE-00052,목
OHE-00053,목
OHE-00054,목
OHE-00055,목
OHE-00056,목
OHE-00057,목
OHE-00058,목
OHE-00059,목
OHE-00060,목
OHE-00061,목
OHE-00062,목
OHE-00063,목
OHE-00064,목
OHE-00065,목
OHE-00066,목
OHE-00067,목
OHE-00068,목
OHE-00069,목
OHE-00070,목
OHE-00071,목
OHE-00072,목
OHE-00073,목
OHE-00074,목
OHE-00075,목
OHE-00076,목
OHE-00077,목
OHE-00078,목
OHE-00079,목
OHE-00080,목
OHE-00081,목
OHE-00082,목
OHE-00083,목
OHE-00084,목
OHE-00085,목
OHE-00086,목
OHE-00087,목
OHE-00088,목
OHE-00089,목
OHE-00090,목
OHE-00091,목
OHE-00092,목
OHE-00093,목
OHE-00094,목
OHE-00095,목
OHE-00096,목
OHE-00097,목
OHE-00098,목
OHE-00099,목
OHE-00100,목
OHE-00101,목
OHE-00102,목
OHE-00103,목
OHE-00104,목
OHE-00105,목
OHE-00106,목
OHE-00107,목
OHE-00108,목
OHE-00109,목
OHE-00110,목
OHE-00111,목
OHE-00112,목
OHE-00113,목
OHE-00114,목
OHE-00115,목
OHE-00116,목
OHE-00117,목
OHE-00118,목
OHE-00119,목
OHE-00120,목
OHE-00121,목
OHE-00122,목
OHE-00123,목
OHE-00124,목
OHE-00125,목
OHE-00126,목
OHE-00127,목
OHE-00128,목
OHE-00129,목
OHE-00130,목
OHE-00131,목
OHE-00132,목
OHE-00133,목
OHE-00134,목
OHE-00135,목
OHE-00136,목
OHE-00137,목
OHE-00138,목
OHE-00139,목
OHE-00140,목
OHE-00141,목
OHE-00142,목
OHE-00143,목
OHE-00144,목
OHE-00145,목
OHE-00146,목
OHE-00147,목
OHE-00148,목
OHE-00149,목
OHE-00150,목
OHE-00151,목
OHE-00152,목
OHE-00153,목
OHE-00154,목
OHE-00155,목
OHE-00156,목
OHE-00157,목
OHE-00158,목
OHE-00159,목
OHE-00160,목
OHE-00161,목
OHE-00162,목
OHE-00163,목
OHE-00164,목
OHE-00165,목
OHE-00166,목
OHE-00167,목
OHE-00168,목
OHE-00169,목
OHE-00170,목
OHE-00171,목
OHE-00172,목
OHE-00173,목
OHE-00174,목
OHE-00175,목
OHE-00176,목
OHE-00177,목
OHE-00178,목
OHE-00179,목
OHE-00180,목
OHE-00181,목
OHE-00182,목
OHE-00183,목
OHE-00184,목
OHE-00185,목
OHE-00186,목
OHE-00187,목
OHE-00188,목
OHE-00189,목
OHE-00190,목
OHE-00191,목
OHE-00192,목
OHE-00193,목
OHE-00194,목
OHE-00195,목
OHE-00196,목
OHE-00197,목
OHE-00198,목
OHE-00199,목
OHE-00200,목
OHE-00201,목
OHE-00202,목
OHE-00203,목
OHE-00204,목
OHE-00205,목
OHE-00206,목
OHE-00207,목
OHE-00208,목
OHE-00209,목
OHE-00210,목
OHE-00211,목
OHE-00212,목
OHE-00213,목
OHE-00214,목
OHE-00215,목
OHE-00216,목
OHE-00217,목
OHE-00218,목
OHE-00219,목
OHE-00220,목
OHE-00221,목
OHE-00222,목
OHE-00223,목
OHE-00224,목
OHE-00225,목
OHE-00226,목
OHE-00227,목
OHE-00228,목
OHE-00229,목
OHE-00230,목
OHE-00231,목
OHE-00232,목
OHE-00233,목
OHE-00234,목
OHE-00235,목
OHE-00236,목
OHE-00237,목
OHE-00238,목
OHE-00239,목
OHE-00240,목
OHE-00241,목
OHE-00242,목
OHE-00243,목
OHE-00244,목
OHE-00245,목
OHE-00246,목
OHE-00247,목
OHE-00248,목
OHE-00249,목
OHE-00250,목
OHE-00251,목
OHE-00252,목
OHE-00253,목
OHE-00254,목
OHE-00255,목
OHE-00256,목
OHE-00257,목
OHE-00258,목
OHE-00259,목
OHE-00260,목
OHE-00261,목
OHE-00262,목
OHE-00263,목
OHE-00264,목
OHE-00265,목
OHE-00266,목
OHE-00267,목
OHE-00268,목
OHE-00269,목
OHE-00270,목
OHE-00271,목
OHE-00272,목
OHE-00273,목
OHE-00274,목
OHE-00275,목
OHE-00276,목
OHE-00277,목
OHE-00278,목
OHE-00279,목
OHE-00280,목
OHE-00281,목
OHE-00282,목
OHE-00283,목
OHE-00284,목
OHE-00285,목
OHE-00286,목
OHE-00287,목
OHE-00288,목
OHE-00289,목
OHE-00290,목
OHE-00291,목
OHE-00292,목
OHE-00293,목
OHE-00294,목
OHE-00295,목
OHE-00296,목
OHE-00297,목
OHE-00298,목
OHE-00299,목
OHE-00300,목
OHE-00301,목
OHE-00302,목
OHE-00303,목
OHE-00304,목
OHE-00305,목
OHE-00306,목
OHE-00307,목
OHE-00308,목
OHE-00309,목
OHE-00310,목
OHE-00311,목
OHE-00312,목
OHE-00313,목
OHE-00314,목
OHE-00315,목
OHE-00316,목
OHE-00317,목
OHE-00318,목
OHE-00319,목
OHE-00320,목
OHE-00321,목
OHE-00322,목
OHE-00323,목
OHE-00324,목
OHE-00325,목
OHE-00326,목
OHE-00327,목
OHE-00328,목
OHE-00329,목
OHE-00330,목
OHE-00331,목
OHE-00332,목
OHE-00333,목
OHE-00334,목
OHE-00335,목
OHE-00336,목
OHE-00337,목
OHE-00338,목
OHE-00339,목
OHE-00340,목
OHE-00341,목
OHE-00342,목
OHE-00343,목
OHE-00344,목
OHE-00345,목
OHE-00346,목
OHE-00347,목
OHE-00348,목
OHE-00349,목
OHE-00350,목
OHE-00351,목
OHE-00352,목
OHE-00353,목
OHE-00354,목
OHE-00355,목
OHE-00356,목
OHE-00357,목
OHE-00358,목
OHE-00359,목
OHE-00360,목
OHE-00361,목
OHE-00362,목
OHE-00363,목
OHE-00364,목
OHE-00365,목
OHE-00366,목
OHE-00367,목
OHE-00368,목
OHE-00369,목
OHE-00370,목
OHE-00371,목
OHE-00372,목
OHE-00373,목
OHE-00374,목
OHE-00375,목
OHE-00376,목
OHE-00377,목
OHE-00378,목
OHE-00379,목
OHE-00380,목
OHE-00381,목
OHE-00382,목
OHE-00383,목
OHE-00384,목
OHE-00385,목
OHE-00386,목
OHE-00387,목
OHE-00388,목
OHE-00389,목
OHE-00390,목
OHE-00391,목
OHE-00392,목
OHE-00393,화
OHE-00394,화
OHE-00395,화
OHE-00396,화
OHE-00397,화
OHE-00398,화
OHE-00399,화
OHE-00400,화
OHE-00401,화
OHE-00402,화
OHE-00403,화
OHE-00404,화
OHE-00405,화
OHE-00406,화
OHE-00407,화
OHE-00408,화
OHE-00409,화
OHE-00410,화
OHE-00411,화
OHE-00412,화
OHE-00413,화
OHE-00414,화
OHE-00415,화
OHE-00416,화
OHE-00417,화
OHE-00418,화
OHE-00419,화
OHE-00420,화
OHE-00421,화
OHE-00422,화
OHE-00423,화
OHE-00424,화
OHE-00425,화
OHE-00426,화
OHE-00427,화
OHE-00428,화
OHE-00429,화
OHE-00430,화
OHE-00431,화
OHE-00432,화
OHE-00433,화
OHE-00434,화
OHE-00435,화
OHE-00436,화
OHE-00437,화
OHE-00438,화
OHE-00439,화
OHE-00440,화
OHE-00441,화
OHE-00442,화
OHE-00443,화
OHE-00444,화
OHE-00445,화
OHE-00446,화
OHE-00447,화
OHE-00448,화
OHE-00449,화
OHE-00450,화
OHE-00451,화
OHE-00452,화
OHE-00453,화
OHE-00454,화
OHE-00455,화
OHE-00456,화
OHE-00457,화
OHE-00458,화
OHE-00459,화
OHE-00460,화
OHE-00461,화
OHE-00462,화
OHE-00463,화
OHE-00464,화
OHE-00465,화
OHE-00466,화
OHE-00467,화
OHE-00468,화
OHE-00469,화
OHE-00470,화
OHE-00471,화
OHE-00472,화
OHE-00473,화
OHE-00474,화
OHE-00475,화
OHE-00476,화
OHE-00477,화
OHE-00478,화
OHE-00479,화
OHE-00480,화
OHE-00481,화
OHE-00482,화
OHE-00483,화
OHE-00484,화
OHE-00485,화
OHE-00486,화
OHE-00487,화
OHE-00488,화
OHE-00489,화
OHE-00490,화
OHE-00491,화
OHE-00492,화
OHE-00493,화
OHE-00494,화
OHE-00495,화
OHE-00496,화
OHE-00497,화
OHE-00498,화
OHE-00499,화
OHE-00500,화
OHE-00501,화
OHE-00502,화
OHE-00503,화
OHE-00504,화
OHE-00505,화
OHE-00506,화
OHE-00507,화
OHE-00508,화
OHE-00509,화
OHE-00510,화
OHE-00511,화
OHE-00512,화
OHE-00513,화
OHE-00514,화
OHE-00515,화
OHE-00516,화
OHE-00517,화
OHE-00518,화
OHE-00519,화
OHE-00520,화
OHE-00521,화
OHE-00522,화
OHE-00523,화
OHE-00524,화
OHE-00525,화
OHE-00526,화
OHE-00527,화
OHE-00528,화
OHE-00529,화
OHE-00530,화
OHE-00531,화
OHE-00532,화
OHE-00533,화
OHE-00534,화
OHE-00535,화
OHE-00536,화
OHE-00537,화
OHE-00538,화
OHE-00539,화
OHE-00540,화
OHE-00541,화
OHE-00542,화
OHE-00543,화
OHE-00544,화
OHE-00545,화
OHE-00546,화
OHE-00547,화
OHE-00548,화
OHE-00549,화
OHE-00550,화
OHE-00551,화
OHE-00552,화
OHE-00553,화
OHE-00554,화
OHE-00555,화
OHE-00556,화
OHE-00557,화
OHE-00558,화
OHE-00559,화
OHE-00560,화
OHE-00561,화
OHE-00562,화
OHE-00563,화
OHE-00564,화
OHE-00565,화
OHE-00566,화
OHE-00567,화
OHE-00568,화
OHE-00569,화
OHE-00570,화
OHE-00571,화
OHE-00572,화
OHE-00573,화
OHE-00574,화
OHE-00575,화
OHE-00576,화
OHE-00577,화
OHE-00578,화
OHE-00579,화
OHE-00580,화
OHE-00581,화
OHE-00582,화
OHE-00583,화
OHE-00584,화
OHE-00585,화
OHE-00586,화
OHE-00587,화
OHE-00588,화
OHE-00589,화
OHE-00590,화
OHE-00591,화
OHE-00592,화
OHE-00593,화
OHE-00594,화
OHE-00595,화
OHE-00596,화
OHE-00597,화
OHE-00598,화
OHE-00599,화
OHE-00600,화
OHE-00601,화
OHE-00602,화
OHE-00603,화
OHE-00604,화
OHE-00605,화
OHE-00606,화
OHE-00607,화
OHE-00608,화
OHE-00609,화
OHE-00610,화
OHE-00611,화
OHE-00612,화
OHE-00613,화
OHE-00614,화
OHE-00615,화
OHE-00616,화
OHE-00617,화
OHE-00618,화
OHE-00619,화
OHE-00620,화
OHE-00621,화
OHE-00622,화
OHE-00623,화
OHE-00624,화
OHE-00625,화
OHE-00626,화
OHE-00627,화
OHE-00628,화
OHE-00629,화
OHE-00630,화
OHE-00631,화
OHE-00632,화
OHE-00633,화
OHE-00634,화
OHE-00635,화
OHE-00636,화
OHE-00637,화
OHE-00638,화
OHE-00639,화
OHE-00640,화
OHE-00641,화
OHE-00642,화
OHE-00643,화
OHE-00644,화
OHE-00645,화
OHE-00646,화
OHE-00647,화
OHE-00648,화
OHE-00649,화
OHE-00650,화
OHE-00651,화
OHE-00652,화
OHE-00653,화
OHE-00654,화
OHE-00655,화
OHE-00656,화
OHE-00657,화
OHE-00658,화
OHE-00659,화
OHE-00660,화
OHE-00661,화
OHE-00662,화
OHE-00663,화
OHE-00664,화
OHE-00665,화
OHE-00666,화
OHE-00667,화
OHE-00668,화
OHE-00669,화
OHE-00670,화
OHE-00671,화
OHE-00672,화
OHE-00673,수
OHE-00674,수
OHE-00675,수
OHE-00676,수
OHE-00677,수
OHE-00678,수
OHE-00679,수
OHE-00680,수
OHE-00681,수
OHE-00682,수
OHE-00683,수
OHE-00684,수
OHE-00685,수
OHE-00686,수
OHE-00687,수
OHE-00688,수
OHE-00689,수
OHE-00690,수
OHE-00691,수
OHE-00692,수
OHE-00693,수
OHE-00694,수
OHE-00695,수
OHE-00696,수
OHE-00697,수
OHE-00698,수
OHE-00699,수
OHE-00700,수
OHE-00701,수
OHE-00702,수
OHE-00703,수
OHE-00704,수
OHE-00705,수
OHE-00706,수
OHE-00707,수
OHE-00708,수
OHE-00709,수
OHE-00710,수
OHE-00711,수
OHE-00712,수
OHE-00713,수
OHE-00714,수
OHE-00715,수
OHE-00716,수
OHE-00717,수
OHE-00718,수
OHE-00719,수
OHE-00720,수
OHE-00721,수
OHE-00722,수
OHE-00723,수
OHE-00724,수
OHE-00725,수
OHE-00726,수
OHE-00727,수
OHE-00728,수
OHE-00729,수
OHE-00730,수
OHE-00731,수
OHE-00732,수
OHE-00733,수
OHE-00734,수
OHE-00735,수
OHE-00736,수
OHE-00737,수
OHE-00738,수
OHE-00739,수
OHE-00740,수
OHE-00741,수
OHE-00742,수
OHE-00743,수
OHE-00744,수
OHE-00745,수
OHE-00746,수
OHE-00747,수
OHE-00748,수
OHE-00749,수
OHE-00750,수
OHE-00751,수
OHE-00752,수
OHE-00753,수
OHE-00754,수
OHE-00755,수
OHE-00756,수
OHE-00757,수
OHE-00758,수
OHE-00759,수
OHE-00760,수
OHE-00761,수
OHE-00762,수
OHE-00763,수
OHE-00764,수
OHE-00765,수
OHE-00766,수
OHE-00767,수
OHE-00768,수
OHE-00769,수
OHE-00770,수
OHE-00771,수
OHE-00772,수
OHE-00773,수
OHE-00774,수
OHE-00775,수
OHE-00776,수
OHE-00777,수
OHE-00778,수
OHE-00779,수
OHE-00780,수
OHE-00781,수
OHE-00782,수
OHE-00783,수
OHE-00784,수
OHE-00785,수
OHE-00786,수
OHE-00787,수
OHE-00788,수
OHE-00789,수
OHE-00790,수
OHE-00791,수
OHE-00792,수
OHE-00793,수
OHE-00794,수
OHE-00795,수
OHE-00796,수
OHE-00797,수
OHE-00798,수
OHE-00799,수
OHE-00800,수
OHE-00801,수
OHE-00802,수
OHE-00803,수
OHE-00804,수
OHE-00805,수
OHE-00806,수
OHE-00807,수
OHE-00808,수
OHE-00809,수
OHE-00810,수
OHE-00811,수
OHE-00812,수
OHE-00813,수
OHE-00814,수
OHE-00815,수
OHE-00816,수
OHE-00817,수
OHE-00818,수
OHE-00819,수
OHE-00820,수
OHE-00821,수
OHE-00822,수
OHE-00823,수
OHE-00824,수
OHE-00825,수
OHE-00826,수
OHE-00827,수
OHE-00828,수
OHE-00829,수
OHE-00830,수
OHE-00831,수
OHE-00832,수
OHE-00833,수
OHE-00834,수
OHE-00835,수
OHE-00836,수
OHE-00837,수
OHE-00838,수
OHE-00839,수
OHE-00840,수
OHE-00841,수
OHE-00842,수
OHE-00843,수
OHE-00844,수
OHE-00845,수
OHE-00846,수
OHE-00847,수
OHE-00848,수
OHE-00849,수
OHE-00850,수
OHE-00851,수
OHE-00852,수
OHE-00853,수
OHE-00854,수
OHE-00855,수
OHE-00856,수
OHE-00857,수
OHE-00858,수
OHE-00859,수
OHE-00860,수
OHE-00861,수
OHE-00862,수
OHE-00863,수
OHE-00864,수
OHE-00865,수
OHE-00866,수
OHE-00867,수
OHE-00868,수
OHE-00869,수
OHE-00870,수
OHE-00871,수
OHE-00872,수
OHE-00873,수
OHE-00874,수
OHE-00875,수
OHE-00876,수
OHE-00877,수
OHE-00878,수
OHE-00879,수
OHE-00880,수
OHE-00881,수
OHE-00882,수
OHE-00883,수
OHE-00884,수
OHE-00885,수
OHE-00886,수
OHE-00887,수
OHE-00888,수
OHE-00889,수
OHE-00890,수
OHE-00891,수
OHE-00892,수
OHE-00893,수
OHE-00894,수
OHE-00895,수
OHE-00896,수
OHE-00897,수
OHE-00898,수
OHE-00899,수
OHE-00900,수
OHE-00901,수
OHE-00902,수
OHE-00903,수
OHE-00904,수
OHE-00905,수
OHE-00906,수
OHE-00907,수
OHE-00908,수
OHE-00909,수
OHE-00910,수
OHE-00911,수
OHE-00912,수
OHE-00913,수
OHE-00914,수
OHE-00915,수
OHE-00916,수
OHE-00917,수
OHE-00918,수
OHE-00919,수
OHE-00920,수
OHE-00921,수
OHE-00922,수
OHE-00923,수
OHE-00924,수
OHE-00925,수
OHE-00926,수
OHE-00927,수
OHE-00928,수
OHE-00929,수
OHE-00930,수
OHE-00931,수
OHE-00932,수
OHE-00933,수
OHE-00934,수
OHE-00935,수
OHE-00936,수
OHE-00937,수
OHE-00938,수
OHE-00939,수
OHE-00940,수
OHE-00941,수
OHE-00942,수
OHE-00943,수
OHE-00944,수
OHE-00945,수
OHE-00946,수
OHE-00947,수
OHE-00948,수
OHE-00949,수
OHE-00950,수
OHE-00951,수
OHE-00952,수
OHE-00953,수
OHE-00954,금
OHE-00955,금
OHE-00956,금
OHE-00957,금
OHE-00958,금
OHE-00959,금
OHE-00960,금
OHE-00961,금
OHE-00962,금
OHE-00963,금
OHE-00964,금
OHE-00965,금
OHE-00966,금
OHE-00967,금
OHE-00968,금
OHE-00969,금
OHE-00970,금
OHE-00971,금
OHE-00972,금
OHE-00973,금
OHE-00974,금
OHE-00975,금
OHE-00976,금
OHE-00977,금
OHE-00978,금
OHE-00979,금
OHE-00980,금
OHE-00981,금
OHE-00982,금
OHE-00983,금
OHE-00984,금
OHE-00985,금
OHE-00986,금
OHE-00987,금
OHE-00988,금
OHE-00989,금
OHE-00990,금
OHE-00991,금
OHE-00992,금
OHE-00993,금
OHE-00994,금
OHE-00995,금
OHE-00996,금
OHE-00997,금
OHE-00998,금
OHE-00999,금
OHE-01000,금
OHE-01001,금
OHE-01002,금
OHE-01003,금
OHE-01004,금
OHE-01005,금
OHE-01006,금
OHE-01007,금
OHE-01008,금
OHE-01009,금
OHE-01010,금
OHE-01011,금
OHE-01012,금
OHE-01013,금
OHE-01014,금
OHE-01015,금
OHE-01016,금
OHE-01017,금
OHE-01018,금
OHE-01019,금
OHE-01020,금
OHE-01021,금
OHE-01022,금
OHE-01023,금
OHE-01024,금
OHE-01025,금
OHE-01026,금
OHE-01027,금
OHE-01028,금
OHE-01029,금
OHE-01030,금
OHE-01031,금
OHE-01032,금
OHE-01033,금
OHE-01034,금
OHE-01035,금
OHE-01036,금
OHE-01037,금
OHE-01038,금
OHE-01039,금
OHE-01040,금
OHE-01041,금
OHE-01042,금
OHE-01043,금
OHE-01044,금
OHE-01045,금
OHE-01046,금
OHE-01047,금
OHE-01048,금
OHE-01049,금
OHE-01050,금
OHE-01051,금
OHE-01052,금
OHE-01053,금
OHE-01054,금
OHE-01055,금
OHE-01056,금
OHE-01057,금
OHE-01058,금
OHE-01059,금
OHE-01060,금
OHE-01061,금
OHE-01062,금
OHE-01063,금
OHE-01064,금
OHE-01065,금
OHE-01066,금
OHE-01067,금
OHE-01068,금
OHE-01069,금
OHE-01070,금
OHE-01071,금
OHE-01072,금
OHE-01073,금
OHE-01074,금
OHE-01075,금
OHE-01076,금
OHE-01077,금
OHE-01078,금
OHE-01079,금
OHE-01080,금
OHE-01081,금
OHE-01082,금
OHE-01083,금
OHE-01084,금
OHE-01085,금
OHE-01086,금
OHE-01087,금
OHE-01088,금
OHE-01089,금
OHE-01090,금
OHE-01091,금
OHE-01092,금
OHE-01093,금
OHE-01094,금
OHE-01095,금
OHE-01096,금
OHE-01097,금
OHE-01098,금
OHE-01099,금
OHE-01100,금
OHE-01101,금
OHE-01102,금
OHE-01103,금
OHE-01104,금
OHE-01105,금
OHE-01106,금
OHE-01107,금
OHE-01108,금
OHE-01109,금
OHE-01110,금
OHE-01111,금
OHE-01112,금
OHE-01113,금
OHE-01114,금
OHE-01115,금
OHE-01116,금
OHE-01117,금
OHE-01118,금
OHE-01119,금
OHE-01120,금
OHE-01121,금
OHE-01122,금
OHE-01123,금
OHE-01124,금
OHE-01125,금
OHE-01126,금
OHE-01127,금
OHE-01128,금
OHE-01129,금
OHE-01130,금
OHE-01131,금
OHE-01132,금
OHE-01133,금
OHE-01134,금
OHE-01135,금
OHE-01136,금
OHE-01137,금
OHE-01138,금
OHE-01139,금
OHE-01140,금
OHE-01141,금
OHE-01142,금
OHE-01143,금
OHE-01144,금
OHE-01145,금
OHE-01146,금
OHE-01147,금
OHE-01148,금
OHE-01149,금
OHE-01150,금
OHE-01151,금
OHE-01152,금
OHE-01153,금
OHE-01154,금
OHE-01155,금
OHE-01156,금
OHE-01157,금
OHE-01158,금
OHE-01159,금
OHE-01160,금
OHE-01161,금
OHE-01162,금
OHE-01163,금
OHE-01164,금
OHE-01165,금
OHE-01166,금
OHE-01167,금
OHE-01168,금
OHE-01169,금
OHE-01170,금
OHE-01171,금
OHE-01172,금
OHE-01173,금
OHE-01174,금
OHE-01175,금
OHE-01176,금
OHE-01177,금
OHE-01178,금
OHE-01179,금
OHE-01180,금
OHE-01181,금
OHE-01182,금
OHE-01183,금
OHE-01184,금
OHE-01185,금
OHE-01186,금
OHE-01187,금
OHE-01188,금
OHE-01189,금
OHE-01190,금
OHE-01191,금
OHE-01192,금
OHE-01193,금
OHE-01194,금
OHE-01195,금
OHE-01196,금
OHE-01197,금
OHE-01198,금
OHE-01199,금
OHE-01200,금
OHE-01201,금
OHE-01202,금
OHE-01203,금
OHE-01204,금
OHE-01205,금
OHE-01206,금
OHE-01207,금
OHE-01208,금
OHE-01209,금
OHE-01210,금
OHE-01211,금
OHE-01212,금
OHE-01213,금
OHE-01214,금
OHE-01215,금
OHE-01216,금
OHE-01217,금
OHE-01218,금
OHE-01219,금
OHE-01220,금
OHE-01221,금
OHE-01222,금
OHE-01223,금
OHE-01224,금
OHE-01225,금
OHE-01226,금
OHE-01227,금
OHE-01228,금
OHE-01229,금
OHE-01230,금
OHE-01231,금
OHE-01232,금
OHE-01233,금
OHE-01234,토
OHE-01235,토
OHE-01236,토
OHE-01237,토
OHE-01238,토
OHE-01239,토
OHE-01240,토
OHE-01241,토
OHE-01242,토
OHE-01243,토
OHE-01244,토
OHE-01245,토
OHE-01246,토
OHE-01247,토
OHE-01248,토
OHE-01249,토
OHE-01250,토
OHE-01251,토
OHE-01252,토
OHE-01253,토
OHE-01254,토
OHE-01255,토
OHE-01256,토
OHE-01257,토
OHE-01258,토
OHE-01259,토
OHE-01260,토
OHE-01261,토
OHE-01262,토
OHE-01263,토
OHE-01264,토
OHE-01265,토
OHE-01266,토
OHE-01267,토
OHE-01268,토
OHE-01269,토
OHE-01270,토
OHE-01271,토
OHE-01272,토
OHE-01273,토
OHE-01274,토
OHE-01275,토
OHE-01276,토
OHE-01277,토
OHE-01278,토
OHE-01279,토
OHE-01280,토
OHE-01281,토
OHE-01282,토
OHE-01283,토
OHE-01284,토
OHE-01285,토
OHE-01286,토
OHE-01287,토
OHE-01288,토
OHE-01289,토
OHE-01290,토
OHE-01291,토
OHE-01292,토
OHE-01293,토
OHE-01294,토
OHE-01295,토
OHE-01296,토
OHE-01297,토
OHE-01298,토
OHE-01299,토
OHE-01300,토
OHE-01301,토
OHE-01302,토
OHE-01303,토
OHE-01304,토
OHE-01305,토
OHE-01306,토
OHE-01307,토
OHE-01308,토
OHE-01309,토
OHE-01310,토
OHE-01311,토
OHE-01312,토
OHE-01313,토
OHE-01314,토
OHE-01315,토
OHE-01316,토
OHE-01317,토
OHE-01318,토
OHE-01319,토
OHE-01320,토
OHE-01321,토
OHE-01322,토
OHE-01323,토
OHE-01324,토
OHE-01325,토
OHE-01326,토
OHE-01327,토
OHE-01328,토
OHE-01329,토
OHE-01330,토
OHE-01331,토
OHE-01332,토
OHE-01333,토
OHE-01334,토
OHE-01335,토
OHE-01336,토
OHE-01337,토
OHE-01338,토
OHE-01339,토
OHE-01340,토
OHE-01341,토
OHE-01342,토
OHE-01343,토
OHE-01344,토
OHE-01345,토
OHE-01346,토
OHE-01347,토
OHE-01348,토
OHE-01349,토
OHE-01350,토
OHE-01351,토
OHE-01352,토
OHE-01353,토
OHE-01354,토
OHE-01355,토
OHE-01356,토
OHE-01357,토
OHE-01358,토
OHE-01359,토
OHE-01360,토
OHE-01361,토
OHE-01362,토
OHE-01363,토
OHE-01364,토
OHE-01365,토
OHE-01366,토
OHE-01367,토
OHE-01368,토
OHE-01369,토
OHE-01370,토
OHE-01371,토
OHE-01372,토
OHE-01373,토
OHE-01374,토
OHE-01375,토
OHE-01376,토
OHE-01377,토
OHE-01378,토
OHE-01379,토
OHE-01380,토
OHE-01381,토
OHE-01382,토
OHE-01383,토
OHE-01384,토
OHE-01385,토
OHE-01386,토
OHE-01387,토
OHE-01388,토
OHE-01389,토
OHE-01390,토
OHE-01391,토
OHE-01392,토
OHE-01393,토
OHE-01394,토
OHE-01395,토
OHE-01396,토
OHE-01397,토
OHE-01398,토
OHE-01399,토
OHE-01400,토
OHE-01401,토
OHE-01402,토
OHE-01403,토
OHE-01404,토
OHE-01405,토
OHE-01406,토
OHE-01407,토
OHE-01408,토
OHE-01409,토
OHE-01410,토
OHE-01411,토
OHE-01412,토
OHE-01413,토
OHE-01414,토
OHE-01415,토
OHE-01416,토
OHE-01417,토
OHE-01418,토
OHE-01419,토
OHE-01420,토
OHE-01421,토
OHE-01422,토
OHE-01423,토
OHE-01424,토
OHE-01425,토
OHE-01426,토
OHE-01427,토
OHE-01428,토
OHE-01429,토
OHE-01430,토
OHE-01431,토
OHE-01432,토
OHE-01433,토
OHE-01434,토
OHE-01435,토
OHE-01436,토
OHE-01437,토
OHE-01438,토
OHE-01439,토
OHE-01440,토
OHE-01441,토
OHE-01442,토
OHE-01443,토
OHE-01444,토
OHE-01445,토
OHE-01446,토
OHE-01447,토
OHE-01448,토
OHE-01449,토
OHE-01450,토
OHE-01451,토
OHE-01452,토
OHE-01453,토
OHE-01454,토
OHE-01455,토
OHE-01456,토
OHE-01457,토
OHE-01458,토
OHE-01459,토
OHE-01460,토
OHE-01461,토
OHE-01462,토
OHE-01463,토
OHE-01464,토
OHE-01465,토
OHE-01466,토
OHE-01467,토
OHE-01468,토
OHE-01469,토
OHE-01470,토
OHE-01471,토
OHE-01472,토
OHE-01473,토
OHE-01474,토
OHE-01475,토
OHE-01476,토
OHE-01477,토
OHE-01478,토
OHE-01479,토
OHE-01480,토
OHE-01481,토
OHE-01482,토
OHE-01483,토
OHE-01484,토
OHE-01485,토
OHE-01486,토
OHE-01487,토
OHE-01488,토
OHE-01489,토
OHE-01490,토
OHE-01491,토
OHE-01492,토
OHE-01493,토
OHE-01494,토
OHE-01495,토
OHE-01496,토
OHE-01497,토
OHE-01498,토
OHE-01499,토
OHE-01500,토
OHE-01501,토
OHE-01502,토
OHE-01503,토
OHE-01504,토
OHE-01505,토
OHE-01506,토
OHE-01507,토
OHE-01508,토
OHE-01509,토
OHE-01510,토
OHE-01511,토
OHE-01512,토
OHE-01513,토
OHE-01514,토
OHE-01515,토
OHE-01516,토
OHE-01517,토
OHE-01518,토
OHE-01519,토
OHE-01520,토
OHE-01521,토
OHE-01522,토
OHE-01523,토
OHE-01524,토
OHE-01525,토
OHE-01526,토
OHE-01527,토
OHE-01528,토
OHE-01529,토
OHE-01530,토
OHE-01531,토
OHE-01532,토
OHE-01533,토
OHE-01534,토
OHE-01535,토
OHE-01536,토
OHE-01537,토
OHE-01538,토
OHE-01539,토
OHE-01540,토
OHE-01541,토
OHE-01542,토
OHE-01543,토
OHE-01544,토
OHE-01545,토
OHE-01546,토
OHE-01547,토
OHE-01548,토
OHE-01549,토
OHE-01550,토
OHE-01551,토
OHE-01552,토
OHE-01553,토
OHE-01554,토
OHE-01555,토
OHE-01556,토
OHE-01557,토
OHE-01558,토
OHE-01559,토
OHE-01560,토
OHE-01561,토
OHE-01562,토
OHE-01563,토
OHE-01564,토
OHE-01565,토
OHE-01566,토
OHE-01567,토
OHE-01568,토
OHE-01569,토
OHE-01570,토
OHE-01571,토
OHE-01572,토
OHE-01573,토
OHE-01574,토
OHE-01575,토
OHE-01576,토
OHE-01577,토
OHE-01578,토
OHE-01579,토
OHE-01580,토
OHE-01581,토
OHE-01582,토
OHE-01583,토
OHE-01584,토
OHE-01585,토
OHE-01586,토
OHE-01587,토
OHE-01588,토
OHE-01589,토
OHE-01590,토
OHE-01591,토
OHE-01592,토
OHE-01593,토
OHE-01594,토
OHE-01595,토
OHE-01596,토
OHE-01597,토
OHE-01598,토
OHE-01599,토
OHE-01600,토
OHE-01601,토
OHE-01602,토
OHE-01603,토
OHE-01604,토
OHE-01605,금
OHE-01606,금
OHE-01607,금
OHE-01608,금
OHE-01609,금
OHE-01610,금
OHE-01611,금
OHE-01612,금
OHE-01613,금
OHE-01614,금
OHE-01615,금
OHE-01616,금
OHE-01617,금
OHE-01618,금
OHE-01619,금
OHE-01620,금
OHE-01621,금
OHE-01622,금
OHE-01623,금
OHE-01624,금
OHE-01625,금
OHE-01626,금
OHE-01627,금
OHE-01628,금
OHE-01629,금
OHE-01630,금
OHE-01631,금
OHE-01632,금
OHE-01633,금
OHE-01634,금
OHE-01635,금
OHE-01636,금
OHE-01637,금
OHE-01638,금
OHE-01639,금
OHE-01640,금
OHE-01641,금
OHE-01642,금
OHE-01643,금
OHE-01644,금
OHE-01645,금
OHE-01646,금
OHE-01647,금
OHE-01648,금
OHE-01649,금
OHE-01650,금
OHE-01651,금
OHE-01652,금
OHE-01653,금
OHE-01654,금
OHE-01655,금
OHE-01656,금
OHE-01657,금
OHE-01658,금
OHE-01659,금
OHE-01660,금
OHE-01661,금
OHE-01662,금
OHE-01663,금
OHE-01664,금
OHE-01665,금
OHE-01666,금
OHE-01667,금
OHE-01668,금
OHE-01669,금
OHE-01670,금
OHE-01671,금
OHE-01672,금
OHE-01673,금
OHE-01674,금
OHE-01675,금
OHE-01676,금
OHE-01677,금
OHE-01678,금
OHE-01679,금
OHE-01680,금
OHE-01681,금
OHE-01682,금
OHE-01683,금
OHE-01684,금
OHE-01685,금
OHE-01686,금
OHE-01687,금
OHE-01688,금
OHE-01689,금
OHE-01690,금
OHE-01691,금
OHE-01692,금
OHE-01693,금
OHE-01694,금
OHE-01695,금
OHE-01696,금
OHE-01697,금
OHE-01698,금
OHE-01699,금
OHE-01700,금
OHE-01701,금
OHE-01702,금
OHE-01703,금
OHE-01704,금
OHE-01705,금
OHE-01706,금
OHE-01707,금
OHE-01708,금
OHE-01709,금
OHE-01710,금
OHE-01711,금
OHE-01712,금
OHE-01713,금
OHE-01714,금
OHE-01715,금
OHE-01716,금
OHE-01717,금
OHE-01718,금
OHE-01719,금
OHE-01720,금
OHE-01721,금
OHE-01722,금
OHE-01723,금
OHE-01724,금
OHE-01725,금
OHE-01726,금
OHE-01727,금
OHE-01728,금
OHE-01729,금
OHE-01730,금
OHE-01731,금
OHE-01732,금
OHE-01733,금
OHE-01734,금
OHE-01735,금
OHE-01736,금
OHE-01737,금
OHE-01738,금
OHE-01739,금
OHE-01740,금
OHE-01741,금
OHE-01742,금
OHE-01743,금
OHE-01744,금
OHE-01745,금
OHE-01746,금
OHE-01747,금
OHE-01748,금
OHE-01749,금
OHE-01750,금
OHE-01751,금
OHE-01752,금
OHE-01753,금
OHE-01754,금
OHE-01755,금
OHE-01756,금
OHE-01757,금
OHE-01758,금
OHE-01759,금
OHE-01760,금
OHE-01761,금
OHE-01762,금
OHE-01763,금
OHE-01764,금
OHE-01765,금
OHE-01766,금
OHE-01767,금
OHE-01768,금
OHE-01769,금
OHE-01770,금
OHE-01771,금
OHE-01772,금
OHE-01773,금
OHE-01774,금
OHE-01775,금
OHE-01776,금
OHE-01777,금
OHE-01778,금
OHE-01779,금
OHE-01780,금
OHE-01781,금
OHE-01782,금
OHE-01783,금
OHE-01784,금
OHE-01785,금
OHE-01786,금
OHE-01787,금
OHE-01788,금
OHE-01789,금
OHE-01790,금
OHE-01791,금
OHE-01792,금
OHE-01793,금
OHE-01794,금
OHE-01795,금
OHE-01796,금
OHE-01797,금
OHE-01798,금
OHE-01799,금
OHE-01800,금
OHE-01801,금
OHE-01802,금
OHE-01803,금
OHE-01804,금
OHE-01805,금
OHE-01806,금
OHE-01807,금
OHE-01808,금
OHE-01809,금
OHE-01810,금
OHE-01811,금
OHE-01812,금
OHE-01813,금
OHE-01814,금
OHE-01815,금
OHE-01816,금
OHE-01817,금
OHE-01818,금
OHE-01819,금
OHE-01820,금
OHE-01821,금
OHE-01822,금
OHE-01823,금
OHE-01824,금
OHE-01825,금
OHE-01826,금
OHE-01827,금
OHE-01828,금
OHE-01829,금
OHE-01830,금
OHE-01831,금
OHE-01832,금
OHE-01833,금
OHE-01834,금
OHE-01835,금
OHE-01836,금
OHE-01837,금
OHE-01838,금
OHE-01839,금
OHE-01840,금
OHE-01841,금
OHE-01842,금
OHE-01843,금
OHE-01844,금
OHE-01845,금
OHE-01846,금
OHE-01847,금
OHE-01848,금
OHE-01849,금
OHE-01850,금
OHE-01851,금
OHE-01852,금
OHE-01853,금
OHE-01854,금
OHE-01855,금
OHE-01856,금
OHE-01857,금
OHE-01858,금
OHE-01859,금
OHE-01860,금
OHE-01861,금
OHE-01862,금
OHE-01863,금
OHE-01864,금
OHE-01865,금
OHE-01866,금
OHE-01867,금
OHE-01868,금
OHE-01869,금
OHE-01870,금
OHE-01871,금
OHE-01872,금
OHE-01873,금
OHE-01874,금
OHE-01875,금
OHE-01876,금
OHE-01877,금
OHE-01878,금
OHE-01879,금
OHE-01880,금
OHE-01881,금
OHE-01882,금
OHE-01883,금
OHE-01884,금
OHE-01885,금
OHE-01886,금
OHE-01887,금
OHE-01888,금
OHE-01889,금
OHE-01890,금
OHE-01891,금
OHE-01892,금
OHE-01893,금
OHE-01894,금
OHE-01895,금
OHE-01896,금
OHE-01897,금
OHE-01898,금
OHE-01899,금
OHE-01900,금
OHE-01901,금
OHE-01902,금
OHE-01903,금
OHE-01904,금
OHE-01905,금
OHE-01906,금
OHE-01907,금
OHE-01908,금
OHE-01909,금
OHE-01910,금
OHE-01911,금
OHE-01912,금
OHE-01913,금
OHE-01914,금
OHE-01915,금
OHE-01916,금
OHE-01917,금
OHE-01918,금
OHE-01919,금
OHE-01920,금
OHE-01921,금
OHE-01922,금
OHE-01923,금
OHE-01924,금
OHE-01925,금
OHE-01926,금
OHE-01927,금
OHE-01928,금
OHE-01929,금
OHE-01930,금
OHE-01931,금
OHE-01932,금
OHE-01933,금
OHE-01934,금
OHE-01935,금
OHE-01936,금
OHE-01937,금
OHE-01938,금
OHE-01939,금
OHE-01940,금
OHE-01941,금
OHE-01942,금
OHE-01943,금
OHE-01944,금
OHE-01945,금
OHE-01946,금
OHE-01947,금
OHE-01948,금
OHE-01949,금
OHE-01950,금
OHE-01951,금
OHE-01952,금
OHE-01953,금
OHE-01954,금
OHE-01955,금
OHE-01956,금
OHE-01957,금
OHE-01958,금
OHE-01959,금
OHE-01960,금
OHE-01961,금
OHE-01962,금
OHE-01963,금
OHE-01964,금
OHE-01965,금
OHE-01966,금
OHE-01967,금
OHE-01968,금
OHE-01969,금
OHE-01970,금
OHE-01971,금
OHE-01972,금
OHE-01973,금
OHE-01974,금
OHE-01975,금
OHE-01976,금
OHE-01977,금
OHE-01978,금
OHE-01979,금
OHE-01980,금
OHE-01981,금
OHE-01982,금
OHE-01983,금
OHE-01984,금
OHE-01985,금
OHE-01986,금
OHE-01987,금
OHE-01988,금
OHE-01989,금
OHE-01990,금
OHE-01991,금
OHE-01992,금
OHE-01993,금
OHE-01994,금
OHE-01995,금
OHE-01996,금
OHE-01997,금
OHE-01998,금
OHE-01999,금
OHE-02000,금
OHE-02001,금
OHE-02002,금
OHE-02003,금
OHE-02004,금
OHE-02005,금
OHE-02006,금
OHE-02007,금
OHE-02008,금
OHE-02009,금
OHE-02010,금
OHE-02011,금
OHE-02012,금
OHE-02013,금
OHE-02014,금
OHE-02015,금
OHE-02016,금
OHE-02017,금
OHE-02018,금
OHE-02019,금
OHE-02020,금
OHE-02021,금
OHE-02022,금
OHE-02023,금
OHE-02024,금
OHE-02025,금
OHE-02026,금
OHE-02027,금
OHE-02028,금
OHE-02029,금
OHE-02030,금
OHE-02031,금
OHE-02032,금
OHE-02033,금
OHE-02034,금
OHE-02035,금
OHE-02036,금
OHE-02037,금
OHE-02038,금
OHE-02039,금
OHE-02040,금
OHE-02041,금
OHE-02042,금
OHE-02043,금
OHE-02044,금
OHE-02045,금
OHE-02046,금
OHE-02047,금
OHE-02048,금
OHE-02049,금
OHE-02050,금
OHE-02051,금
OHE-02052,금
OHE-02053,금
OHE-02054,금
OHE-02055,금
OHE-02056,금
OHE-02057,금
OHE-02058,금
OHE-02059,금
OHE-02060,금
OHE-02061,금
OHE-02062,금
OHE-02063,금
OHE-02064,금
OHE-02065,금
OHE-02066,금
OHE-02067,금
OHE-02068,금
OHE-02069,금
OHE-02070,금
OHE-02071,금
OHE-02072,금
OHE-02073,금
OHE-02074,금
OHE-02075,금
OHE-02076,금
OHE-02077,금
OHE-02078,금
OHE-02079,금
OHE-02080,금
OHE-02081,목
OHE-02082,목
OHE-02083,화
OHE-02084,화
OHE-02085,화
OHE-02086,화
OHE-02087,화
OHE-02088,화
OHE-02089,화
OHE-02090,화
OHE-02091,화
OHE-02092,화
OHE-02093,화
OHE-02094,화
OHE-02095,화
OHE-02096,화
OHE-02097,화
OHE-02098,화
OHE-02099,화
OHE-02100,화
OHE-02101,화
OHE-02102,화
OHE-02103,화
OHE-02104,화
OHE-02105,화
OHE-02106,화
OHE-02107,화
OHE-02108,화
OHE-02109,화
OHE-02110,화
OHE-02111,화
OHE-02112,화
OHE-02113,화
OHE-02114,화
OHE-02115,화
OHE-02116,화
OHE-02117,화
OHE-02118,화
OHE-02119,화
OHE-02120,화
OHE-02121,화
OHE-02122,화
OHE-02123,화
OHE-02124,화
OHE-02125,화
OHE-02126,화
OHE-02127,수
OHE-02128,수
OHE-02129,수
OHE-02130,수
OHE-02131,수
OHE-02132,수
OHE-02133,수
OHE-02134,수
OHE-02135,수
OHE-02136,수
OHE-02137,수
OHE-02138,수
OHE-02139,수
OHE-02140,수
OHE-02141,수
OHE-02142,수
OHE-02143,수
OHE-02144,수
OHE-02145,수
OHE-02146,수
OHE-02147,수
OHE-02148,수
OHE-02149,수
OHE-02150,수
OHE-02151,수
OHE-02152,수
OHE-02153,수
OHE-02154,수
OHE-02155,수
OHE-02156,수
OHE-02157,수
OHE-02158,수
OHE-02159,수
OHE-02160,수
OHE-02161,수
OHE-02162,수
OHE-02163,수
OHE-02164,수
OHE-02165,수
OHE-02166,수
OHE-02167,수
OHE-02168,수
OHE-02169,수
OHE-02170,수
OHE-02171,수
OHE-02172,수
OHE-02173,수
OHE-02174,수
OHE-02175,수
OHE-02176,수
OHE-02177,수
OHE-02178,수
OHE-02179,수
OHE-02180,수
OHE-02181,수
OHE-02182,수
OHE-02183,수
OHE-02184,수
OHE-02185,수
OHE-02186,수
OHE-02187,수
OHE-02188,수
OHE-02189,수
OHE-02190,수
OHE-02191,수
OHE-02192,토
OHE-02193,토
OHE-02194,토
OHE-02195,토
OHE-02196,토
OHE-02197,토
OHE-02198,토
OHE-02199,토
OHE-02200,토
OHE-02201,토
OHE-02202,토
OHE-02203,토
OHE-02204,토
OHE-02205,토
OHE-02206,토
OHE-02207,토
OHE-02208,토
OHE-02209,토
OHE-02210,토
OHE-02211,토
OHE-02212,토
OHE-02213,토
OHE-02214,토
OHE-02215,토
OHE-02216,토
OHE-02217,토
OHE-02218,토
OHE-02219,토
OHE-02220,토
OHE-02221,토
OHE-02222,토
OHE-02223,토
OHE-02224,토
OHE-02225,토
OHE-02226,토
OHE-02227,토
OHE-02228,토
OHE-02229,토
OHE-02230,토
OHE-02231,토
OHE-02232,토
OHE-02233,토
OHE-02234,토
OHE-02235,토
OHE-02236,토
OHE-02237,토
OHE-02238,토
OHE-02239,토
OHE-02240,토
OHE-02241,토
OHE-02242,토
OHE-02243,토
OHE-02244,토
OHE-02245,토
OHE-02246,토
OHE-02247,토
OHE-02248,토
OHE-02249,토
OHE-02250,토
OHE-02251,토
OHE-02252,토
OHE-02253,토
OHE-02254,토
OHE-02255,토
OHE-02256,토
OHE-02257,토
OHE-02258,토
OHE-02259,토
OHE-02260,토
OHE-02261,토
OHE-02262,토
OHE-02263,토
OHE-02264,토
OHE-02265,토
OHE-02266,토
OHE-02267,토
OHE-02268,토
OHE-02269,토
OHE-02270,토
OHE-02271,토
OHE-02272,토
OHE-02273,토
OHE-02274,토
OHE-02275,토
OHE-02276,토
OHE-02277,토
OHE-02278,토
OHE-02279,토
OHE-02280,토
OHE-02281,토
OHE-02282,토
OHE-02283,토
OHE-02284,토
OHE-02285,토
OHE-02286,토
OHE-02287,토
OHE-02288,토
OHE-02289,토
OHE-02290,토
OHE-02291,토
OHE-02292,토
OHE-02293,토
OHE-02294,토
OHE-02295,토
OHE-02296,토
OHE-02297,토
OHE-02298,토
OHE-02299,토
OHE-02300,토
OHE-02301,토
OHE-02302,토
OHE-02303,토
OHE-02304,토
OHE-02305,토
OHE-02306,토
OHE-02307,토
OHE-02308,토
OHE-02309,토
OHE-02310,토
OHE-02311,토
OHE-02312,토
OHE-02313,토
OHE-02314,토
OHE-02315,토
OHE-02316,토
OHE-02317,토
OHE-02318,토
OHE-02319,토
OHE-02320,토
OHE-02321,토
OHE-02322,토
OHE-02323,토
OHE-02324,토
OHE-02325,토
OHE-02326,토
OHE-02327,토
OHE-02328,토
OHE-02329,토
OHE-02330,토
OHE-02331,토
OHE-02332,토
OHE-02333,토
OHE-02334,토
OHE-02335,토
OHE-02336,토
OHE-02337,토
OHE-02338,토
OHE-02339,토
OHE-02340,토
OHE-02341,토
OHE-02342,토
OHE-02343,토
OHE-02344,토
OHE-02345,토
OHE-02346,토
OHE-02347,토
OHE-02348,토
OHE-02349,토
OHE-02350,토
OHE-02351,토
OHE-02352,토
OHE-02353,토
OHE-02354,토
OHE-02355,토
OHE-02356,토
OHE-02357,토
OHE-02358,토
OHE-02359,토
OHE-02360,토
OHE-02361,토
OHE-02362,토
OHE-02363,토
OHE-02364,토
OHE-02365,토
OHE-02366,토
OHE-02367,토
OHE-02368,토
OHE-02369,토
OHE-02370,토
OHE-02371,토
OHE-02372,토
OHE-02373,토
OHE-02374,토
OHE-02375,토
OHE-02376,토
OHE-02377,토
OHE-02378,토
OHE-02379,토
OHE-02380,토
OHE-02381,토
OHE-02382,토
OHE-02383,토
OHE-02384,토
OHE-02385,토
OHE-02386,토
OHE-02387,토
OHE-02388,토
OHE-02389,토
OHE-02390,토
OHE-02391,토
OHE-02392,토
OHE-02393,토
OHE-02394,토
OHE-02395,토
OHE-02396,토
OHE-02397,토
OHE-02398,토
OHE-02399,토
OHE-02400,토
OHE-02401,토
OHE-02402,토
OHE-02403,토
OHE-02404,토
OHE-02405,토
OHE-02406,토
OHE-02407,토
OHE-02408,토
OHE-02409,토
OHE-02410,토
OHE-02411,토
OHE-02412,토
OHE-02413,토
OHE-02414,토
OHE-02415,토
OHE-02416,토
OHE-02417,토
OHE-02418,토
OHE-02419,토
OHE-02420,토
