profile_id,hanja
OHE-00001,加
OHE-00002,可
OHE-00003,佳
OHE-00004,架
OHE-00005,家
OHE-00006,街
OHE-00007,賈
OHE-00008,暇
OHE-00009,嫁
OHE-00010,歌
OHE-00011,嘉
OHE-00012,價
OHE-00013,稼
OHE-00014,各
OHE-00015,却
OHE-00016,角
OHE-00017,刻
OHE-00018,恪
OHE-00019,珏
OHE-00020,殼
OHE-00021,閣
OHE-00022,覺
OHE-00023,干
OHE-00024,刊
OHE-00025,艮
OHE-00026,杆
OHE-00027,侃
OHE-00028,看
OHE-00029,竿
OHE-00030,間
OHE-00031,揀
OHE-00032,幹
OHE-00033,墾
OHE-00034,諫
OHE-00035,懇
OHE-00036,簡
OHE-00037,渴
OHE-00038,葛
OHE-00039,甘
OHE-00040,勘
OHE-00041,敢
OHE-00042,堪
OHE-00043,感
OHE-00044,減
OHE-00045,監
OHE-00046,瞰
OHE-00047,鑑
OHE-00048,甲
OHE-00049,鉀
OHE-00050,江
OHE-00051,岡
OHE-00052,姜
OHE-00053,剛
OHE-00054,強
OHE-00055,崗
OHE-00056,堈
OHE-00057,康
OHE-00058,降
OHE-00059,綱
OHE-00060,鋼
OHE-00061,彊
OHE-00062,講
OHE-00063,介
OHE-00064,价
OHE-00065,改
OHE-00066,個
OHE-00067,凱
OHE-00068,開
OHE-00069,槪
OHE-00070,漑
OHE-00071,盖
OHE-00072,客
OHE-00073,更
OHE-00074,去
OHE-00075,巨
OHE-00076,車
OHE-00077,居
OHE-00078,拒
OHE-00079,距
OHE-00080,渠
OHE-00081,據
OHE-00082,擧
OHE-00083,巾
OHE-00084,件
OHE-00085,建
OHE-00086,虔
OHE-00087,健
OHE-00088,乾
OHE-00089,楗
OHE-00090,鍵
OHE-00091,杰
OHE-00092,傑
OHE-00093,儉
OHE-00094,劍
OHE-00095,檢
OHE-00096,揭
OHE-00097,憩
OHE-00098,格
OHE-00099,檄
OHE-00100,激
OHE-00101,見
OHE-00102,堅
OHE-00103,牽
OHE-00104,絹
OHE-00105,遣
OHE-00106,決
OHE-00107,結
OHE-00108,潔
OHE-00109,兼
OHE-00110,謙
OHE-00111,更
OHE-00112,坰
OHE-00113,炅
OHE-00114,京
OHE-00115,庚
OHE-00116,俓
OHE-00117,勁
OHE-00118,倞
OHE-00119,耕
OHE-00120,耿
OHE-00121,徑
OHE-00122,梗
OHE-00123,竟
OHE-00124,涇
OHE-00125,硬
OHE-00126,卿
OHE-00127,景
OHE-00128,敬
OHE-00129,經
OHE-00130,莖
OHE-00131,輕
OHE-00132,逕
OHE-00133,境
OHE-00134,慶
OHE-00135,憬
OHE-00136,暻
OHE-00137,擎
OHE-00138,暻
OHE-00139,鏡
OHE-00140,鯨
OHE-00141,競
OHE-00142,警
OHE-00143,瓊
OHE-00144,戒
OHE-00145,系
OHE-00146,季
OHE-00147,係
OHE-00148,契
OHE-00149,計
OHE-00150,癸
OHE-00151,界
OHE-00152,桂
OHE-00153,啓
OHE-00154,誡
OHE-00155,溪
OHE-00156,階
OHE-00157,繼
OHE-00158,鷄
OHE-00159,叩
OHE-00160,古
OHE-00161,告
OHE-00162,固
OHE-00163,考
OHE-00164,姑
OHE-00165,枯
OHE-00166,庫
OHE-00167,高
OHE-00168,皐
OHE-00169,鼓
OHE-00170,敲
OHE-00171,稿
OHE-00172,顧
OHE-00173,曲
OHE-00174,谷
OHE-00175,穀
OHE-00176,坤
OHE-00177,昆
OHE-00178,崑
OHE-00179,琨
OHE-00180,骨
OHE-00181,工
OHE-00182,公
OHE-00183,孔
OHE-00184,功
OHE-00185,共
OHE-00186,攻
OHE-00187,空
OHE-00188,供
OHE-00189,恭
OHE-00190,貢
OHE-00191,珙
OHE-00192,控
OHE-00193,戈
OHE-00194,瓜
OHE-00195,果
OHE-00196,科
OHE-00197,誇
OHE-00198,菓
OHE-00199,課
OHE-00200,過
OHE-00201,廓
OHE-00202,郭
OHE-00203,官
OHE-00204,冠
OHE-00205,貫
OHE-00206,款
OHE-00207,琯
OHE-00208,管
OHE-00209,寬
OHE-00210,慣
OHE-00211,館
OHE-00212,關
OHE-00213,灌
OHE-00214,瓘
OHE-00215,觀
OHE-00216,括
OHE-00217,匡
OHE-00218,光
OHE-00219,炚
OHE-00220,侊
OHE-00221,洸
OHE-00222,珖
OHE-00223,廣
OHE-00224,曠
OHE-00225,鑛
OHE-00226,掛
OHE-00227,塊
OHE-00228,宏
OHE-00229,巧
OHE-00230,交
OHE-00231,校
OHE-00232,敎
OHE-00233,喬
OHE-00234,郊
OHE-00235,較
OHE-00236,嬌
OHE-00237,橋
OHE-00238,矯
OHE-00239,久
OHE-00240,口
OHE-00241,句
OHE-00242,丘
OHE-00243,求
OHE-00244,究
OHE-00245,具
OHE-00246,丘
OHE-00247,玖
OHE-00248,枸
OHE-00249,九
OHE-00250,矩
OHE-00251,俱
OHE-00252,區
OHE-00253,救
OHE-00254,耉
OHE-00255,苟
OHE-00256,球
OHE-00257,邱
OHE-00258,鳩
OHE-00259,構
OHE-00260,溝
OHE-00261,銶
OHE-00262,龜
OHE-00263,購
OHE-00264,軀
OHE-00265,舊
OHE-00266,驅
OHE-00267,鷗
OHE-00268,局
OHE-00269,國
OHE-00270,菊
OHE-00271,鞠
OHE-00272,君
OHE-00273,軍
OHE-00274,群
OHE-00275,屈
OHE-00276,窟
OHE-00277,弓
OHE-00278,躬
OHE-00279,宮
OHE-00280,券
OHE-00281,券
OHE-00282,拳
OHE-00283,眷
OHE-00284,圈
OHE-00285,勸
OHE-00286,權
OHE-00287,闕
OHE-00288,軌
OHE-00289,貴
OHE-00290,龜
OHE-00291,歸
OHE-00292,叫
OHE-00293,珪
OHE-00294,奎
OHE-00295,規
OHE-00296,珪
OHE-00297,揆
OHE-00298,閨
OHE-00299,逵
OHE-00300,葵
OHE-00301,窺
OHE-00302,均
OHE-00303,畇
OHE-00304,鈞
OHE-00305,菌
OHE-00306,克
OHE-00307,剋
OHE-00308,極
OHE-00309,劇
OHE-00310,隙
OHE-00311,斤
OHE-00312,劤
OHE-00313,根
OHE-00314,近
OHE-00315,僅
OHE-00316,勤
OHE-00317,嫤
OHE-00318,漌
OHE-00319,槿
OHE-00320,瑾
OHE-00321,謹
OHE-00322,今
OHE-00323,昑
OHE-00324,金
OHE-00325,衾
OHE-00326,琴
OHE-00327,錦
OHE-00328,襟
OHE-00329,及
OHE-00330,汲
OHE-00331,級
OHE-00332,給
OHE-00333,亘
OHE-00334,矜
OHE-00335,肯
OHE-00336,兢
OHE-00337,己
OHE-00338,企
OHE-00339,技
OHE-00340,岐
OHE-00341,圻
OHE-00342,杞
OHE-00343,其
OHE-00344,奇
OHE-00345,汽
OHE-00346,沂
OHE-00347,技
OHE-00348,玘
OHE-00349,紀
OHE-00350,祈
OHE-00351,記
OHE-00352,氣
OHE-00353,耆
OHE-00354,豈
OHE-00355,起
OHE-00356,埼
OHE-00357,寄
OHE-00358,旣
OHE-00359,基
OHE-00360,崎
OHE-00361,淇
OHE-00362,期
OHE-00363,幾
OHE-00364,棋
OHE-00365,祺
OHE-00366,琪
OHE-00367,琦
OHE-00368,嗜
OHE-00369,旗
OHE-00370,暣
OHE-00371,綺
OHE-00372,箕
OHE-00373,畿
OHE-00374,器
OHE-00375,冀
OHE-00376,機
OHE-00377,錡
OHE-00378,璂
OHE-00379,錤
OHE-00380,璣
OHE-00381,磯
OHE-00382,騎
OHE-00383,騏
OHE-00384,麒
OHE-00385,譏
OHE-00386,驥
OHE-00387,緊
OHE-00388,吉
OHE-00389,佶
OHE-00390,姞
OHE-00391,桔
OHE-00392,金
OHE-00393,柰
OHE-00394,拏
OHE-00395,娜
OHE-00396,那
OHE-00397,諾
OHE-00398,暖
OHE-00399,煖
OHE-00400,捺
OHE-00401,男
OHE-00402,南
OHE-00403,湳
OHE-00404,楠
OHE-00405,納
OHE-00406,娘
OHE-00407,乃
OHE-00408,內
OHE-00409,耐
OHE-00410,柰
OHE-00411,女
OHE-00412,年
OHE-00413,念
OHE-00414,寧
OHE-00415,努
OHE-00416,農
OHE-00417,濃
OHE-00418,紐
OHE-00419,能
OHE-00420,泥
OHE-00421,多
OHE-00422,茶
OHE-00423,丹
OHE-00424,旦
OHE-00425,但
OHE-00426,段
OHE-00427,短
OHE-00428,單
OHE-00429,端
OHE-00430,團
OHE-00431,緞
OHE-00432,壇
OHE-00433,鍛
OHE-00434,檀
OHE-00435,斷
OHE-00436,達
OHE-00437,淡
OHE-00438,覃
OHE-00439,談
OHE-00440,潭
OHE-00441,澹
OHE-00442,擔
OHE-00443,譚
OHE-00444,沓
OHE-00445,答
OHE-00446,唐
OHE-00447,堂
OHE-00448,當
OHE-00449,塘
OHE-00450,撞
OHE-00451,黨
OHE-00452,大
OHE-00453,代
OHE-00454,垈
OHE-00455,待
OHE-00456,玳
OHE-00457,帶
OHE-00458,袋
OHE-00459,貸
OHE-00460,臺
OHE-00461,對
OHE-00462,隊
OHE-00463,擡
OHE-00464,戴
OHE-00465,德
OHE-00466,刀
OHE-00467,到
OHE-00468,度
OHE-00469,挑
OHE-00470,徒
OHE-00471,桃
OHE-00472,島
OHE-00473,堵
OHE-00474,渡
OHE-00475,跳
OHE-00476,塗
OHE-00477,圖
OHE-00478,途
OHE-00479,稻
OHE-00480,道
OHE-00481,都
OHE-00482,導
OHE-00483,陶
OHE-00484,鍍
OHE-00485,蹈
OHE-00486,燾
OHE-00487,濤
OHE-00488,禱
OHE-00489,督
OHE-00490,篤
OHE-00491,讀
OHE-00492,惇
OHE-00493,敦
OHE-00494,頓
OHE-00495,墩
OHE-00496,燉
OHE-00497,暾
OHE-00498,乭
OHE-00499,冬
OHE-00500,同
OHE-00501,東
OHE-00502,洞
OHE-00503,桐
OHE-00504,動
OHE-00505,童
OHE-00506,棟
OHE-00507,銅
OHE-00508,董
OHE-00509,潼
OHE-00510,瞳
OHE-00511,斗
OHE-00512,杜
OHE-00513,豆
OHE-00514,枓
OHE-00515,頭
OHE-00516,屯
OHE-00517,鈍
OHE-00518,得
OHE-00519,等
OHE-00520,登
OHE-00521,燈
OHE-00522,鄧
OHE-00523,騰
OHE-00524,藤
OHE-00525,螺
OHE-00526,羅
OHE-00527,洛
OHE-00528,珞
OHE-00529,絡
OHE-00530,樂
OHE-00531,卵
OHE-00532,瀾
OHE-00533,爛
OHE-00534,蘭
OHE-00535,濫
OHE-00536,藍
OHE-00537,覽
OHE-00538,浪
OHE-00539,朗
OHE-00540,琅
OHE-00541,郞
OHE-00542,瑯
OHE-00543,來
OHE-00544,崍
OHE-00545,萊
OHE-00546,冷
OHE-00547,略
OHE-00548,良
OHE-00549,兩
OHE-00550,亮
OHE-00551,凉
OHE-00552,倆
OHE-00553,梁
OHE-00554,涼
OHE-00555,量
OHE-00556,樑
OHE-00557,諒
OHE-00558,糧
OHE-00559,呂
OHE-00560,侶
OHE-00561,旅
OHE-00562,黎
OHE-00563,閭
OHE-00564,慮
OHE-00565,勵
OHE-00566,麗
OHE-00567,力
OHE-00568,歷
OHE-00569,曆
OHE-00570,煉
OHE-00571,連
OHE-00572,練
OHE-00573,憐
OHE-00574,鍊
OHE-00575,蓮
OHE-00576,聯
OHE-00577,戀
OHE-00578,列
OHE-00579,洌
OHE-00580,烈
OHE-00581,廉
OHE-00582,斂
OHE-00583,濂
OHE-00584,簾
OHE-00585,獵
OHE-00586,令
OHE-00587,伶
OHE-00588,怜
OHE-00589,玲
OHE-00590,鈴
OHE-00591,零
OHE-00592,領
OHE-00593,嶺
OHE-00594,齡
OHE-00595,靈
OHE-00596,例
OHE-00597,禮
OHE-00598,老
OHE-00599,勞
OHE-00600,路
OHE-00601,魯
OHE-00602,盧
OHE-00603,露
OHE-00604,爐
OHE-00605,鷺
OHE-00606,鹿
OHE-00607,祿
OHE-00608,綠
OHE-00609,錄
OHE-00610,論
OHE-00611,弄
OHE-00612,瀧
OHE-00613,瓏
OHE-00614,籠
OHE-00615,雷
OHE-00616,賴
OHE-00617,瀨
OHE-00618,了
OHE-00619,料
OHE-00620,僚
OHE-00621,龍
OHE-00622,累
OHE-00623,屢
OHE-00624,樓
OHE-00625,柳
OHE-00626,留
OHE-00627,流
OHE-00628,琉
OHE-00629,硫
OHE-00630,瑠
OHE-00631,劉
OHE-00632,類
OHE-00633,六
OHE-00634,陸
OHE-00635,侖
OHE-00636,倫
OHE-00637,崙
OHE-00638,綸
OHE-00639,輪
OHE-00640,律
OHE-00641,栗
OHE-00642,率
OHE-00643,隆
OHE-00644,凜
OHE-00645,稜
OHE-00646,菱
OHE-00647,綾
OHE-00648,陵
OHE-00649,吏
OHE-00650,里
OHE-00651,李
OHE-00652,利
OHE-00653,梨
OHE-00654,悧
OHE-00655,理
OHE-00656,莉
OHE-00657,裏
OHE-00658,履
OHE-00659,璃
OHE-00660,潾
OHE-00661,璘
OHE-00662,隣
OHE-00663,麟
OHE-00664,林
OHE-00665,淋
OHE-00666,琳
OHE-00667,霖
OHE-00668,臨
OHE-00669,立
OHE-00670,粒
OHE-00671,笠
OHE-00672,馬
OHE-00673,麻
OHE-00674,瑪
OHE-00675,磨
OHE-00676,莫
OHE-00677,幕
OHE-00678,漠
OHE-00679,万
OHE-00680,曼
OHE-00681,晩
OHE-00682,萬
OHE-00683,滿
OHE-00684,蔓
OHE-00685,末
OHE-00686,茉
OHE-00687,望
OHE-00688,網
OHE-00689,每
OHE-00690,妹
OHE-00691,梅
OHE-00692,買
OHE-00693,媒
OHE-00694,賣
OHE-00695,麥
OHE-00696,脈
OHE-00697,孟
OHE-00698,猛
OHE-00699,盟
OHE-00700,萌
OHE-00701,免
OHE-00702,面
OHE-00703,勉
OHE-00704,冕
OHE-00705,棉
OHE-00706,綿
OHE-00707,名
OHE-00708,命
OHE-00709,明
OHE-00710,溟
OHE-00711,銘
OHE-00712,鳴
OHE-00713,毛
OHE-00714,母
OHE-00715,矛
OHE-00716,牟
OHE-00717,冒
OHE-00718,某
OHE-00719,募
OHE-00720,貌
OHE-00721,模
OHE-00722,摸
OHE-00723,慕
OHE-00724,暮
OHE-00725,謀
OHE-00726,謨
OHE-00727,木
OHE-00728,目
OHE-00729,沐
OHE-00730,牧
OHE-00731,睦
OHE-00732,穆
OHE-00733,夢
OHE-00734,蒙
OHE-00735,卯
OHE-00736,妙
OHE-00737,苗
OHE-00738,描
OHE-00739,錨
OHE-00740,戊
OHE-00741,武
OHE-00742,拇
OHE-00743,畝
OHE-00744,茂
OHE-00745,務
OHE-00746,貿
OHE-00747,無
OHE-00748,珷
OHE-00749,舞
OHE-00750,撫
OHE-00751,懋
OHE-00752,霧
OHE-00753,墨
OHE-00754,默
OHE-00755,文
OHE-00756,門
OHE-00757,紋
OHE-00758,問
OHE-00759,聞
OHE-00760,物
OHE-00761,未
OHE-00762,米
OHE-00763,尾
OHE-00764,味
OHE-00765,眉
OHE-00766,美
OHE-00767,媚
OHE-00768,渼
OHE-00769,微
OHE-00770,彌
OHE-00771,薇
OHE-00772,民
OHE-00773,岷
OHE-00774,旼
OHE-00775,旻
OHE-00776,玟
OHE-00777,珉
OHE-00778,敏
OHE-00779,閔
OHE-00780,慜
OHE-00781,密
OHE-00782,蜜
OHE-00783,朴
OHE-00784,泊
OHE-00785,拍
OHE-00786,珀
OHE-00787,舶
OHE-00788,博
OHE-00789,撲
OHE-00790,璞
OHE-00791,薄
OHE-00792,反
OHE-00793,半
OHE-00794,伴
OHE-00795,畔
OHE-00796,般
OHE-00797,班
OHE-00798,返
OHE-00799,頒
OHE-00800,飯
OHE-00801,磐
OHE-00802,盤
OHE-00803,潘
OHE-00804,拔
OHE-00805,發
OHE-00806,渤
OHE-00807,鉢
OHE-00808,髮
OHE-00809,潑
OHE-00810,方
OHE-00811,彷
OHE-00812,坊
OHE-00813,放
OHE-00814,昉
OHE-00815,芳
OHE-00816,倣
OHE-00817,邦
OHE-00818,訪
OHE-00819,傍
OHE-00820,防
OHE-00821,龐
OHE-00822,杯
OHE-00823,拜
OHE-00824,倍
OHE-00825,配
OHE-00826,背
OHE-00827,培
OHE-00828,排
OHE-00829,湃
OHE-00830,裵
OHE-00831,輩
OHE-00832,陪
OHE-00833,白
OHE-00834,百
OHE-00835,伯
OHE-00836,佰
OHE-00837,帛
OHE-00838,栢
OHE-00839,番
OHE-00840,繁
OHE-00841,藩
OHE-00842,飜
OHE-00843,伐
OHE-00844,閥
OHE-00845,凡
OHE-00846,氾
OHE-00847,帆
OHE-00848,汎
OHE-00849,范
OHE-00850,範
OHE-00851,法
OHE-00852,碧
OHE-00853,壁
OHE-00854,璧
OHE-00855,闢
OHE-00856,卞
OHE-00857,弁
OHE-00858,辨
OHE-00859,辯
OHE-00860,邊
OHE-00861,變
OHE-00862,別
OHE-00863,丙
OHE-00864,兵
OHE-00865,幷
OHE-00866,秉
OHE-00867,炳
OHE-00868,昺
OHE-00869,柄
OHE-00870,竝
OHE-00871,屛
OHE-00872,棅
OHE-00873,步
OHE-00874,甫
OHE-00875,保
OHE-00876,報
OHE-00877,普
OHE-00878,堡
OHE-00879,補
OHE-00880,輔
OHE-00881,菩
OHE-00882,潽
OHE-00883,寶
OHE-00884,譜
OHE-00885,卜
OHE-00886,伏
OHE-00887,服
OHE-00888,復
OHE-00889,福
OHE-00890,複
OHE-00891,馥
OHE-00892,本
OHE-00893,奉
OHE-00894,封
OHE-00895,俸
OHE-00896,峯
OHE-00897,烽
OHE-00898,捧
OHE-00899,蜂
OHE-00900,逢
OHE-00901,鳳
OHE-00902,蓬
OHE-00903,父
OHE-00904,夫
OHE-00905,付
OHE-00906,孚
OHE-00907,扶
OHE-00908,府
OHE-00909,赴
OHE-00910,芙
OHE-00911,浮
OHE-00912,婦
OHE-00913,副
OHE-00914,富
OHE-00915,復
OHE-00916,傅
OHE-00917,附
OHE-00918,溥
OHE-00919,敷
OHE-00920,北
OHE-00921,分
OHE-00922,汾
OHE-00923,盆
OHE-00924,粉
OHE-00925,芬
OHE-00926,奮
OHE-00927,佛
OHE-00928,拂
OHE-00929,朋
OHE-00930,鵬
OHE-00931,比
OHE-00932,妃
OHE-00933,庇
OHE-00934,枇
OHE-00935,批
OHE-00936,飛
OHE-00937,肥
OHE-00938,祕
OHE-00939,備
OHE-00940,扉
OHE-00941,費
OHE-00942,碑
OHE-00943,琵
OHE-00944,譬
OHE-00945,玭
OHE-00946,彬
OHE-00947,斌
OHE-00948,賓
OHE-00949,頻
OHE-00950,濱
OHE-00951,氷
OHE-00952,聘
OHE-00953,憑
OHE-00954,士
OHE-00955,四
OHE-00956,司
OHE-00957,仕
OHE-00958,史
OHE-00959,寺
OHE-00960,似
OHE-00961,私
OHE-00962,沙
OHE-00963,事
OHE-00964,祀
OHE-00965,舍
OHE-00966,社
OHE-00967,使
OHE-00968,思
OHE-00969,査
OHE-00970,紗
OHE-00971,師
OHE-00972,射
OHE-00973,娑
OHE-00974,斜
OHE-00975,徙
OHE-00976,詞
OHE-00977,捨
OHE-00978,絲
OHE-00979,斯
OHE-00980,嗣
OHE-00981,寫
OHE-00982,賜
OHE-00983,辭
OHE-00984,削
OHE-00985,山
OHE-00986,珊
OHE-00987,産
OHE-00988,算
OHE-00989,酸
OHE-00990,薩
OHE-00991,三
OHE-00992,杉
OHE-00993,衫
OHE-00994,參
OHE-00995,森
OHE-00996,蔘
OHE-00997,揷
OHE-00998,上
OHE-00999,尙
OHE-01000,狀
OHE-01001,相
OHE-01002,庠
OHE-01003,桑
OHE-01004,祥
OHE-01005,爽
OHE-01006,商
OHE-01007,常
OHE-01008,翔
OHE-01009,象
OHE-01010,湘
OHE-01011,想
OHE-01012,詳
OHE-01013,嘗
OHE-01014,裳
OHE-01015,像
OHE-01016,箱
OHE-01017,賞
OHE-01018,償
OHE-01019,霜
OHE-01020,雙
OHE-01021,塞
OHE-01022,色
OHE-01023,索
OHE-01024,穡
OHE-01025,生
OHE-01026,西
OHE-01027,序
OHE-01028,抒
OHE-01029,書
OHE-01030,恕
OHE-01031,徐
OHE-01032,庶
OHE-01033,敍
OHE-01034,棲
OHE-01035,舒
OHE-01036,暑
OHE-01037,誓
OHE-01038,瑞
OHE-01039,署
OHE-01040,緖
OHE-01041,曙
OHE-01042,夕
OHE-01043,石
OHE-01044,汐
OHE-01045,析
OHE-01046,昔
OHE-01047,席
OHE-01048,晳
OHE-01049,淅
OHE-01050,惜
OHE-01051,碩
OHE-01052,奭
OHE-01053,錫
OHE-01054,釋
OHE-01055,仙
OHE-01056,先
OHE-01057,宣
OHE-01058,扇
OHE-01059,旋
OHE-01060,船
OHE-01061,琁
OHE-01062,善
OHE-01063,渲
OHE-01064,羨
OHE-01065,瑄
OHE-01066,銑
OHE-01067,嬋
OHE-01068,線
OHE-01069,璇
OHE-01070,禪
OHE-01071,鮮
OHE-01072,繕
OHE-01073,選
OHE-01074,璿
OHE-01075,舌
OHE-01076,雪
OHE-01077,設
OHE-01078,卨
OHE-01079,楔
OHE-01080,說
OHE-01081,薛
OHE-01082,暹
OHE-01083,纖
OHE-01084,涉
OHE-01085,葉
OHE-01086,燮
OHE-01087,攝
OHE-01088,成
OHE-01089,姓
OHE-01090,星
OHE-01091,省
OHE-01092,性
OHE-01093,城
OHE-01094,晟
OHE-01095,盛
OHE-01096,珹
OHE-01097,惺
OHE-01098,聖
OHE-01099,誠
OHE-01100,聲
OHE-01101,世
OHE-01102,洗
OHE-01103,細
OHE-01104,勢
OHE-01105,歲
OHE-01106,小
OHE-01107,少
OHE-01108,召
OHE-01109,所
OHE-01110,昭
OHE-01111,炤
OHE-01112,笑
OHE-01113,素
OHE-01114,紹
OHE-01115,疏
OHE-01116,邵
OHE-01117,韶
OHE-01118,燒
OHE-01119,蘇
OHE-01120,束
OHE-01121,速
OHE-01122,續
OHE-01123,孫
OHE-01124,遜
OHE-01125,帥
OHE-01126,率
OHE-01127,宋
OHE-01128,松
OHE-01129,頌
OHE-01130,釗
OHE-01131,水
OHE-01132,手
OHE-01133,收
OHE-01134,守
OHE-01135,秀
OHE-01136,垂
OHE-01137,受
OHE-01138,首
OHE-01139,帥
OHE-01140,洙
OHE-01141,殊
OHE-01142,修
OHE-01143,琇
OHE-01144,授
OHE-01145,需
OHE-01146,壽
OHE-01147,銖
OHE-01148,粹
OHE-01149,數
OHE-01150,輸
OHE-01151,樹
OHE-01152,遂
OHE-01153,穗
OHE-01154,繡
OHE-01155,隨
OHE-01156,叔
OHE-01157,淑
OHE-01158,肅
OHE-01159,琡
OHE-01160,熟
OHE-01161,璹
OHE-01162,旬
OHE-01163,盾
OHE-01164,純
OHE-01165,洵
OHE-01166,珣
OHE-01167,循
OHE-01168,淳
OHE-01169,舜
OHE-01170,順
OHE-01171,諄
OHE-01172,錞
OHE-01173,術
OHE-01174,述
OHE-01175,崇
OHE-01176,嵩
OHE-01177,瑟
OHE-01178,拾
OHE-01179,習
OHE-01180,濕
OHE-01181,升
OHE-01182,丞
OHE-01183,昇
OHE-01184,承
OHE-01185,乘
OHE-01186,勝
OHE-01187,陞
OHE-01188,示
OHE-01189,市
OHE-01190,始
OHE-01191,施
OHE-01192,柴
OHE-01193,是
OHE-01194,時
OHE-01195,恃
OHE-01196,視
OHE-01197,詩
OHE-01198,試
OHE-01199,氏
OHE-01200,式
OHE-01201,食
OHE-01202,息
OHE-01203,植
OHE-01204,寔
OHE-01205,湜
OHE-01206,軾
OHE-01207,識
OHE-01208,申
OHE-01209,臣
OHE-01210,辛
OHE-01211,身
OHE-01212,伸
OHE-01213,信
OHE-01214,神
OHE-01215,訊
OHE-01216,迅
OHE-01217,晨
OHE-01218,紳
OHE-01219,新
OHE-01220,愼
OHE-01221,室
OHE-01222,實
OHE-01223,心
OHE-01224,沈
OHE-01225,沁
OHE-01226,深
OHE-01227,尋
OHE-01228,審
OHE-01229,什
OHE-01230,十
OHE-01231,拾
OHE-01232,牙
OHE-01233,我
OHE-01234,亞
OHE-01235,兒
OHE-01236,芽
OHE-01237,娥
OHE-01238,雅
OHE-01239,阿
OHE-01240,岳
OHE-01241,堊
OHE-01242,樂
OHE-01243,嶽
OHE-01244,安
OHE-01245,岸
OHE-01246,按
OHE-01247,晏
OHE-01248,案
OHE-01249,顔
OHE-01250,謁
OHE-01251,巖
OHE-01252,押
OHE-01253,壓
OHE-01254,央
OHE-01255,仰
OHE-01256,昻
OHE-01257,鴦
OHE-01258,厓
OHE-01259,涯
OHE-01260,愛
OHE-01261,液
OHE-01262,額
OHE-01263,鶯
OHE-01264,櫻
OHE-01265,冶
OHE-01266,野
OHE-01267,約
OHE-01268,若
OHE-01269,躍
OHE-01270,藥
OHE-01271,羊
OHE-01272,洋
OHE-01273,揚
OHE-01274,楊
OHE-01275,養
OHE-01276,樣
OHE-01277,襄
OHE-01278,陽
OHE-01279,壤
OHE-01280,魚
OHE-01281,御
OHE-01282,語
OHE-01283,億
OHE-01284,憶
OHE-01285,檍
OHE-01286,言
OHE-01287,彦
OHE-01288,諺
OHE-01289,嚴
OHE-01290,業
OHE-01291,嶪
OHE-01292,予
OHE-01293,如
OHE-01294,余
OHE-01295,汝
OHE-01296,與
OHE-01297,餘
OHE-01298,亦
OHE-01299,易
OHE-01300,譯
OHE-01301,驛
OHE-01302,延
OHE-01303,沇
OHE-01304,妍
OHE-01305,衍
OHE-01306,沿
OHE-01307,娟
OHE-01308,宴
OHE-01309,硏
OHE-01310,軟
OHE-01311,涓
OHE-01312,然
OHE-01313,淵
OHE-01314,演
OHE-01315,緣
OHE-01316,燃
OHE-01317,燕
OHE-01318,悅
OHE-01319,說
OHE-01320,閱
OHE-01321,熱
OHE-01322,炎
OHE-01323,琰
OHE-01324,艶
OHE-01325,葉
OHE-01326,燁
OHE-01327,曄
OHE-01328,永
OHE-01329,映
OHE-01330,盈
OHE-01331,泳
OHE-01332,英
OHE-01333,迎
OHE-01334,詠
OHE-01335,楹
OHE-01336,渶
OHE-01337,暎
OHE-01338,煐
OHE-01339,榮
OHE-01340,瑛
OHE-01341,影
OHE-01342,瑩
OHE-01343,穎
OHE-01344,營
OHE-01345,鍈
OHE-01346,瀯
OHE-01347,瓔
OHE-01348,乂
OHE-01349,芮
OHE-01350,預
OHE-01351,銳
OHE-01352,豫
OHE-01353,叡
OHE-01354,譽
OHE-01355,藝
OHE-01356,午
OHE-01357,五
OHE-01358,伍
OHE-01359,吾
OHE-01360,吳
OHE-01361,旿
OHE-01362,娛
OHE-01363,悟
OHE-01364,晤
OHE-01365,梧
OHE-01366,奧
OHE-01367,玉
OHE-01368,沃
OHE-01369,屋
OHE-01370,鈺
OHE-01371,溫
OHE-01372,穩
OHE-01373,雍
OHE-01374,壅
OHE-01375,擁
OHE-01376,瓦
OHE-01377,臥
OHE-01378,完
OHE-01379,宛
OHE-01380,玩
OHE-01381,婉
OHE-01382,琓
OHE-01383,莞
OHE-01384,琬
OHE-01385,緩
OHE-01386,曰
OHE-01387,王
OHE-01388,往
OHE-01389,枉
OHE-01390,汪
OHE-01391,旺
OHE-01392,外
OHE-01393,要
OHE-01394,姚
OHE-01395,堯
OHE-01396,僥
OHE-01397,搖
OHE-01398,樂
OHE-01399,謠
OHE-01400,遙
OHE-01401,曜
OHE-01402,耀
OHE-01403,饒
OHE-01404,浴
OHE-01405,用
OHE-01406,勇
OHE-01407,埇
OHE-01408,容
OHE-01409,庸
OHE-01410,涌
OHE-01411,湧
OHE-01412,墉
OHE-01413,踊
OHE-01414,榕
OHE-01415,溶
OHE-01416,瑢
OHE-01417,蓉
OHE-01418,鎔
OHE-01419,鏞
OHE-01420,又
OHE-01421,于
OHE-01422,尤
OHE-01423,友
OHE-01424,右
OHE-01425,羽
OHE-01426,宇
OHE-01427,佑
OHE-01428,旴
OHE-01429,雨
OHE-01430,玗
OHE-01431,禹
OHE-01432,祐
OHE-01433,迂
OHE-01434,釪
OHE-01435,偶
OHE-01436,寓
OHE-01437,愚
OHE-01438,瑀
OHE-01439,郵
OHE-01440,遇
OHE-01441,優
OHE-01442,隅
OHE-01443,旭
OHE-01444,昱
OHE-01445,彧
OHE-01446,郁
OHE-01447,煜
OHE-01448,云
OHE-01449,耘
OHE-01450,雲
OHE-01451,運
OHE-01452,澐
OHE-01453,韻
OHE-01454,蔚
OHE-01455,雄
OHE-01456,熊
OHE-01457,元
OHE-01458,沅
OHE-01459,垣
OHE-01460,洹
OHE-01461,員
OHE-01462,原
OHE-01463,袁
OHE-01464,苑
OHE-01465,媛
OHE-01466,援
OHE-01467,園
OHE-01468,圓
OHE-01469,源
OHE-01470,瑗
OHE-01471,愿
OHE-01472,院
OHE-01473,遠
OHE-01474,轅
OHE-01475,願
OHE-01476,月
OHE-01477,越
OHE-01478,位
OHE-01479,委
OHE-01480,威
OHE-01481,尉
OHE-01482,偉
OHE-01483,圍
OHE-01484,爲
OHE-01485,渭
OHE-01486,暐
OHE-01487,瑋
OHE-01488,緯
OHE-01489,慰
OHE-01490,謂
OHE-01491,衛
OHE-01492,魏
OHE-01493,由
OHE-01494,幼
OHE-01495,有
OHE-01496,酉
OHE-01497,攸
OHE-01498,侑
OHE-01499,幽
OHE-01500,油
OHE-01501,柔
OHE-01502,兪
OHE-01503,宥
OHE-01504,柚
OHE-01505,洧
OHE-01506,唯
OHE-01507,釉
OHE-01508,喩
OHE-01509,庾
OHE-01510,惟
OHE-01511,愉
OHE-01512,裕
OHE-01513,楡
OHE-01514,猶
OHE-01515,誘
OHE-01516,維
OHE-01517,瑜
OHE-01518,諭
OHE-01519,遊
OHE-01520,儒
OHE-01521,濡
OHE-01522,遺
OHE-01523,育
OHE-01524,堉
OHE-01525,尹
OHE-01526,允
OHE-01527,玧
OHE-01528,胤
OHE-01529,鈗
OHE-01530,閏
OHE-01531,奫
OHE-01532,潤
OHE-01533,融
OHE-01534,垠
OHE-01535,殷
OHE-01536,恩
OHE-01537,銀
OHE-01538,誾
OHE-01539,隱
OHE-01540,乙
OHE-01541,吟
OHE-01542,音
OHE-01543,飮
OHE-01544,邑
OHE-01545,凝
OHE-01546,應
OHE-01547,鷹
OHE-01548,衣
OHE-01549,宜
OHE-01550,依
OHE-01551,倚
OHE-01552,意
OHE-01553,義
OHE-01554,儀
OHE-01555,毅
OHE-01556,誼
OHE-01557,擬
OHE-01558,醫
OHE-01559,議
OHE-01560,懿
OHE-01561,二
OHE-01562,已
OHE-01563,以
OHE-01564,耳
OHE-01565,弛
OHE-01566,而
OHE-01567,伊
OHE-01568,易
OHE-01569,怡
OHE-01570,珥
OHE-01571,異
OHE-01572,移
OHE-01573,貽
OHE-01574,貳
OHE-01575,爾
OHE-01576,彛
OHE-01577,益
OHE-01578,翊
OHE-01579,翌
OHE-01580,翼
OHE-01581,謚
OHE-01582,瀷
OHE-01583,人
OHE-01584,仁
OHE-01585,引
OHE-01586,印
OHE-01587,因
OHE-01588,忍
OHE-01589,姻
OHE-01590,寅
OHE-01591,認
OHE-01592,一
OHE-01593,日
OHE-01594,佾
OHE-01595,壹
OHE-01596,溢
OHE-01597,馹
OHE-01598,逸
OHE-01599,鎰
OHE-01600,壬
OHE-01601,任
OHE-01602,稔
OHE-01603,入
OHE-01604,剩
OHE-01605,子
OHE-01606,仔
OHE-01607,字
OHE-01608,自
OHE-01609,姿
OHE-01610,玆
OHE-01611,者
OHE-01612,瓷
OHE-01613,紫
OHE-01614,雌
OHE-01615,資
OHE-01616,滋
OHE-01617,慈
OHE-01618,磁
OHE-01619,藉
OHE-01620,灼
OHE-01621,作
OHE-01622,芍
OHE-01623,雀
OHE-01624,爵
OHE-01625,鵲
OHE-01626,箴
OHE-01627,暫
OHE-01628,潛
OHE-01629,蠶
OHE-01630,雜
OHE-01631,庄
OHE-01632,匠
OHE-01633,壯
OHE-01634,杖
OHE-01635,長
OHE-01636,章
OHE-01637,張
OHE-01638,將
OHE-01639,帳
OHE-01640,粧
OHE-01641,場
OHE-01642,掌
OHE-01643,裝
OHE-01644,莊
OHE-01645,奬
OHE-01646,樟
OHE-01647,暲
OHE-01648,璋
OHE-01649,墻
OHE-01650,蔣
OHE-01651,薔
OHE-01652,藏
OHE-01653,才
OHE-01654,再
OHE-01655,在
OHE-01656,材
OHE-01657,哉
OHE-01658,栽
OHE-01659,財
OHE-01660,宰
OHE-01661,梓
OHE-01662,裁
OHE-01663,渽
OHE-01664,載
OHE-01665,縡
OHE-01666,齋
OHE-01667,爭
OHE-01668,錚
OHE-01669,底
OHE-01670,苧
OHE-01671,貯
OHE-01672,邸
OHE-01673,楮
OHE-01674,著
OHE-01675,赤
OHE-01676,的
OHE-01677,寂
OHE-01678,笛
OHE-01679,迪
OHE-01680,跡
OHE-01681,摘
OHE-01682,滴
OHE-01683,積
OHE-01684,績
OHE-01685,適
OHE-01686,蹟
OHE-01687,籍
OHE-01688,田
OHE-01689,全
OHE-01690,甸
OHE-01691,典
OHE-01692,佺
OHE-01693,前
OHE-01694,栓
OHE-01695,展
OHE-01696,專
OHE-01697,奠
OHE-01698,詮
OHE-01699,殿
OHE-01700,塡
OHE-01701,琠
OHE-01702,傳
OHE-01703,銓
OHE-01704,錢
OHE-01705,顚
OHE-01706,切
OHE-01707,折
OHE-01708,絶
OHE-01709,節
OHE-01710,占
OHE-01711,店
OHE-01712,漸
OHE-01713,點
OHE-01714,接
OHE-01715,蝶
OHE-01716,丁
OHE-01717,井
OHE-01718,正
OHE-01719,汀
OHE-01720,呈
OHE-01721,玎
OHE-01722,廷
OHE-01723,姃
OHE-01724,政
OHE-01725,定
OHE-01726,征
OHE-01727,貞
OHE-01728,柾
OHE-01729,訂
OHE-01730,炡
OHE-01731,亭
OHE-01732,庭
OHE-01733,釘
OHE-01734,停
OHE-01735,挺
OHE-01736,偵
OHE-01737,頂
OHE-01738,幀
OHE-01739,情
OHE-01740,凈
OHE-01741,程
OHE-01742,晶
OHE-01743,珽
OHE-01744,晸
OHE-01745,湞
OHE-01746,楨
OHE-01747,綎
OHE-01748,鼎
OHE-01749,鉦
OHE-01750,靖
OHE-01751,禎
OHE-01752,精
OHE-01753,鋌
OHE-01754,整
OHE-01755,靜
OHE-01756,鄭
OHE-01757,弟
OHE-01758,制
OHE-01759,帝
OHE-01760,悌
OHE-01761,梯
OHE-01762,祭
OHE-01763,第
OHE-01764,堤
OHE-01765,齊
OHE-01766,製
OHE-01767,除
OHE-01768,諸
OHE-01769,濟
OHE-01770,題
OHE-01771,際
OHE-01772,早
OHE-01773,兆
OHE-01774,助
OHE-01775,租
OHE-01776,祚
OHE-01777,晁
OHE-01778,祖
OHE-01779,條
OHE-01780,釣
OHE-01781,曹
OHE-01782,眺
OHE-01783,鳥
OHE-01784,彫
OHE-01785,窕
OHE-01786,組
OHE-01787,詔
OHE-01788,措
OHE-01789,朝
OHE-01790,照
OHE-01791,肇
OHE-01792,趙
OHE-01793,造
OHE-01794,調
OHE-01795,潮
OHE-01796,燥
OHE-01797,操
OHE-01798,遭
OHE-01799,足
OHE-01800,族
OHE-01801,存
OHE-01802,尊
OHE-01803,卒
OHE-01804,宗
OHE-01805,倧
OHE-01806,終
OHE-01807,淙
OHE-01808,棕
OHE-01809,悰
OHE-01810,琮
OHE-01811,綜
OHE-01812,種
OHE-01813,縱
OHE-01814,鍾
OHE-01815,鐘
OHE-01816,左
OHE-01817,佐
OHE-01818,坐
OHE-01819,座
OHE-01820,主
OHE-01821,州
OHE-01822,舟
OHE-01823,朱
OHE-01824,走
OHE-01825,住
OHE-01826,周
OHE-01827,宙
OHE-01828,柱
OHE-01829,注
OHE-01830,炷
OHE-01831,奏
OHE-01832,姝
OHE-01833,株
OHE-01834,珠
OHE-01835,晝
OHE-01836,胄
OHE-01837,註
OHE-01838,湊
OHE-01839,週
OHE-01840,駐
OHE-01841,澍
OHE-01842,疇
OHE-01843,鑄
OHE-01844,竹
OHE-01845,俊
OHE-01846,峻
OHE-01847,埈
OHE-01848,准
OHE-01849,浚
OHE-01850,晙
OHE-01851,焌
OHE-01852,畯
OHE-01853,竣
OHE-01854,寯
OHE-01855,準
OHE-01856,儁
OHE-01857,駿
OHE-01858,濬
OHE-01859,遵
OHE-01860,茁
OHE-01861,中
OHE-01862,仲
OHE-01863,重
OHE-01864,衆
OHE-01865,櫛
OHE-01866,汁
OHE-01867,烝
OHE-01868,曾
OHE-01869,增
OHE-01870,蒸
OHE-01871,贈
OHE-01872,證
OHE-01873,之
OHE-01874,止
OHE-01875,支
OHE-01876,只
OHE-01877,地
OHE-01878,旨
OHE-01879,至
OHE-01880,志
OHE-01881,池
OHE-01882,址
OHE-01883,枝
OHE-01884,沚
OHE-01885,知
OHE-01886,祉
OHE-01887,持
OHE-01888,祗
OHE-01889,指
OHE-01890,紙
OHE-01891,芝
OHE-01892,趾
OHE-01893,智
OHE-01894,誌
OHE-01895,摯
OHE-01896,遲
OHE-01897,直
OHE-01898,稙
OHE-01899,稷
OHE-01900,職
OHE-01901,織
OHE-01902,辰
OHE-01903,津
OHE-01904,珍
OHE-01905,晉
OHE-01906,秦
OHE-01907,眞
OHE-01908,振
OHE-01909,診
OHE-01910,軫
OHE-01911,賑
OHE-01912,盡
OHE-01913,溱
OHE-01914,塵
OHE-01915,進
OHE-01916,瑨
OHE-01917,震
OHE-01918,陣
OHE-01919,縝
OHE-01920,陳
OHE-01921,璡
OHE-01922,鎭
OHE-01923,秩
OHE-01924,質
OHE-01925,什
OHE-01926,執
OHE-01927,集
OHE-01928,輯
OHE-01929,潗
OHE-01930,鏶
OHE-01931,徵
OHE-01932,澄
OHE-01933,且
OHE-01934,次
OHE-01935,此
OHE-01936,車
OHE-01937,借
OHE-01938,粲
OHE-01939,撰
OHE-01940,澯
OHE-01941,燦
OHE-01942,璨
OHE-01943,贊
OHE-01944,纂
OHE-01945,瓚
OHE-01946,纘
OHE-01947,讚
OHE-01948,鑽
OHE-01949,札
OHE-01950,察
OHE-01951,參
OHE-01952,昌
OHE-01953,昶
OHE-01954,倉
OHE-01955,唱
OHE-01956,窓
OHE-01957,敞
OHE-01958,創
OHE-01959,彰
OHE-01960,滄
OHE-01961,菖
OHE-01962,暢
OHE-01963,蒼
OHE-01964,采
OHE-01965,寀
OHE-01966,埰
OHE-01967,彩
OHE-01968,採
OHE-01969,菜
OHE-01970,綵
OHE-01971,蔡
OHE-01972,冊
OHE-01973,策
OHE-01974,處
OHE-01975,尺
OHE-01976,拓
OHE-01977,戚
OHE-01978,陟
OHE-01979,川
OHE-01980,千
OHE-01981,天
OHE-01982,仟
OHE-01983,泉
OHE-01984,阡
OHE-01985,踐
OHE-01986,遷
OHE-01987,薦
OHE-01988,哲
OHE-01989,喆
OHE-01990,綴
OHE-01991,徹
OHE-01992,撤
OHE-01993,澈
OHE-01994,轍
OHE-01995,鐵
OHE-01996,尖
OHE-01997,添
OHE-01998,僉
OHE-01999,瞻
OHE-02000,捷
OHE-02001,靑
OHE-02002,晴
OHE-02003,淸
OHE-02004,請
OHE-02005,聽
OHE-02006,廳
OHE-02007,締
OHE-02008,諦
OHE-02009,遞
OHE-02010,體
OHE-02011,初
OHE-02012,肖
OHE-02013,招
OHE-02014,超
OHE-02015,草
OHE-02016,楚
OHE-02017,樵
OHE-02018,礎
OHE-02019,蕉
OHE-02020,觸
OHE-02021,寸
OHE-02022,村
OHE-02023,總
OHE-02024,聰
OHE-02025,叢
OHE-02026,寵
OHE-02027,崔
OHE-02028,最
OHE-02029,催
OHE-02030,秋
OHE-02031,抽
OHE-02032,推
OHE-02033,楸
OHE-02034,追
OHE-02035,樞
OHE-02036,錐
OHE-02037,錘
OHE-02038,鄒
OHE-02039,丑
OHE-02040,畜
OHE-02041,祝
OHE-02042,軸
OHE-02043,蓄
OHE-02044,築
OHE-02045,春
OHE-02046,椿
OHE-02047,瑃
OHE-02048,出
OHE-02049,充
OHE-02050,忠
OHE-02051,衷
OHE-02052,衝
OHE-02053,吹
OHE-02054,取
OHE-02055,就
OHE-02056,聚
OHE-02057,翠
OHE-02058,趣
OHE-02059,側
OHE-02060,測
OHE-02061,治
OHE-02062,峙
OHE-02063,致
OHE-02064,値
OHE-02065,雉
OHE-02066,馳
OHE-02067,稚
OHE-02068,置
OHE-02069,熾
OHE-02070,則
OHE-02071,勅
OHE-02072,親
OHE-02073,七
OHE-02074,漆
OHE-02075,沈
OHE-02076,針
OHE-02077,浸
OHE-02078,琛
OHE-02079,秤
OHE-02080,稱
OHE-02081,夬
OHE-02082,快
OHE-02083,他
OHE-02084,打
OHE-02085,妥
OHE-02086,托
OHE-02087,卓
OHE-02088,拓
OHE-02089,度
OHE-02090,託
OHE-02091,倬
OHE-02092,晫
OHE-02093,琸
OHE-02094,琢
OHE-02095,擢
OHE-02096,濯
OHE-02097,鐸
OHE-02098,呑
OHE-02099,坦
OHE-02100,炭
OHE-02101,誕
OHE-02102,彈
OHE-02103,灘
OHE-02104,耽
OHE-02105,探
OHE-02106,塔
OHE-02107,太
OHE-02108,台
OHE-02109,兌
OHE-02110,泰
OHE-02111,胎
OHE-02112,邰
OHE-02113,態
OHE-02114,宅
OHE-02115,擇
OHE-02116,澤
OHE-02117,土
OHE-02118,兎
OHE-02119,討
OHE-02120,桶
OHE-02121,統
OHE-02122,通
OHE-02123,堆
OHE-02124,投
OHE-02125,透
OHE-02126,特
OHE-02127,巴
OHE-02128,坡
OHE-02129,杷
OHE-02130,把
OHE-02131,波
OHE-02132,芭
OHE-02133,琶
OHE-02134,播
OHE-02135,坂
OHE-02136,判
OHE-02137,版
OHE-02138,板
OHE-02139,販
OHE-02140,阪
OHE-02141,八
OHE-02142,貝
OHE-02143,佩
OHE-02144,覇
OHE-02145,彭
OHE-02146,澎
OHE-02147,片
OHE-02148,扁
OHE-02149,便
OHE-02150,編
OHE-02151,篇
OHE-02152,遍
OHE-02153,平
OHE-02154,坪
OHE-02155,枰
OHE-02156,評
OHE-02157,陛
OHE-02158,幣
OHE-02159,包
OHE-02160,布
OHE-02161,抱
OHE-02162,砲
OHE-02163,浦
OHE-02164,捕
OHE-02165,飽
OHE-02166,褒
OHE-02167,鋪
OHE-02168,葡
OHE-02169,幅
OHE-02170,杓
OHE-02171,表
OHE-02172,豹
OHE-02173,彪
OHE-02174,票
OHE-02175,漂
OHE-02176,標
OHE-02177,驃
OHE-02178,品
OHE-02179,稟
OHE-02180,風
OHE-02181,楓
OHE-02182,豐
OHE-02183,匹
OHE-02184,必
OHE-02185,泌
OHE-02186,珌
OHE-02187,畢
OHE-02188,苾
OHE-02189,弼
OHE-02190,筆
OHE-02191,馝
OHE-02192,下
OHE-02193,河
OHE-02194,昰
OHE-02195,夏
OHE-02196,賀
OHE-02197,廈
OHE-02198,霞
OHE-02199,學
OHE-02200,鶴
OHE-02201,汗
OHE-02202,寒
OHE-02203,閑
OHE-02204,漢
OHE-02205,翰
OHE-02206,韓
OHE-02207,瀚
OHE-02208,轄
OHE-02209,含
OHE-02210,函
OHE-02211,咸
OHE-02212,涵
OHE-02213,合
OHE-02214,亢
OHE-02215,抗
OHE-02216,沆
OHE-02217,巷
OHE-02218,姮
OHE-02219,恒
OHE-02220,項
OHE-02221,港
OHE-02222,亥
OHE-02223,海
OHE-02224,偕
OHE-02225,該
OHE-02226,楷
OHE-02227,解
OHE-02228,諧
OHE-02229,核
OHE-02230,行
OHE-02231,杏
OHE-02232,幸
OHE-02233,向
OHE-02234,享
OHE-02235,香
OHE-02236,珦
OHE-02237,鄕
OHE-02238,響
OHE-02239,許
OHE-02240,軒
OHE-02241,憲
OHE-02242,獻
OHE-02243,險
OHE-02244,驗
OHE-02245,革
OHE-02246,弈
OHE-02247,赫
OHE-02248,爀
OHE-02249,玄
OHE-02250,見
OHE-02251,弦
OHE-02252,泫
OHE-02253,炫
OHE-02254,玹
OHE-02255,峴
OHE-02256,絃
OHE-02257,晛
OHE-02258,現
OHE-02259,絢
OHE-02260,鉉
OHE-02261,賢
OHE-02262,縣
OHE-02263,顯
OHE-02264,俠
OHE-02265,峽
OHE-02266,挾
OHE-02267,浹
OHE-02268,兄
OHE-02269,形
OHE-02270,亨
OHE-02271,型
OHE-02272,炯
OHE-02273,泂
OHE-02274,邢
OHE-02275,珩
OHE-02276,熒
OHE-02277,瑩
OHE-02278,衡
OHE-02279,瀅
OHE-02280,馨
OHE-02281,彗
OHE-02282,惠
OHE-02283,慧
OHE-02284,蕙
OHE-02285,互
OHE-02286,戶
OHE-02287,好
OHE-02288,虎
OHE-02289,昊
OHE-02290,祜
OHE-02291,毫
OHE-02292,浩
OHE-02293,扈
OHE-02294,晧
OHE-02295,淏
OHE-02296,皓
OHE-02297,琥
OHE-02298,湖
OHE-02299,瑚
OHE-02300,豪
OHE-02301,滸
OHE-02302,澔
OHE-02303,壕
OHE-02304,濠
OHE-02305,鎬
OHE-02306,護
OHE-02307,顥
OHE-02308,頀
OHE-02309,灝
OHE-02310,婚
OHE-02311,弘
OHE-02312,虹
OHE-02313,泓
OHE-02314,紅
OHE-02315,洪
OHE-02316,烘
OHE-02317,鴻
OHE-02318,火
OHE-02319,化
OHE-02320,禾
OHE-02321,和
OHE-02322,花
OHE-02323,貨
OHE-02324,畵
OHE-02325,話
OHE-02326,華
OHE-02327,嬅
OHE-02328,樺
OHE-02329,確
OHE-02330,擴
OHE-02331,穫
OHE-02332,丸
OHE-02333,幻
OHE-02334,奐
OHE-02335,桓
OHE-02336,晥
OHE-02337,喚
OHE-02338,換
OHE-02339,煥
OHE-02340,渙
OHE-02341,環
OHE-02342,還
OHE-02343,歡
OHE-02344,活
OHE-02345,闊
OHE-02346,皇
OHE-02347,晃
OHE-02348,凰
OHE-02349,黃
OHE-02350,煌
OHE-02351,滉
OHE-02352,榥
OHE-02353,璜
OHE-02354,回
OHE-02355,廻
OHE-02356,恢
OHE-02357,會
OHE-02358,檜
OHE-02359,繪
OHE-02360,懷
OHE-02361,劃
OHE-02362,橫
OHE-02363,爻
OHE-02364,孝
OHE-02365,效
OHE-02366,涍
OHE-02367,曉
OHE-02368,斅
OHE-02369,驍
OHE-02370,后
OHE-02371,厚
OHE-02372,後
OHE-02373,侯
OHE-02374,候
OHE-02375,逅
OHE-02376,訓
OHE-02377,焄
OHE-02378,熏
OHE-02379,勳
OHE-02380,壎
OHE-02381,燻
OHE-02382,薰
OHE-02383,暄
OHE-02384,萱
OHE-02385,彙
OHE-02386,暉
OHE-02387,煇
OHE-02388,揮
OHE-02389,輝
OHE-02390,徽
OHE-02391,休
OHE-02392,烋
OHE-02393,携
OHE-02394,黑
OHE-02395,欣
OHE-02396,昕
OHE-02397,炘
OHE-02398,屹
OHE-02399,欽
OHE-02400,吸
OHE-02401,洽
OHE-02402,恰
OHE-02403,翕
OHE-02404,興
OHE-02405,希
OHE-02406,姬
OHE-02407,晞
OHE-02408,喜
OHE-02409,稀
OHE-02410,熙
OHE-02411,僖
OHE-02412,嬉
OHE-02413,凞
OHE-02414,憙
OHE-02415,戱
OHE-02416,熹
OHE-02417,熺
OHE-02418,羲
OHE-02419,禧
OHE-02420,曦
