profile_id,unicode
OHE-00001,U+52A0
OHE-00002,U+53EF
OHE-00003,U+4F73
OHE-00004,U+67B6
OHE-00005,U+5BB6
OHE-00006,U+8857
OHE-00007,U+8CC8
OHE-00008,U+6687
OHE-00009,U+5AC1
OHE-00010,U+6B4C
OHE-00011,U+5609
OHE-00012,U+50F9
OHE-00013,U+7A3C
OHE-00014,U+5404
OHE-00015,U+5374
OHE-00016,U+89D2
OHE-00017,U+523B
OHE-00018,U+606A
OHE-00019,U+73CF
OHE-00020,U+6BBC
OHE-00021,U+95A3
OHE-00022,U+89BA
OHE-00023,U+5E72
OHE-00024,U+520A
OHE-00025,U+826E
OHE-00026,U+6746
OHE-00027,U+4F83
OHE-00028,U+770B
OHE-00029,U+7AFF
OHE-00030,U+9593
OHE-00031,U+63C0
OHE-00032,U+5E79
OHE-00033,U+58BE
OHE-00034,U+8AEB
OHE-00035,U+61C7
OHE-00036,U+7C21
OHE-00037,U+6E34
OHE-00038,U+845B
OHE-00039,U+7518
OHE-00040,U+52D8
OHE-00041,U+6562
OHE-00042,U+582A
OHE-00043,U+611F
OHE-00044,U+6E1B
OHE-00045,U+76E3
OHE-00046,U+77B0
OHE-00047,U+9451
OHE-00048,U+7532
OHE-00049,U+9240
OHE-00050,U+6C5F
OHE-00051,U+5CA1
OHE-00052,U+59DC
OHE-00053,U+525B
OHE-00054,U+5F37
OHE-00055,U+5D17
OHE-00056,U+5808
OHE-00057,U+5EB7
OHE-00058,U+964D
OHE-00059,U+7DB1
OHE-00060,U+92FC
OHE-00061,U+5F4A
OHE-00062,U+8B1B
OHE-00063,U+4ECB
OHE-00064,U+4EF7
OHE-00065,U+6539
OHE-00066,U+500B
OHE-00067,U+51F1
OHE-00068,U+958B
OHE-00069,U+69EA
OHE-00070,U+6F11
OHE-00071,U+76D6
OHE-00072,U+5BA2
OHE-00073,U+F901
OHE-00074,U+53BB
OHE-00075,U+5DE8
OHE-00076,U+F902
OHE-00077,U+5C45
OHE-00078,U+62D2
OHE-00079,U+8DDD
OHE-00080,U+6E20
OHE-00081,U+64DA
OHE-00082,U+64E7
OHE-00083,U+5DFE
OHE-00084,U+4EF6
OHE-00085,U+5EFA
OHE-00086,U+8654
OHE-00087,U+5065
OHE-00088,U+4E7E
OHE-00089,U+6957
OHE-00090,U+9375
OHE-00091,U+6770
OHE-00092,U+5091
OHE-00093,U+5109
OHE-00094,U+528D
OHE-00095,U+6AA2
OHE-00096,U+63ED
OHE-00097,U+61A9
OHE-00098,U+683C
OHE-00099,U+6A84
OHE-00100,U+6FC0
OHE-00101,U+898B
OHE-00102,U+5805
OHE-00103,U+727D
OHE-00104,U+7D79
OHE-00105,U+9063
OHE-00106,U+6C7A
OHE-00107,U+7D50
OHE-00108,U+6F54
OHE-00109,U+517C
OHE-00110,U+8B19
OHE-00111,U+66F4
OHE-00112,U+5770
OHE-00113,U+7085
OHE-00114,U+4EAC
OHE-00115,U+5E9A
OHE-00116,U+4FD3
OHE-00117,U+52C1
OHE-00118,U+501E
OHE-00119,U+8015
OHE-00120,U+803F
OHE-00121,U+5F91
OHE-00122,U+6897
OHE-00123,U+7ADF
OHE-00124,U+6D87
OHE-00125,U+786C
OHE-00126,U+537F
OHE-00127,U+666F
OHE-00128,U+656C
OHE-00129,U+7D93
OHE-00130,U+8396
OHE-00131,U+8F15
OHE-00132,U+9015
OHE-00133,U+5883
OHE-00134,U+6176
OHE-00135,U+61AC
OHE-00136,U+66BB
OHE-00137,U+64CE
OHE-00138,U+66BB
OHE-00139,U+93E1
OHE-00140,U+9BE8
OHE-00141,U+7AF6
OHE-00142,U+8B66
OHE-00143,U+74CA
OHE-00144,U+6212
OHE-00145,U+7CFB
OHE-00146,U+5B63
OHE-00147,U+4FC2
OHE-00148,U+5951
OHE-00149,U+8A08
OHE-00150,U+7678
OHE-00151,U+754C
OHE-00152,U+6842
OHE-00153,U+5553
OHE-00154,U+8AA1
OHE-00155,U+6EAA
OHE-00156,U+968E
OHE-00157,U+7E7C
OHE-00158,U+9DC4
OHE-00159,U+53E9
OHE-00160,U+53E4
OHE-00161,U+544A
OHE-00162,U+56FA
OHE-00163,U+8003
OHE-00164,U+59D1
OHE-00165,U+67AF
OHE-00166,U+5EAB
OHE-00167,U+9AD8
OHE-00168,U+7690
OHE-00169,U+9F13
OHE-00170,U+6572
OHE-00171,U+7A3F
OHE-00172,U+9867
OHE-00173,U+66F2
OHE-00174,U+8C37
OHE-00175,U+7A40
OHE-00176,U+5764
OHE-00177,U+6606
OHE-00178,U+5D11
OHE-00179,U+7428
OHE-00180,U+9AA8
OHE-00181,U+5DE5
OHE-00182,U+516C
OHE-00183,U+5B54
OHE-00184,U+529F
OHE-00185,U+5171
OHE-00186,U+653B
OHE-00187,U+7A7A
OHE-00188,U+4F9B
OHE-00189,U+606D
OHE-00190,U+8CA2
OHE-00191,U+73D9
OHE-00192,U+63A7
OHE-00193,U+6208
OHE-00194,U+74DC
OHE-00195,U+679C
OHE-00196,U+79D1
OHE-00197,U+8A87
OHE-00198,U+83D3
OHE-00199,U+8AB2
OHE-00200,U+904E
OHE-00201,U+5ED3
OHE-00202,U+90ED
OHE-00203,U+5B98
OHE-00204,U+51A0
OHE-00205,U+8CAB
OHE-00206,U+6B3E
OHE-00207,U+742F
OHE-00208,U+7BA1
OHE-00209,U+5BEC
OHE-00210,U+6163
OHE-00211,U+9928
OHE-00212,U+95DC
OHE-00213,U+704C
OHE-00214,U+74D8
OHE-00215,U+89C0
OHE-00216,U+62EC
OHE-00217,U+5321
OHE-00218,U+5149
OHE-00219,U+709A
OHE-00220,U+4F8A
OHE-00221,U+6D38
OHE-00222,U+73D6
OHE-00223,U+5EE3
OHE-00224,U+66E0
OHE-00225,U+945B
OHE-00226,U+639B
OHE-00227,U+584A
OHE-00228,U+5B8F
OHE-00229,U+5DE7
OHE-00230,U+4EA4
OHE-00231,U+6821
OHE-00232,U+654E
OHE-00233,U+55AC
OHE-00234,U+90CA
OHE-00235,U+8F03
OHE-00236,U+5B0C
OHE-00237,U+6A4B
OHE-00238,U+77EF
OHE-00239,U+4E45
OHE-00240,U+53E3
OHE-00241,U+53E5
OHE-00242,U+4E18
OHE-00243,U+6C42
OHE-00244,U+7A76
OHE-00245,U+5177
OHE-00246,U+4E18
OHE-00247,U+7396
OHE-00248,U+67B8
OHE-00249,U+4E5D
OHE-00250,U+77E9
OHE-00251,U+4FF1
OHE-00252,U+5340
OHE-00253,U+6551
OHE-00254,U+8009
OHE-00255,U+82DF
OHE-00256,U+7403
OHE-00257,U+90B1
OHE-00258,U+9CE9
OHE-00259,U+69CB
OHE-00260,U+6E9D
OHE-00261,U+92B6
OHE-00262,U+9F9C
OHE-00263,U+8CFC
OHE-00264,U+8EC0
OHE-00265,U+820A
OHE-00266,U+9A45
OHE-00267,U+9DD7
OHE-00268,U+5C40
OHE-00269,U+570B
OHE-00270,U+83CA
OHE-00271,U+97A0
OHE-00272,U+541B
OHE-00273,U+8ECD
OHE-00274,U+7FA4
OHE-00275,U+5C48
OHE-00276,U+7A9F
OHE-00277,U+5F13
OHE-00278,U+8EAC
OHE-00279,U+5BAE
OHE-00280,U+5238
OHE-00281,U+5238
OHE-00282,U+62F3
OHE-00283,U+7737
OHE-00284,U+5708
OHE-00285,U+52F8
OHE-00286,U+6B0A
OHE-00287,U+95D5
OHE-00288,U+8ECC
OHE-00289,U+8CB4
OHE-00290,U+F907
OHE-00291,U+6B78
OHE-00292,U+53EB
OHE-00293,U+73EA
OHE-00294,U+594E
OHE-00295,U+898F
OHE-00296,U+73EA
OHE-00297,U+63C6
OHE-00298,U+95A8
OHE-00299,U+9035
OHE-00300,U+8475
OHE-00301,U+7ABA
OHE-00302,U+5747
OHE-00303,U+7547
OHE-00304,U+921E
OHE-00305,U+83CC
OHE-00306,U+514B
OHE-00307,U+524B
OHE-00308,U+6975
OHE-00309,U+5287
OHE-00310,U+9699
OHE-00311,U+65A4
OHE-00312,U+52A4
OHE-00313,U+6839
OHE-00314,U+8FD1
OHE-00315,U+50C5
OHE-00316,U+52E4
OHE-00317,U+5AE4
OHE-00318,U+6F0C
OHE-00319,U+69FF
OHE-00320,U+747E
OHE-00321,U+8B39
OHE-00322,U+4ECA
OHE-00323,U+6611
OHE-00324,U+F90A
OHE-00325,U+887E
OHE-00326,U+7434
OHE-00327,U+9326
OHE-00328,U+895F
OHE-00329,U+53CA
OHE-00330,U+6C72
OHE-00331,U+7D1A
OHE-00332,U+7D66
OHE-00333,U+4E98
OHE-00334,U+77DC
OHE-00335,U+80AF
OHE-00336,U+5162
OHE-00337,U+5DF1
OHE-00338,U+4F01
OHE-00339,U+6280
OHE-00340,U+5C90
OHE-00341,U+573B
OHE-00342,U+675E
OHE-00343,U+5176
OHE-00344,U+5947
OHE-00345,U+6C7D
OHE-00346,U+6C82
OHE-00347,U+6280
OHE-00348,U+7398
OHE-00349,U+7D00
OHE-00350,U+7948
OHE-00351,U+8A18
OHE-00352,U+6C23
OHE-00353,U+8006
OHE-00354,U+8C48
OHE-00355,U+8D77
OHE-00356,U+57FC
OHE-00357,U+5BC4
OHE-00358,U+65E3
OHE-00359,U+57FA
OHE-00360,U+5D0E
OHE-00361,U+6DC7
OHE-00362,U+671F
OHE-00363,U+5E7E
OHE-00364,U+68CB
OHE-00365,U+797A
OHE-00366,U+742A
OHE-00367,U+7426
OHE-00368,U+55DC
OHE-00369,U+65D7
OHE-00370,U+66A3
OHE-00371,U+7DBA
OHE-00372,U+7B95
OHE-00373,U+757F
OHE-00374,U+5668
OHE-00375,U+5180
OHE-00376,U+6A5F
OHE-00377,U+9321
OHE-00378,U+7482
OHE-00379,U+9324
OHE-00380,U+74A3
OHE-00381,U+78EF
OHE-00382,U+9A0E
OHE-00383,U+9A0F
OHE-00384,U+9E92
OHE-00385,U+8B4F
OHE-00386,U+9A65
OHE-00387,U+7DCA
OHE-00388,U+5409
OHE-00389,U+4F76
OHE-00390,U+59DE
OHE-00391,U+6854
OHE-00392,U+91D1
OHE-00393,U+67F0
OHE-00394,U+62CF
OHE-00395,U+5A1C
OHE-00396,U+90A3
OHE-00397,U+8AFE
OHE-00398,U+6696
OHE-00399,U+7156
OHE-00400,U+637A
OHE-00401,U+7537
OHE-00402,U+5357
OHE-00403,U+6E73
OHE-00404,U+6960
OHE-00405,U+7D0D
OHE-00406,U+5A18
OHE-00407,U+4E43
OHE-00408,U+5167
OHE-00409,U+8010
OHE-00410,U+67F0
OHE-00411,U+5973
OHE-00412,U+5E74
OHE-00413,U+5FF5
OHE-00414,U+5BE7
OHE-00415,U+52AA
OHE-00416,U+8FB2
OHE-00417,U+6FC3
OHE-00418,U+7D10
OHE-00419,U+80FD
OHE-00420,U+6CE5
OHE-00421,U+591A
OHE-00422,U+8336
OHE-00423,U+4E39
OHE-00424,U+65E6
OHE-00425,U+4F46
OHE-00426,U+6BB5
OHE-00427,U+77ED
OHE-00428,U+55AE
OHE-00429,U+7AEF
OHE-00430,U+5718
OHE-00431,U+7DDE
OHE-00432,U+58C7
OHE-00433,U+935B
OHE-00434,U+6A80
OHE-00435,U+65B7
OHE-00436,U+9054
OHE-00437,U+6DE1
OHE-00438,U+8983
OHE-00439,U+8AC7
OHE-00440,U+6F6D
OHE-00441,U+6FB9
OHE-00442,U+64D4
OHE-00443,U+8B5A
OHE-00444,U+6C93
OHE-00445,U+7B54
OHE-00446,U+5510
OHE-00447,U+5802
OHE-00448,U+7576
OHE-00449,U+5858
OHE-00450,U+649E
OHE-00451,U+9EE8
OHE-00452,U+5927
OHE-00453,U+4EE3
OHE-00454,U+5788
OHE-00455,U+5F85
OHE-00456,U+73B3
OHE-00457,U+5E36
OHE-00458,U+888B
OHE-00459,U+8CB8
OHE-00460,U+81FA
OHE-00461,U+5C0D
OHE-00462,U+968A
OHE-00463,U+64E1
OHE-00464,U+6234
OHE-00465,U+5FB7
OHE-00466,U+5200
OHE-00467,U+5230
OHE-00468,U+5EA6
OHE-00469,U+6311
OHE-00470,U+5F92
OHE-00471,U+6843
OHE-00472,U+5CF6
OHE-00473,U+5835
OHE-00474,U+6E21
OHE-00475,U+8DF3
OHE-00476,U+5857
OHE-00477,U+5716
OHE-00478,U+9014
OHE-00479,U+7A3B
OHE-00480,U+9053
OHE-00481,U+90FD
OHE-00482,U+5C0E
OHE-00483,U+9676
OHE-00484,U+934D
OHE-00485,U+8E48
OHE-00486,U+71FE
OHE-00487,U+6FE4
OHE-00488,U+79B1
OHE-00489,U+7763
OHE-00490,U+7BE4
OHE-00491,U+8B80
OHE-00492,U+60C7
OHE-00493,U+6566
OHE-00494,U+9813
OHE-00495,U+58A9
OHE-00496,U+71C9
OHE-00497,U+66BE
OHE-00498,U+4E6D
OHE-00499,U+51AC
OHE-00500,U+540C
OHE-00501,U+6771
OHE-00502,U+6D1E
OHE-00503,U+6850
OHE-00504,U+52D5
OHE-00505,U+7AE5
OHE-00506,U+68DF
OHE-00507,U+9285
OHE-00508,U+8463
OHE-00509,U+6F7C
OHE-00510,U+77B3
OHE-00511,U+6597
OHE-00512,U+675C
OHE-00513,U+8C46
OHE-00514,U+6793
OHE-00515,U+982D
OHE-00516,U+5C6F
OHE-00517,U+920D
OHE-00518,U+5F97
OHE-00519,U+7B49
OHE-00520,U+767B
OHE-00521,U+71C8
OHE-00522,U+9127
OHE-00523,U+9A30
OHE-00524,U+85E4
OHE-00525,U+87BA
OHE-00526,U+7F85
OHE-00527,U+6D1B
OHE-00528,U+73DE
OHE-00529,U+7D61
OHE-00530,U+F95C
OHE-00531,U+5375
OHE-00532,U+703E
OHE-00533,U+721B
OHE-00534,U+862D
OHE-00535,U+6FEB
OHE-00536,U+85CD
OHE-00537,U+89BD
OHE-00538,U+6D6A
OHE-00539,U+6717
OHE-00540,U+7405
OHE-00541,U+90DE
OHE-00542,U+746F
OHE-00543,U+4F86
OHE-00544,U+5D0D
OHE-00545,U+840A
OHE-00546,U+51B7
OHE-00547,U+7565
OHE-00548,U+826F
OHE-00549,U+5169
OHE-00550,U+4EAE
OHE-00551,U+51C9
OHE-00552,U+5006
OHE-00553,U+6881
OHE-00554,U+6DBC
OHE-00555,U+91CF
OHE-00556,U+6A11
OHE-00557,U+8AD2
OHE-00558,U+7CE7
OHE-00559,U+5442
OHE-00560,U+4FB6
OHE-00561,U+65C5
OHE-00562,U+9ECE
OHE-00563,U+95AD
OHE-00564,U+616E
OHE-00565,U+52F5
OHE-00566,U+9E97
OHE-00567,U+529B
OHE-00568,U+6B77
OHE-00569,U+66C6
OHE-00570,U+7149
OHE-00571,U+9023
OHE-00572,U+7DF4
OHE-00573,U+6190
OHE-00574,U+934A
OHE-00575,U+84EE
OHE-00576,U+806F
OHE-00577,U+6200
OHE-00578,U+5217
OHE-00579,U+6D0C
OHE-00580,U+70C8
OHE-00581,U+5EC9
OHE-00582,U+6582
OHE-00583,U+6FC2
OHE-00584,U+7C3E
OHE-00585,U+7375
OHE-00586,U+4EE4
OHE-00587,U+4F36
OHE-00588,U+601C
OHE-00589,U+73B2
OHE-00590,U+9234
OHE-00591,U+96F6
OHE-00592,U+9818
OHE-00593,U+5DBA
OHE-00594,U+9F61
OHE-00595,U+9748
OHE-00596,U+4F8B
OHE-00597,U+79AE
OHE-00598,U+8001
OHE-00599,U+52DE
OHE-00600,U+8DEF
OHE-00601,U+9B6F
OHE-00602,U+76E7
OHE-00603,U+9732
OHE-00604,U+7210
OHE-00605,U+9DFA
OHE-00606,U+9E7F
OHE-00607,U+797F
OHE-00608,U+7DA0
OHE-00609,U+9304
OHE-00610,U+8AD6
OHE-00611,U+5F04
OHE-00612,U+7027
OHE-00613,U+74CF
OHE-00614,U+7C60
OHE-00615,U+96F7
OHE-00616,U+8CF4
OHE-00617,U+7028
OHE-00618,U+4E86
OHE-00619,U+6599
OHE-00620,U+50DA
OHE-00621,U+9F8D
OHE-00622,U+7D2F
OHE-00623,U+5C62
OHE-00624,U+6A13
OHE-00625,U+67F3
OHE-00626,U+7559
OHE-00627,U+6D41
OHE-00628,U+7409
OHE-00629,U+786B
OHE-00630,U+7460
OHE-00631,U+5289
OHE-00632,U+985E
OHE-00633,U+516D
OHE-00634,U+9678
OHE-00635,U+4F96
OHE-00636,U+502B
OHE-00637,U+5D19
OHE-00638,U+7DB8
OHE-00639,U+8F2A
OHE-00640,U+5F8B
OHE-00641,U+6817
OHE-00642,U+F961
OHE-00643,U+9686
OHE-00644,U+51DC
OHE-00645,U+7A1C
OHE-00646,U+83F1
OHE-00647,U+7DBE
OHE-00648,U+9675
OHE-00649,U+540F
OHE-00650,U+91CC
OHE-00651,U+674E
OHE-00652,U+5229
OHE-00653,U+68A8
OHE-00654,U+60A7
OHE-00655,U+7406
OHE-00656,U+8389
OHE-00657,U+88CF
OHE-00658,U+5C65
OHE-00659,U+7483
OHE-00660,U+6F7E
OHE-00661,U+7498
OHE-00662,U+96A3
OHE-00663,U+9E9F
OHE-00664,U+6797
OHE-00665,U+6DCB
OHE-00666,U+7433
OHE-00667,U+9716
OHE-00668,U+81E8
OHE-00669,U+7ACB
OHE-00670,U+7C92
OHE-00671,U+7B20
OHE-00672,U+99AC
OHE-00673,U+9EBB
OHE-00674,U+746A
OHE-00675,U+78E8
OHE-00676,U+83AB
OHE-00677,U+5E55
OHE-00678,U+6F20
OHE-00679,U+4E07
OHE-00680,U+66FC
OHE-00681,U+6669
OHE-00682,U+842C
OHE-00683,U+6EFF
OHE-00684,U+8513
OHE-00685,U+672B
OHE-00686,U+8309
OHE-00687,U+671B
OHE-00688,U+7DB2
OHE-00689,U+6BCF
OHE-00690,U+59B9
OHE-00691,U+6885
OHE-00692,U+8CB7
OHE-00693,U+5A92
OHE-00694,U+8CE3
OHE-00695,U+9EA5
OHE-00696,U+8108
OHE-00697,U+5B5F
OHE-00698,U+731B
OHE-00699,U+76DF
OHE-00700,U+840C
OHE-00701,U+514D
OHE-00702,U+9762
OHE-00703,U+52C9
OHE-00704,U+5195
OHE-00705,U+68C9
OHE-00706,U+7DBF
OHE-00707,U+540D
OHE-00708,U+547D
OHE-00709,U+660E
OHE-00710,U+6E9F
OHE-00711,U+9298
OHE-00712,U+9CF4
OHE-00713,U+6BDB
OHE-00714,U+6BCD
OHE-00715,U+77DB
OHE-00716,U+725F
OHE-00717,U+5192
OHE-00718,U+67D0
OHE-00719,U+52DF
OHE-00720,U+8C8C
OHE-00721,U+6A21
OHE-00722,U+6478
OHE-00723,U+6155
OHE-00724,U+66AE
OHE-00725,U+8B00
OHE-00726,U+8B28
OHE-00727,U+6728
OHE-00728,U+76EE
OHE-00729,U+6C90
OHE-00730,U+7267
OHE-00731,U+7766
OHE-00732,U+7A46
OHE-00733,U+5922
OHE-00734,U+8499
OHE-00735,U+536F
OHE-00736,U+5999
OHE-00737,U+82D7
OHE-00738,U+63CF
OHE-00739,U+9328
OHE-00740,U+620A
OHE-00741,U+6B66
OHE-00742,U+62C7
OHE-00743,U+755D
OHE-00744,U+8302
OHE-00745,U+52D9
OHE-00746,U+8CBF
OHE-00747,U+7121
OHE-00748,U+73F7
OHE-00749,U+821E
OHE-00750,U+64AB
OHE-00751,U+61CB
OHE-00752,U+9727
OHE-00753,U+58A8
OHE-00754,U+9ED8
OHE-00755,U+6587
OHE-00756,U+9580
OHE-00757,U+7D0B
OHE-00758,U+554F
OHE-00759,U+805E
OHE-00760,U+7269
OHE-00761,U+672A
OHE-00762,U+7C73
OHE-00763,U+5C3E
OHE-00764,U+5473
OHE-00765,U+7709
OHE-00766,U+7F8E
OHE-00767,U+5A9A
OHE-00768,U+6E3C
OHE-00769,U+5FAE
OHE-00770,U+5F4C
OHE-00771,U+8587
OHE-00772,U+6C11
OHE-00773,U+5CB7
OHE-00774,U+65FC
OHE-00775,U+65FB
OHE-00776,U+739F
OHE-00777,U+73C9
OHE-00778,U+654F
OHE-00779,U+9594
OHE-00780,U+615C
OHE-00781,U+5BC6
OHE-00782,U+871C
OHE-00783,U+6734
OHE-00784,U+6CCA
OHE-00785,U+62CD
OHE-00786,U+73C0
OHE-00787,U+8236
OHE-00788,U+535A
OHE-00789,U+64B2
OHE-00790,U+749E
OHE-00791,U+8584
OHE-00792,U+53CD
OHE-00793,U+534A
OHE-00794,U+4F34
OHE-00795,U+7554
OHE-00796,U+822C
OHE-00797,U+73ED
OHE-00798,U+8FD4
OHE-00799,U+9812
OHE-00800,U+98EF
OHE-00801,U+78D0
OHE-00802,U+76E4
OHE-00803,U+6F58
OHE-00804,U+62D4
OHE-00805,U+767C
OHE-00806,U+6E24
OHE-00807,U+9262
OHE-00808,U+9AEE
OHE-00809,U+6F51
OHE-00810,U+65B9
OHE-00811,U+5F77
OHE-00812,U+574A
OHE-00813,U+653E
OHE-00814,U+6609
OHE-00815,U+82B3
OHE-00816,U+5023
OHE-00817,U+90A6
OHE-00818,U+8A2A
OHE-00819,U+508D
OHE-00820,U+9632
OHE-00821,U+9F90
OHE-00822,U+676F
OHE-00823,U+62DC
OHE-00824,U+500D
OHE-00825,U+914D
OHE-00826,U+80CC
OHE-00827,U+57F9
OHE-00828,U+6392
OHE-00829,U+6E43
OHE-00830,U+88F5
OHE-00831,U+8F29
OHE-00832,U+966A
OHE-00833,U+767D
OHE-00834,U+767E
OHE-00835,U+4F2F
OHE-00836,U+4F70
OHE-00837,U+5E1B
OHE-00838,U+6822
OHE-00839,U+756A
OHE-00840,U+7E41
OHE-00841,U+85E9
OHE-00842,U+98DC
OHE-00843,U+4F10
OHE-00844,U+95A5
OHE-00845,U+51E1
OHE-00846,U+6C3E
OHE-00847,U+5E06
OHE-00848,U+6C4E
OHE-00849,U+8303
OHE-00850,U+7BC4
OHE-00851,U+6CD5
OHE-00852,U+78A7
OHE-00853,U+58C1
OHE-00854,U+74A7
OHE-00855,U+95E2
OHE-00856,U+535E
OHE-00857,U+5F01
OHE-00858,U+8FA8
OHE-00859,U+8FAF
OHE-00860,U+908A
OHE-00861,U+8B8A
OHE-00862,U+5225
OHE-00863,U+4E19
OHE-00864,U+5175
OHE-00865,U+5E77
OHE-00866,U+79C9
OHE-00867,U+70B3
OHE-00868,U+663A
OHE-00869,U+67C4
OHE-00870,U+7ADD
OHE-00871,U+5C5B
OHE-00872,U+68C5
OHE-00873,U+6B65
OHE-00874,U+752B
OHE-00875,U+4FDD
OHE-00876,U+5831
OHE-00877,U+666E
OHE-00878,U+5821
OHE-00879,U+88DC
OHE-00880,U+8F14
OHE-00881,U+83E9
OHE-00882,U+6F7D
OHE-00883,U+5BF6
OHE-00884,U+8B5C
OHE-00885,U+535C
OHE-00886,U+4F0F
OHE-00887,U+670D
OHE-00888,U+5FA9
OHE-00889,U+798F
OHE-00890,U+8907
OHE-00891,U+99A5
OHE-00892,U+672C
OHE-00893,U+5949
OHE-00894,U+5C01
OHE-00895,U+4FF8
OHE-00896,U+5CEF
OHE-00897,U+70FD
OHE-00898,U+6367
OHE-00899,U+8702
OHE-00900,U+9022
OHE-00901,U+9CF3
OHE-00902,U+84EC
OHE-00903,U+7236
OHE-00904,U+592B
OHE-00905,U+4ED8
OHE-00906,U+5B5A
OHE-00907,U+6276
OHE-00908,U+5E9C
OHE-00909,U+8D74
OHE-00910,U+8299
OHE-00911,U+6D6E
OHE-00912,U+5A66
OHE-00913,U+526F
OHE-00914,U+5BCC
OHE-00915,U+F966
OHE-00916,U+5085
OHE-00917,U+9644
OHE-00918,U+6EA5
OHE-00919,U+6577
OHE-00920,U+5317
OHE-00921,U+5206
OHE-00922,U+6C7E
OHE-00923,U+76C6
OHE-00924,U+7C89
OHE-00925,U+82AC
OHE-00926,U+596E
OHE-00927,U+4F5B
OHE-00928,U+62C2
OHE-00929,U+670B
OHE-00930,U+9D6C
OHE-00931,U+6BD4
OHE-00932,U+5983
OHE-00933,U+5E87
OHE-00934,U+6787
OHE-00935,U+6279
OHE-00936,U+98DB
OHE-00937,U+80A5
OHE-00938,U+7955
OHE-00939,U+5099
OHE-00940,U+6249
OHE-00941,U+8CBB
OHE-00942,U+7891
OHE-00943,U+7435
OHE-00944,U+8B6C
OHE-00945,U+73AD
OHE-00946,U+5F6C
OHE-00947,U+658C
OHE-00948,U+8CD3
OHE-00949,U+983B
OHE-00950,U+6FF1
OHE-00951,U+6C37
OHE-00952,U+8058
OHE-00953,U+6191
OHE-00954,U+58EB
OHE-00955,U+56DB
OHE-00956,U+53F8
OHE-00957,U+4ED5
OHE-00958,U+53F2
OHE-00959,U+5BFA
OHE-00960,U+4F3C
OHE-00961,U+79C1
OHE-00962,U+6C99
OHE-00963,U+4E8B
OHE-00964,U+7940
OHE-00965,U+820D
OHE-00966,U+793E
OHE-00967,U+4F7F
OHE-00968,U+601D
OHE-00969,U+67FB
OHE-00970,U+7D17
OHE-00971,U+5E2B
OHE-00972,U+5C04
OHE-00973,U+5A11
OHE-00974,U+659C
OHE-00975,U+5F99
OHE-00976,U+8A5E
OHE-00977,U+6368
OHE-00978,U+7D72
OHE-00979,U+65AF
OHE-00980,U+55E3
OHE-00981,U+5BEB
OHE-00982,U+8CDC
OHE-00983,U+8FAD
OHE-00984,U+524A
OHE-00985,U+5C71
OHE-00986,U+73CA
OHE-00987,U+7523
OHE-00988,U+7B97
OHE-00989,U+9178
OHE-00990,U+85A9
OHE-00991,U+4E09
OHE-00992,U+6749
OHE-00993,U+886B
OHE-00994,U+F96B
OHE-00995,U+68EE
OHE-00996,U+8518
OHE-00997,U+63F7
OHE-00998,U+4E0A
OHE-00999,U+5C19
OHE-01000,U+72C0
OHE-01001,U+76F8
OHE-01002,U+5EA0
OHE-01003,U+6851
OHE-01004,U+7965
OHE-01005,U+723D
OHE-01006,U+5546
OHE-01007,U+5E38
OHE-01008,U+7FD4
OHE-01009,U+8C61
OHE-01010,U+6E58
OHE-01011,U+60F3
OHE-01012,U+8A73
OHE-01013,U+5617
OHE-01014,U+88F3
OHE-01015,U+50CF
OHE-01016,U+7BB1
OHE-01017,U+8CDE
OHE-01018,U+511F
OHE-01019,U+971C
OHE-01020,U+96D9
OHE-01021,U+585E
OHE-01022,U+8272
OHE-01023,U+7D22
OHE-01024,U+7A61
OHE-01025,U+751F
OHE-01026,U+897F
OHE-01027,U+5E8F
OHE-01028,U+6292
OHE-01029,U+66F8
OHE-01030,U+6055
OHE-01031,U+5F90
OHE-01032,U+5EB6
OHE-01033,U+654D
OHE-01034,U+68F2
OHE-01035,U+8212
OHE-01036,U+6691
OHE-01037,U+8A93
OHE-01038,U+745E
OHE-01039,U+7F72
OHE-01040,U+7DD6
OHE-01041,U+66D9
OHE-01042,U+5915
OHE-01043,U+77F3
OHE-01044,U+6C50
OHE-01045,U+6790
OHE-01046,U+6614
OHE-01047,U+5E2D
OHE-01048,U+6673
OHE-01049,U+6DC5
OHE-01050,U+60DC
OHE-01051,U+78A9
OHE-01052,U+596D
OHE-01053,U+932B
OHE-01054,U+91CB
OHE-01055,U+4ED9
OHE-01056,U+5148
OHE-01057,U+5BA3
OHE-01058,U+6247
OHE-01059,U+65CB
OHE-01060,U+8239
OHE-01061,U+7401
OHE-01062,U+5584
OHE-01063,U+6E32
OHE-01064,U+7FA8
OHE-01065,U+7444
OHE-01066,U+9291
OHE-01067,U+5B0B
OHE-01068,U+7DDA
OHE-01069,U+7487
OHE-01070,U+79AA
OHE-01071,U+9BAE
OHE-01072,U+7E55
OHE-01073,U+9078
OHE-01074,U+74BF
OHE-01075,U+820C
OHE-01076,U+96EA
OHE-01077,U+8A2D
OHE-01078,U+5368
OHE-01079,U+6954
OHE-01080,U+8AAA
OHE-01081,U+859B
OHE-01082,U+66B9
OHE-01083,U+7E96
OHE-01084,U+6D89
OHE-01085,U+F96E
OHE-01086,U+71EE
OHE-01087,U+651D
OHE-01088,U+6210
OHE-01089,U+59D3
OHE-01090,U+661F
OHE-01091,U+7701
OHE-01092,U+6027
OHE-01093,U+57CE
OHE-01094,U+665F
OHE-01095,U+76DB
OHE-01096,U+73F9
OHE-01097,U+60FA
OHE-01098,U+8056
OHE-01099,U+8AA0
OHE-01100,U+8072
OHE-01101,U+4E16
OHE-01102,U+6D17
OHE-01103,U+7D30
OHE-01104,U+52E2
OHE-01105,U+6B72
OHE-01106,U+5C0F
OHE-01107,U+5C11
OHE-01108,U+53EC
OHE-01109,U+6240
OHE-01110,U+662D
OHE-01111,U+70A4
OHE-01112,U+7B11
OHE-01113,U+7D20
OHE-01114,U+7D39
OHE-01115,U+758F
OHE-01116,U+90B5
OHE-01117,U+97F6
OHE-01118,U+71D2
OHE-01119,U+8607
OHE-01120,U+675F
OHE-01121,U+901F
OHE-01122,U+7E8C
OHE-01123,U+5B6B
OHE-01124,U+905C
OHE-01125,U+5E25
OHE-01126,U+7387
OHE-01127,U+5B8B
OHE-01128,U+677E
OHE-01129,U+980C
OHE-01130,U+91D7
OHE-01131,U+6C34
OHE-01132,U+624B
OHE-01133,U+6536
OHE-01134,U+5B88
OHE-01135,U+79C0
OHE-01136,U+5782
OHE-01137,U+53D7
OHE-01138,U+9996
OHE-01139,U+5E25
OHE-01140,U+6D19
OHE-01141,U+6B8A
OHE-01142,U+4FEE
OHE-01143,U+7407
OHE-01144,U+6388
OHE-01145,U+9700
OHE-01146,U+58FD
OHE-01147,U+9296
OHE-01148,U+7CB9
OHE-01149,U+6578
OHE-01150,U+8F38
OHE-01151,U+6A39
OHE-01152,U+9042
OHE-01153,U+7A57
OHE-01154,U+7E61
OHE-01155,U+96A8
OHE-01156,U+53D4
OHE-01157,U+6DD1
OHE-01158,U+8085
OHE-01159,U+7421
OHE-01160,U+719F
OHE-01161,U+74B9
OHE-01162,U+65EC
OHE-01163,U+76FE
OHE-01164,U+7D14
OHE-01165,U+6D35
OHE-01166,U+73E3
OHE-01167,U+5FAA
OHE-01168,U+6DF3
OHE-01169,U+821C
OHE-01170,U+9806
OHE-01171,U+8AC4
OHE-01172,U+931E
OHE-01173,U+8853
OHE-01174,U+8FF0
OHE-01175,U+5D07
OHE-01176,U+5D69
OHE-01177,U+745F
OHE-01178,U+62FE
OHE-01179,U+7FD2
OHE-01180,U+6FD5
OHE-01181,U+5347
OHE-01182,U+4E1E
OHE-01183,U+6607
OHE-01184,U+627F
OHE-01185,U+4E58
OHE-01186,U+52DD
OHE-01187,U+965E
OHE-01188,U+793A
OHE-01189,U+5E02
OHE-01190,U+59CB
OHE-01191,U+65BD
OHE-01192,U+67F4
OHE-01193,U+662F
OHE-01194,U+6642
OHE-01195,U+6043
OHE-01196,U+8996
OHE-01197,U+8A69
OHE-01198,U+8A66
OHE-01199,U+6C0F
OHE-01200,U+5F0F
OHE-01201,U+98DF
OHE-01202,U+606F
OHE-01203,U+690D
OHE-01204,U+5BD4
OHE-01205,U+6E5C
OHE-01206,U+8EFE
OHE-01207,U+8B58
OHE-01208,U+7533
OHE-01209,U+81E3
OHE-01210,U+8F9B
OHE-01211,U+8EAB
OHE-01212,U+4F38
OHE-01213,U+4FE1
OHE-01214,U+795E
OHE-01215,U+8A0A
OHE-01216,U+8FC5
OHE-01217,U+6668
OHE-01218,U+7D33
OHE-01219,U+65B0
OHE-01220,U+613C
OHE-01221,U+5BA4
OHE-01222,U+5BE6
OHE-01223,U+5FC3
OHE-01224,U+F972
OHE-01225,U+6C81
OHE-01226,U+6DF1
OHE-01227,U+5C0B
OHE-01228,U+5BE9
OHE-01229,U+4EC0
OHE-01230,U+5341
OHE-01231,U+F973
OHE-01232,U+7259
OHE-01233,U+6211
OHE-01234,U+4E9E
OHE-01235,U+5152
OHE-01236,U+82BD
OHE-01237,U+5A25
OHE-01238,U+96C5
OHE-01239,U+963F
OHE-01240,U+5CB3
OHE-01241,U+580A
OHE-01242,U+6A02
OHE-01243,U+5DBD
OHE-01244,U+5B89
OHE-01245,U+5CB8
OHE-01246,U+6309
OHE-01247,U+664F
OHE-01248,U+6848
OHE-01249,U+9854
OHE-01250,U+8B01
OHE-01251,U+5DD6
OHE-01252,U+62BC
OHE-01253,U+58D3
OHE-01254,U+592E
OHE-01255,U+4EF0
OHE-01256,U+663B
OHE-01257,U+9D26
OHE-01258,U+5393
OHE-01259,U+6DAF
OHE-01260,U+611B
OHE-01261,U+6DB2
OHE-01262,U+984D
OHE-01263,U+9DAF
OHE-01264,U+6AFB
OHE-01265,U+51B6
OHE-01266,U+91CE
OHE-01267,U+7D04
OHE-01268,U+82E5
OHE-01269,U+8E8D
OHE-01270,U+85E5
OHE-01271,U+7F8A
OHE-01272,U+6D0B
OHE-01273,U+63DA
OHE-01274,U+694A
OHE-01275,U+990A
OHE-01276,U+6A23
OHE-01277,U+8944
OHE-01278,U+967D
OHE-01279,U+58E4
OHE-01280,U+9B5A
OHE-01281,U+5FA1
OHE-01282,U+8A9E
OHE-01283,U+5104
OHE-01284,U+61B6
OHE-01285,U+6A8D
OHE-01286,U+8A00
OHE-01287,U+5F66
OHE-01288,U+8AFA
OHE-01289,U+56B4
OHE-01290,U+696D
OHE-01291,U+5DAA
OHE-01292,U+4E88
OHE-01293,U+5982
OHE-01294,U+4F59
OHE-01295,U+6C5D
OHE-01296,U+8207
OHE-01297,U+9918
OHE-01298,U+4EA6
OHE-01299,U+6613
OHE-01300,U+8B6F
OHE-01301,U+9A5B
OHE-01302,U+5EF6
OHE-01303,U+6C87
OHE-01304,U+598D
OHE-01305,U+884D
OHE-01306,U+6CBF
OHE-01307,U+5A1F
OHE-01308,U+5BB4
OHE-01309,U+784F
OHE-01310,U+8EDF
OHE-01311,U+6D93
OHE-01312,U+7136
OHE-01313,U+6DF5
OHE-01314,U+6F14
OHE-01315,U+7DE3
OHE-01316,U+71C3
OHE-01317,U+71D5
OHE-01318,U+6085
OHE-01319,U+F9A1
OHE-01320,U+95B1
OHE-01321,U+71B1
OHE-01322,U+708E
OHE-01323,U+7430
OHE-01324,U+8276
OHE-01325,U+8449
OHE-01326,U+71C1
OHE-01327,U+66C4
OHE-01328,U+6C38
OHE-01329,U+6620
OHE-01330,U+76C8
OHE-01331,U+6CF3
OHE-01332,U+82F1
OHE-01333,U+8FCE
OHE-01334,U+8A60
OHE-01335,U+6979
OHE-01336,U+6E36
OHE-01337,U+668E
OHE-01338,U+7150
OHE-01339,U+69AE
OHE-01340,U+745B
OHE-01341,U+5F71
OHE-01342,U+F9AE
OHE-01343,U+7A4E
OHE-01344,U+71DF
OHE-01345,U+9348
OHE-01346,U+702F
OHE-01347,U+74D4
OHE-01348,U+4E42
OHE-01349,U+82AE
OHE-01350,U+9810
OHE-01351,U+92B3
OHE-01352,U+8C6B
OHE-01353,U+53E1
OHE-01354,U+8B7D
OHE-01355,U+85DD
OHE-01356,U+5348
OHE-01357,U+4E94
OHE-01358,U+4F0D
OHE-01359,U+543E
OHE-01360,U+5433
OHE-01361,U+65FF
OHE-01362,U+5A1B
OHE-01363,U+609F
OHE-01364,U+6664
OHE-01365,U+68A7
OHE-01366,U+5967
OHE-01367,U+7389
OHE-01368,U+6C83
OHE-01369,U+5C4B
OHE-01370,U+923A
OHE-01371,U+6EAB
OHE-01372,U+7A69
OHE-01373,U+96CD
OHE-01374,U+58C5
OHE-01375,U+64C1
OHE-01376,U+74E6
OHE-01377,U+81E5
OHE-01378,U+5B8C
OHE-01379,U+5B9B
OHE-01380,U+73A9
OHE-01381,U+5A49
OHE-01382,U+7413
OHE-01383,U+839E
OHE-01384,U+742C
OHE-01385,U+7DE9
OHE-01386,U+66F0
OHE-01387,U+738B
OHE-01388,U+5F80
OHE-01389,U+6789
OHE-01390,U+6C6A
OHE-01391,U+65FA
OHE-01392,U+5916
OHE-01393,U+8981
OHE-01394,U+59DA
OHE-01395,U+582F
OHE-01396,U+50E5
OHE-01397,U+6416
OHE-01398,U+F9BF
OHE-01399,U+8B20
OHE-01400,U+9059
OHE-01401,U+66DC
OHE-01402,U+8000
OHE-01403,U+9952
OHE-01404,U+6D74
OHE-01405,U+7528
OHE-01406,U+52C7
OHE-01407,U+57C7
OHE-01408,U+5BB9
OHE-01409,U+5EB8
OHE-01410,U+6D8C
OHE-01411,U+6E67
OHE-01412,U+5889
OHE-01413,U+8E0A
OHE-01414,U+6995
OHE-01415,U+6EB6
OHE-01416,U+7462
OHE-01417,U+84C9
OHE-01418,U+9394
OHE-01419,U+93DE
OHE-01420,U+53C8
OHE-01421,U+4E8E
OHE-01422,U+5C24
OHE-01423,U+53CB
OHE-01424,U+53F3
OHE-01425,U+7FBD
OHE-01426,U+5B87
OHE-01427,U+4F51
OHE-01428,U+65F4
OHE-01429,U+96E8
OHE-01430,U+7397
OHE-01431,U+79B9
OHE-01432,U+7950
OHE-01433,U+8FC2
OHE-01434,U+91EA
OHE-01435,U+5076
OHE-01436,U+5BD3
OHE-01437,U+611A
OHE-01438,U+7440
OHE-01439,U+90F5
OHE-01440,U+9047
OHE-01441,U+512A
OHE-01442,U+9685
OHE-01443,U+65ED
OHE-01444,U+6631
OHE-01445,U+5F67
OHE-01446,U+90C1
OHE-01447,U+715C
OHE-01448,U+4E91
OHE-01449,U+8018
OHE-01450,U+96F2
OHE-01451,U+904B
OHE-01452,U+6F90
OHE-01453,U+97FB
OHE-01454,U+851A
OHE-01455,U+96C4
OHE-01456,U+718A
OHE-01457,U+5143
OHE-01458,U+6C85
OHE-01459,U+57A3
OHE-01460,U+6D39
OHE-01461,U+54E1
OHE-01462,U+539F
OHE-01463,U+8881
OHE-01464,U+82D1
OHE-01465,U+5A9B
OHE-01466,U+63F4
OHE-01467,U+5712
OHE-01468,U+5713
OHE-01469,U+6E90
OHE-01470,U+7457
OHE-01471,U+613F
OHE-01472,U+9662
OHE-01473,U+9060
OHE-01474,U+8F45
OHE-01475,U+9858
OHE-01476,U+6708
OHE-01477,U+8D8A
OHE-01478,U+4F4D
OHE-01479,U+59D4
OHE-01480,U+5A01
OHE-01481,U+5C09
OHE-01482,U+5049
OHE-01483,U+570D
OHE-01484,U+7232
OHE-01485,U+6E2D
OHE-01486,U+6690
OHE-01487,U+744B
OHE-01488,U+7DEF
OHE-01489,U+6170
OHE-01490,U+8B02
OHE-01491,U+885B
OHE-01492,U+9B4F
OHE-01493,U+7531
OHE-01494,U+5E7C
OHE-01495,U+6709
OHE-01496,U+9149
OHE-01497,U+6538
OHE-01498,U+4F91
OHE-01499,U+5E7D
OHE-01500,U+6CB9
OHE-01501,U+67D4
OHE-01502,U+516A
OHE-01503,U+5BA5
OHE-01504,U+67DA
OHE-01505,U+6D27
OHE-01506,U+552F
OHE-01507,U+91C9
OHE-01508,U+55A9
OHE-01509,U+5EBE
OHE-01510,U+60DF
OHE-01511,U+6109
OHE-01512,U+88D5
OHE-01513,U+6961
OHE-01514,U+7336
OHE-01515,U+8A98
OHE-01516,U+7DAD
OHE-01517,U+745C
OHE-01518,U+8AED
OHE-01519,U+904A
OHE-01520,U+5112
OHE-01521,U+6FE1
OHE-01522,U+907A
OHE-01523,U+80B2
OHE-01524,U+5809
OHE-01525,U+5C39
OHE-01526,U+5141
OHE-01527,U+73A7
OHE-01528,U+80E4
OHE-01529,U+9217
OHE-01530,U+958F
OHE-01531,U+596B
OHE-01532,U+6F64
OHE-01533,U+878D
OHE-01534,U+57A0
OHE-01535,U+6BB7
OHE-01536,U+6069
OHE-01537,U+9280
OHE-01538,U+8ABE
OHE-01539,U+96B1
OHE-01540,U+4E59
OHE-01541,U+541F
OHE-01542,U+97F3
OHE-01543,U+98EE
OHE-01544,U+9091
OHE-01545,U+51DD
OHE-01546,U+61C9
OHE-01547,U+9DF9
OHE-01548,U+8863
OHE-01549,U+5B9C
OHE-01550,U+4F9D
OHE-01551,U+501A
OHE-01552,U+610F
OHE-01553,U+7FA9
OHE-01554,U+5100
OHE-01555,U+6BC5
OHE-01556,U+8ABC
OHE-01557,U+64EC
OHE-01558,U+91AB
OHE-01559,U+8B70
OHE-01560,U+61FF
OHE-01561,U+4E8C
OHE-01562,U+5DF2
OHE-01563,U+4EE5
OHE-01564,U+8033
OHE-01565,U+5F1B
OHE-01566,U+800C
OHE-01567,U+4F0A
OHE-01568,U+F9E0
OHE-01569,U+6021
OHE-01570,U+73E5
OHE-01571,U+7570
OHE-01572,U+79FB
OHE-01573,U+8CBD
OHE-01574,U+8CB3
OHE-01575,U+723E
OHE-01576,U+5F5B
OHE-01577,U+76CA
OHE-01578,U+7FCA
OHE-01579,U+7FCC
OHE-01580,U+7FFC
OHE-01581,U+8B1A
OHE-01582,U+7037
OHE-01583,U+4EBA
OHE-01584,U+4EC1
OHE-01585,U+5F15
OHE-01586,U+5370
OHE-01587,U+56E0
OHE-01588,U+5FCD
OHE-01589,U+59FB
OHE-01590,U+5BC5
OHE-01591,U+8A8D
OHE-01592,U+4E00
OHE-01593,U+65E5
OHE-01594,U+4F7E
OHE-01595,U+58F9
OHE-01596,U+6EA2
OHE-01597,U+99B9
OHE-01598,U+9038
OHE-01599,U+93B0
OHE-01600,U+58EC
OHE-01601,U+4EFB
OHE-01602,U+7A14
OHE-01603,U+5165
OHE-01604,U+5269
OHE-01605,U+5B50
OHE-01606,U+4ED4
OHE-01607,U+5B57
OHE-01608,U+81EA
OHE-01609,U+59FF
OHE-01610,U+7386
OHE-01611,U+8005
OHE-01612,U+74F7
OHE-01613,U+7D2B
OHE-01614,U+96CC
OHE-01615,U+8CC7
OHE-01616,U+6ECB
OHE-01617,U+6148
OHE-01618,U+78C1
OHE-01619,U+85C9
OHE-01620,U+707C
OHE-01621,U+4F5C
OHE-01622,U+828D
OHE-01623,U+96C0
OHE-01624,U+7235
OHE-01625,U+9D72
OHE-01626,U+7BB4
OHE-01627,U+66AB
OHE-01628,U+6F5B
OHE-01629,U+8836
OHE-01630,U+96DC
OHE-01631,U+5E84
OHE-01632,U+5320
OHE-01633,U+58EF
OHE-01634,U+6756
OHE-01635,U+9577
OHE-01636,U+7AE0
OHE-01637,U+5F35
OHE-01638,U+5C07
OHE-01639,U+5E33
OHE-01640,U+7CA7
OHE-01641,U+5834
OHE-01642,U+638C
OHE-01643,U+88DD
OHE-01644,U+838A
OHE-01645,U+596C
OHE-01646,U+6A1F
OHE-01647,U+66B2
OHE-01648,U+748B
OHE-01649,U+58BB
OHE-01650,U+8523
OHE-01651,U+8594
OHE-01652,U+85CF
OHE-01653,U+624D
OHE-01654,U+518D
OHE-01655,U+5728
OHE-01656,U+6750
OHE-01657,U+54C9
OHE-01658,U+683D
OHE-01659,U+8CA1
OHE-01660,U+5BB0
OHE-01661,U+6893
OHE-01662,U+88C1
OHE-01663,U+6E3D
OHE-01664,U+8F09
OHE-01665,U+7E21
OHE-01666,U+9F4B
OHE-01667,U+722D
OHE-01668,U+931A
OHE-01669,U+5E95
OHE-01670,U+82E7
OHE-01671,U+8CAF
OHE-01672,U+90B8
OHE-01673,U+696E
OHE-01674,U+8457
OHE-01675,U+8D64
OHE-01676,U+7684
OHE-01677,U+5BC2
OHE-01678,U+7B1B
OHE-01679,U+8FEA
OHE-01680,U+8DE1
OHE-01681,U+6458
OHE-01682,U+6EF4
OHE-01683,U+7A4D
OHE-01684,U+7E3E
OHE-01685,U+9069
OHE-01686,U+8E5F
OHE-01687,U+7C4D
OHE-01688,U+7530
OHE-01689,U+5168
OHE-01690,U+7538
OHE-01691,U+5178
OHE-01692,U+4F7A
OHE-01693,U+524D
OHE-01694,U+6813
OHE-01695,U+5C55
OHE-01696,U+5C08
OHE-01697,U+5960
OHE-01698,U+8A6E
OHE-01699,U+6BBF
OHE-01700,U+5861
OHE-01701,U+7420
OHE-01702,U+50B3
OHE-01703,U+9293
OHE-01704,U+9322
OHE-01705,U+985A
OHE-01706,U+5207
OHE-01707,U+6298
OHE-01708,U+7D76
OHE-01709,U+7BC0
OHE-01710,U+5360
OHE-01711,U+5E97
OHE-01712,U+6F38
OHE-01713,U+9EDE
OHE-01714,U+63A5
OHE-01715,U+8776
OHE-01716,U+4E01
OHE-01717,U+4E95
OHE-01718,U+6B63
OHE-01719,U+6C40
OHE-01720,U+5448
OHE-01721,U+738E
OHE-01722,U+5EF7
OHE-01723,U+59C3
OHE-01724,U+653F
OHE-01725,U+5B9A
OHE-01726,U+5F81
OHE-01727,U+8C9E
OHE-01728,U+67FE
OHE-01729,U+8A02
OHE-01730,U+70A1
OHE-01731,U+4EAD
OHE-01732,U+5EAD
OHE-01733,U+91D8
OHE-01734,U+505C
OHE-01735,U+633A
OHE-01736,U+5075
OHE-01737,U+9802
OHE-01738,U+5E40
OHE-01739,U+60C5
OHE-01740,U+51C8
OHE-01741,U+7A0B
OHE-01742,U+6676
OHE-01743,U+73FD
OHE-01744,U+6678
OHE-01745,U+6E5E
OHE-01746,U+6968
OHE-01747,U+7D8E
OHE-01748,U+9F0E
OHE-01749,U+9266
OHE-01750,U+9756
OHE-01751,U+798E
OHE-01752,U+7CBE
OHE-01753,U+92CC
OHE-01754,U+6574
OHE-01755,U+975C
OHE-01756,U+912D
OHE-01757,U+5F1F
OHE-01758,U+5236
OHE-01759,U+5E1D
OHE-01760,U+608C
OHE-01761,U+68AF
OHE-01762,U+796D
OHE-01763,U+7B2C
OHE-01764,U+5824
OHE-01765,U+9F4A
OHE-01766,U+88FD
OHE-01767,U+9664
OHE-01768,U+8AF8
OHE-01769,U+6FDF
OHE-01770,U+984C
OHE-01771,U+969B
OHE-01772,U+65E9
OHE-01773,U+5146
OHE-01774,U+52A9
OHE-01775,U+79DF
OHE-01776,U+795A
OHE-01777,U+6641
OHE-01778,U+7956
OHE-01779,U+689D
OHE-01780,U+91E3
OHE-01781,U+66F9
OHE-01782,U+773A
OHE-01783,U+9CE5
OHE-01784,U+5F6B
OHE-01785,U+7A95
OHE-01786,U+7D44
OHE-01787,U+8A54
OHE-01788,U+63AA
OHE-01789,U+671D
OHE-01790,U+7167
OHE-01791,U+8087
OHE-01792,U+8D99
OHE-01793,U+9020
OHE-01794,U+8ABF
OHE-01795,U+6F6E
OHE-01796,U+71E5
OHE-01797,U+64CD
OHE-01798,U+906D
OHE-01799,U+8DB3
OHE-01800,U+65CF
OHE-01801,U+5B58
OHE-01802,U+5C0A
OHE-01803,U+5352
OHE-01804,U+5B97
OHE-01805,U+5027
OHE-01806,U+7D42
OHE-01807,U+6DD9
OHE-01808,U+68D5
OHE-01809,U+60B0
OHE-01810,U+742E
OHE-01811,U+7D9C
OHE-01812,U+7A2E
OHE-01813,U+7E31
OHE-01814,U+937E
OHE-01815,U+9418
OHE-01816,U+5DE6
OHE-01817,U+4F50
OHE-01818,U+5750
OHE-01819,U+5EA7
OHE-01820,U+4E3B
OHE-01821,U+5DDE
OHE-01822,U+821F
OHE-01823,U+6731
OHE-01824,U+8D70
OHE-01825,U+4F4F
OHE-01826,U+5468
OHE-01827,U+5B99
OHE-01828,U+67F1
OHE-01829,U+6CE8
OHE-01830,U+70B7
OHE-01831,U+594F
OHE-01832,U+59DD
OHE-01833,U+682A
OHE-01834,U+73E0
OHE-01835,U+665D
OHE-01836,U+80C4
OHE-01837,U+8A3B
OHE-01838,U+6E4A
OHE-01839,U+9031
OHE-01840,U+99D0
OHE-01841,U+6F8D
OHE-01842,U+7587
OHE-01843,U+9444
OHE-01844,U+7AF9
OHE-01845,U+4FCA
OHE-01846,U+5CFB
OHE-01847,U+57C8
OHE-01848,U+51C6
OHE-01849,U+6D5A
OHE-01850,U+6659
OHE-01851,U+710C
OHE-01852,U+756F
OHE-01853,U+7AE3
OHE-01854,U+5BEF
OHE-01855,U+6E96
OHE-01856,U+5101
OHE-01857,U+99FF
OHE-01858,U+6FEC
OHE-01859,U+9075
OHE-01860,U+8301
OHE-01861,U+4E2D
OHE-01862,U+4EF2
OHE-01863,U+91CD
OHE-01864,U+8846
OHE-01865,U+6ADB
OHE-01866,U+6C41
OHE-01867,U+70DD
OHE-01868,U+66FE
OHE-01869,U+589E
OHE-01870,U+84B8
OHE-01871,U+8D08
OHE-01872,U+8B49
OHE-01873,U+4E4B
OHE-01874,U+6B62
OHE-01875,U+652F
OHE-01876,U+53EA
OHE-01877,U+5730
OHE-01878,U+65E8
OHE-01879,U+81F3
OHE-01880,U+5FD7
OHE-01881,U+6C60
OHE-01882,U+5740
OHE-01883,U+679D
OHE-01884,U+6C9A
OHE-01885,U+77E5
OHE-01886,U+7949
OHE-01887,U+6301
OHE-01888,U+7957
OHE-01889,U+6307
OHE-01890,U+7D19
OHE-01891,U+829D
OHE-01892,U+8DBE
OHE-01893,U+667A
OHE-01894,U+8A8C
OHE-01895,U+646F
OHE-01896,U+9072
OHE-01897,U+76F4
OHE-01898,U+7A19
OHE-01899,U+7A37
OHE-01900,U+8077
OHE-01901,U+7E54
OHE-01902,U+8FB0
OHE-01903,U+6D25
OHE-01904,U+73CD
OHE-01905,U+6649
OHE-01906,U+79E6
OHE-01907,U+771E
OHE-01908,U+632F
OHE-01909,U+8A3A
OHE-01910,U+8EEB
OHE-01911,U+8CD1
OHE-01912,U+76E1
OHE-01913,U+6EB1
OHE-01914,U+5875
OHE-01915,U+9032
OHE-01916,U+7468
OHE-01917,U+9707
OHE-01918,U+9663
OHE-01919,U+7E1D
OHE-01920,U+9673
OHE-01921,U+74A1
OHE-01922,U+93AD
OHE-01923,U+79E9
OHE-01924,U+8CEA
OHE-01925,U+F9FD
OHE-01926,U+57F7
OHE-01927,U+96C6
OHE-01928,U+8F2F
OHE-01929,U+6F57
OHE-01930,U+93F6
OHE-01931,U+5FB5
OHE-01932,U+6F84
OHE-01933,U+4E14
OHE-01934,U+6B21
OHE-01935,U+6B64
OHE-01936,U+8ECA
OHE-01937,U+501F
OHE-01938,U+7CB2
OHE-01939,U+64B0
OHE-01940,U+6FAF
OHE-01941,U+71E6
OHE-01942,U+74A8
OHE-01943,U+8D0A
OHE-01944,U+7E82
OHE-01945,U+74DA
OHE-01946,U+7E98
OHE-01947,U+8B9A
OHE-01948,U+947D
OHE-01949,U+672D
OHE-01950,U+5BDF
OHE-01951,U+53C3
OHE-01952,U+660C
OHE-01953,U+6636
OHE-01954,U+5009
OHE-01955,U+5531
OHE-01956,U+7A93
OHE-01957,U+655E
OHE-01958,U+5275
OHE-01959,U+5F70
OHE-01960,U+6EC4
OHE-01961,U+83D6
OHE-01962,U+66A2
OHE-01963,U+84BC
OHE-01964,U+91C7
OHE-01965,U+5BC0
OHE-01966,U+57F0
OHE-01967,U+5F69
OHE-01968,U+63A1
OHE-01969,U+83DC
OHE-01970,U+7DB5
OHE-01971,U+8521
OHE-01972,U+518A
OHE-01973,U+7B56
OHE-01974,U+8655
OHE-01975,U+5C3A
OHE-01976,U+62D3
OHE-01977,U+621A
OHE-01978,U+965F
OHE-01979,U+5DDD
OHE-01980,U+5343
OHE-01981,U+5929
OHE-01982,U+4EDF
OHE-01983,U+6CC9
OHE-01984,U+9621
OHE-01985,U+8E10
OHE-01986,U+9077
OHE-01987,U+85A6
OHE-01988,U+54F2
OHE-01989,U+5586
OHE-01990,U+7DB4
OHE-01991,U+5FB9
OHE-01992,U+64A4
OHE-01993,U+6F88
OHE-01994,U+8F4D
OHE-01995,U+9435
OHE-01996,U+5C16
OHE-01997,U+6DFB
OHE-01998,U+50C9
OHE-01999,U+77BB
OHE-02000,U+6377
OHE-02001,U+9751
OHE-02002,U+6674
OHE-02003,U+6DF8
OHE-02004,U+8ACB
OHE-02005,U+807D
OHE-02006,U+5EF3
OHE-02007,U+7DE0
OHE-02008,U+8AE6
OHE-02009,U+905E
OHE-02010,U+9AD4
OHE-02011,U+521D
OHE-02012,U+8096
OHE-02013,U+62DB
OHE-02014,U+8D85
OHE-02015,U+8349
OHE-02016,U+695A
OHE-02017,U+6A35
OHE-02018,U+790E
OHE-02019,U+8549
OHE-02020,U+89F8
OHE-02021,U+5BF8
OHE-02022,U+6751
OHE-02023,U+7E3D
OHE-02024,U+8070
OHE-02025,U+53E2
OHE-02026,U+5BF5
OHE-02027,U+5D14
OHE-02028,U+6700
OHE-02029,U+50AC
OHE-02030,U+79CB
OHE-02031,U+62BD
OHE-02032,U+63A8
OHE-02033,U+6978
OHE-02034,U+8FFD
OHE-02035,U+6A1E
OHE-02036,U+9310
OHE-02037,U+9318
OHE-02038,U+9112
OHE-02039,U+4E11
OHE-02040,U+755C
OHE-02041,U+795D
OHE-02042,U+8EF8
OHE-02043,U+84C4
OHE-02044,U+7BC9
OHE-02045,U+6625
OHE-02046,U+693F
OHE-02047,U+7443
OHE-02048,U+51FA
OHE-02049,U+5145
OHE-02050,U+5FE0
OHE-02051,U+8877
OHE-02052,U+885D
OHE-02053,U+5439
OHE-02054,U+53D6
OHE-02055,U+5C31
OHE-02056,U+805A
OHE-02057,U+7FE0
OHE-02058,U+8DA3
OHE-02059,U+5074
OHE-02060,U+6E2C
OHE-02061,U+6CBB
OHE-02062,U+5CD9
OHE-02063,U+81F4
OHE-02064,U+5024
OHE-02065,U+96C9
OHE-02066,U+99B3
OHE-02067,U+7A1A
OHE-02068,U+7F6E
OHE-02069,U+71BE
OHE-02070,U+5247
OHE-02071,U+52C5
OHE-02072,U+89AA
OHE-02073,U+4E03
OHE-02074,U+6F06
OHE-02075,U+6C88
OHE-02076,U+91DD
OHE-02077,U+6D78
OHE-02078,U+741B
OHE-02079,U+79E4
OHE-02080,U+7A31
OHE-02081,U+592C
OHE-02082,U+5FEB
OHE-02083,U+4ED6
OHE-02084,U+6253
OHE-02085,U+59A5
OHE-02086,U+6258
OHE-02087,U+5353
OHE-02088,U+FA02
OHE-02089,U+FA01
OHE-02090,U+8A17
OHE-02091,U+502C
OHE-02092,U+666B
OHE-02093,U+7438
OHE-02094,U+7422
OHE-02095,U+64E2
OHE-02096,U+6FEF
OHE-02097,U+9438
OHE-02098,U+5451
OHE-02099,U+5766
OHE-02100,U+70AD
OHE-02101,U+8A95
OHE-02102,U+5F48
OHE-02103,U+7058
OHE-02104,U+803D
OHE-02105,U+63A2
OHE-02106,U+5854
OHE-02107,U+592A
OHE-02108,U+53F0
OHE-02109,U+514C
OHE-02110,U+6CF0
OHE-02111,U+80CE
OHE-02112,U+90B0
OHE-02113,U+614B
OHE-02114,U+FA04
OHE-02115,U+64C7
OHE-02116,U+6FA4
OHE-02117,U+571F
OHE-02118,U+514E
OHE-02119,U+8A0E
OHE-02120,U+6876
OHE-02121,U+7D71
OHE-02122,U+901A
OHE-02123,U+5806
OHE-02124,U+6295
OHE-02125,U+900F
OHE-02126,U+7279
OHE-02127,U+5DF4
OHE-02128,U+5761
OHE-02129,U+6777
OHE-02130,U+628A
OHE-02131,U+6CE2
OHE-02132,U+82AD
OHE-02133,U+7436
OHE-02134,U+64AD
OHE-02135,U+5742
OHE-02136,U+5224
OHE-02137,U+7248
OHE-02138,U+677F
OHE-02139,U+8CA9
OHE-02140,U+962A
OHE-02141,U+516B
OHE-02142,U+8C9D
OHE-02143,U+4F69
OHE-02144,U+8987
OHE-02145,U+5F6D
OHE-02146,U+6F8E
OHE-02147,U+7247
OHE-02148,U+6241
OHE-02149,U+4FBF
OHE-02150,U+7DE8
OHE-02151,U+7BC7
OHE-02152,U+904D
OHE-02153,U+5E73
OHE-02154,U+576A
OHE-02155,U+67B0
OHE-02156,U+8A55
OHE-02157,U+965B
OHE-02158,U+5E63
OHE-02159,U+5305
OHE-02160,U+5E03
OHE-02161,U+62B1
OHE-02162,U+7832
OHE-02163,U+6D66
OHE-02164,U+6355
OHE-02165,U+98FD
OHE-02166,U+8912
OHE-02167,U+92EA
OHE-02168,U+8461
OHE-02169,U+5E45
OHE-02170,U+6753
OHE-02171,U+8868
OHE-02172,U+8C79
OHE-02173,U+5F6A
OHE-02174,U+7968
OHE-02175,U+6F02
OHE-02176,U+6A19
OHE-02177,U+9A43
OHE-02178,U+54C1
OHE-02179,U+7A1F
OHE-02180,U+98A8
OHE-02181,U+6953
OHE-02182,U+8C50
OHE-02183,U+5339
OHE-02184,U+5FC5
OHE-02185,U+6CCC
OHE-02186,U+73CC
OHE-02187,U+7562
OHE-02188,U+82FE
OHE-02189,U+5F3C
OHE-02190,U+7B46
OHE-02191,U+999D
OHE-02192,U+4E0B
OHE-02193,U+6CB3
OHE-02194,U+6630
OHE-02195,U+590F
OHE-02196,U+8CC0
OHE-02197,U+5EC8
OHE-02198,U+971E
OHE-02199,U+5B78
OHE-02200,U+9DB4
OHE-02201,U+6C57
OHE-02202,U+5BD2
OHE-02203,U+9591
OHE-02204,U+6F22
OHE-02205,U+7FF0
OHE-02206,U+97D3
OHE-02207,U+701A
OHE-02208,U+8F44
OHE-02209,U+542B
OHE-02210,U+51FD
OHE-02211,U+54B8
OHE-02212,U+6DB5
OHE-02213,U+5408
OHE-02214,U+4EA2
OHE-02215,U+6297
OHE-02216,U+6C86
OHE-02217,U+5DF7
OHE-02218,U+59EE
OHE-02219,U+6052
OHE-02220,U+9805
OHE-02221,U+6E2F
OHE-02222,U+4EA5
OHE-02223,U+6D77
OHE-02224,U+5055
OHE-02225,U+8A72
OHE-02226,U+6977
OHE-02227,U+89E3
OHE-02228,U+8AE7
OHE-02229,U+6838
OHE-02230,U+884C
OHE-02231,U+674F
OHE-02232,U+5E78
OHE-02233,U+5411
OHE-02234,U+4EAB
OHE-02235,U+9999
OHE-02236,U+73E6
OHE-02237,U+9115
OHE-02238,U+97FF
OHE-02239,U+8A31
OHE-02240,U+8ED2
OHE-02241,U+61B2
OHE-02242,U+737B
OHE-02243,U+96AA
OHE-02244,U+9A57
OHE-02245,U+9769
OHE-02246,U+5F08
OHE-02247,U+8D6B
OHE-02248,U+7200
OHE-02249,U+7384
OHE-02250,U+FA0A
OHE-02251,U+5F26
OHE-02252,U+6CEB
OHE-02253,U+70AB
OHE-02254,U+73B9
OHE-02255,U+5CF4
OHE-02256,U+7D43
OHE-02257,U+665B
OHE-02258,U+73FE
OHE-02259,U+7D62
OHE-02260,U+9249
OHE-02261,U+8CE2
OHE-02262,U+7E23
OHE-02263,U+986F
OHE-02264,U+4FE0
OHE-02265,U+5CFD
OHE-02266,U+633E
OHE-02267,U+6D79
OHE-02268,U+5144
OHE-02269,U+5F62
OHE-02270,U+4EA8
OHE-02271,U+578B
OHE-02272,U+70AF
OHE-02273,U+6CC2
OHE-02274,U+90A2
OHE-02275,U+73E9
OHE-02276,U+7192
OHE-02277,U+7469
OHE-02278,U+8861
OHE-02279,U+7005
OHE-02280,U+99A8
OHE-02281,U+5F57
OHE-02282,U+60E0
OHE-02283,U+6167
OHE-02284,U+8559
OHE-02285,U+4E92
OHE-02286,U+6236
OHE-02287,U+597D
OHE-02288,U+864E
OHE-02289,U+660A
OHE-02290,U+795C
OHE-02291,U+6BEB
OHE-02292,U+6D69
OHE-02293,U+6248
OHE-02294,U+6667
OHE-02295,U+6DCF
OHE-02296,U+7693
OHE-02297,U+7425
OHE-02298,U+6E56
OHE-02299,U+745A
OHE-02300,U+8C6A
OHE-02301,U+6EF8
OHE-02302,U+6F94
OHE-02303,U+58D5
OHE-02304,U+6FE0
OHE-02305,U+93AC
OHE-02306,U+8B77
OHE-02307,U+9865
OHE-02308,U+9800
OHE-02309,U+705D
OHE-02310,U+5A5A
OHE-02311,U+5F18
OHE-02312,U+8679
OHE-02313,U+6CD3
OHE-02314,U+7D05
OHE-02315,U+6D2A
OHE-02316,U+70D8
OHE-02317,U+9D3B
OHE-02318,U+706B
OHE-02319,U+5316
OHE-02320,U+79BE
OHE-02321,U+548C
OHE-02322,U+82B1
OHE-02323,U+8CA8
OHE-02324,U+7575
OHE-02325,U+8A71
OHE-02326,U+83EF
OHE-02327,U+5B05
OHE-02328,U+6A3A
OHE-02329,U+78BA
OHE-02330,U+64F4
OHE-02331,U+7A6B
OHE-02332,U+4E38
OHE-02333,U+5E7B
OHE-02334,U+5950
OHE-02335,U+6853
OHE-02336,U+6665
OHE-02337,U+559A
OHE-02338,U+63DB
OHE-02339,U+7165
OHE-02340,U+6E19
OHE-02341,U+74B0
OHE-02342,U+9084
OHE-02343,U+6B61
OHE-02344,U+6D3B
OHE-02345,U+95CA
OHE-02346,U+7687
OHE-02347,U+6643
OHE-02348,U+51F0
OHE-02349,U+9EC3
OHE-02350,U+714C
OHE-02351,U+6EC9
OHE-02352,U+69A5
OHE-02353,U+749C
OHE-02354,U+56DE
OHE-02355,U+5EFB
OHE-02356,U+6062
OHE-02357,U+6703
OHE-02358,U+6A9C
OHE-02359,U+7E6A
OHE-02360,U+61F7
OHE-02361,U+5283
OHE-02362,U+6A6B
OHE-02363,U+723B
OHE-02364,U+5B5D
OHE-02365,U+6548
OHE-02366,U+6D8D
OHE-02367,U+66C9
OHE-02368,U+6585
OHE-02369,U+9A4D
OHE-02370,U+540E
OHE-02371,U+539A
OHE-02372,U+5F8C
OHE-02373,U+4FAF
OHE-02374,U+5019
OHE-02375,U+9005
OHE-02376,U+8A13
OHE-02377,U+7104
OHE-02378,U+718F
OHE-02379,U+52F3
OHE-02380,U+58CE
OHE-02381,U+71FB
OHE-02382,U+85B0
OHE-02383,U+6684
OHE-02384,U+8431
OHE-02385,U+5F59
OHE-02386,U+6689
OHE-02387,U+7147
OHE-02388,U+63EE
OHE-02389,U+8F1D
OHE-02390,U+5FBD
OHE-02391,U+4F11
OHE-02392,U+70CB
OHE-02393,U+643A
OHE-02394,U+9ED1
OHE-02395,U+6B23
OHE-02396,U+6615
OHE-02397,U+7098
OHE-02398,U+5C79
OHE-02399,U+6B3D
OHE-02400,U+5438
OHE-02401,U+6D3D
OHE-02402,U+6070
OHE-02403,U+7FD5
OHE-02404,U+8208
OHE-02405,U+5E0C
OHE-02406,U+59EC
OHE-02407,U+665E
OHE-02408,U+559C
OHE-02409,U+7A00
OHE-02410,U+7199
OHE-02411,U+50D6
OHE-02412,U+5B09
OHE-02413,U+51DE
OHE-02414,U+6199
OHE-02415,U+6231
OHE-02416,U+71B9
OHE-02417,U+71BA
OHE-02418,U+7FB2
OHE-02419,U+79A7
OHE-02420,U+66E6
