profile_id,strokes
OHE-00001,5
OHE-00002,5
OHE-00003,8
OHE-00004,9
OHE-00005,10
OHE-00006,12
OHE-00007,13
OHE-00008,13
OHE-00009,13
OHE-00010,14
OHE-00011,14
OHE-00012,15
OHE-00013,15
OHE-00014,6
OHE-00015,7
OHE-00016,7
OHE-00017,8
OHE-00018,10
OHE-00019,10
OHE-00020,12
OHE-00021,14
OHE-00022,20
OHE-00023,3
OHE-00024,5
OHE-00025,6
OHE-00026,7
OHE-00027,8
OHE-00028,9
OHE-00029,9
OHE-00030,12
OHE-00031,13
OHE-00032,13
OHE-00033,16
OHE-00034,16
OHE-00035,17
OHE-00036,18
OHE-00037,13
OHE-00038,15
OHE-00039,5
OHE-00040,11
OHE-00041,12
OHE-00042,12
OHE-00043,13
OHE-00044,13
OHE-00045,14
OHE-00046,17
OHE-00047,22
OHE-00048,5
OHE-00049,13
OHE-00050,7
OHE-00051,8
OHE-00052,9
OHE-00053,10
OHE-00054,11
OHE-00055,11
OHE-00056,11
OHE-00057,11
OHE-00058,14
OHE-00059,14
OHE-00060,16
OHE-00061,16
OHE-00062,17
OHE-00063,4
OHE-00064,6
OHE-00065,7
OHE-00066,10
OHE-00067,12
OHE-00068,12
OHE-00069,15
OHE-00070,15
OHE-00071,16
OHE-00072,9
OHE-00073,7
OHE-00074,5
OHE-00075,5
OHE-00076,7
OHE-00077,8
OHE-00078,9
OHE-00079,12
OHE-00080,13
OHE-00081,17
OHE-00082,18
OHE-00083,3
OHE-00084,6
OHE-00085,9
OHE-00086,10
OHE-00087,11
OHE-00088,11
OHE-00089,13
OHE-00090,17
OHE-00091,8
OHE-00092,12
OHE-00093,15
OHE-00094,15
OHE-00095,17
OHE-00096,13
OHE-00097,16
OHE-00098,10
OHE-00099,17
OHE-00100,17
OHE-00101,7
OHE-00102,11
OHE-00103,11
OHE-00104,13
OHE-00105,17
OHE-00106,8
OHE-00107,12
OHE-00108,16
OHE-00109,10
OHE-00110,17
OHE-00111,7
OHE-00112,8
OHE-00113,8
OHE-00114,8
OHE-00115,8
OHE-00116,9
OHE-00117,9
OHE-00118,10
OHE-00119,10
OHE-00120,10
OHE-00121,10
OHE-00122,11
OHE-00123,11
OHE-00124,11
OHE-00125,12
OHE-00126,12
OHE-00127,12
OHE-00128,13
OHE-00129,13
OHE-00130,13
OHE-00131,14
OHE-00132,14
OHE-00133,14
OHE-00134,15
OHE-00135,16
OHE-00136,16
OHE-00137,17
OHE-00138,17
OHE-00139,19
OHE-00140,19
OHE-00141,20
OHE-00142,20
OHE-00143,20
OHE-00144,7
OHE-00145,7
OHE-00146,8
OHE-00147,9
OHE-00148,9
OHE-00149,9
OHE-00150,9
OHE-00151,9
OHE-00152,10
OHE-00153,11
OHE-00154,14
OHE-00155,14
OHE-00156,17
OHE-00157,20
OHE-00158,21
OHE-00159,5
OHE-00160,5
OHE-00161,7
OHE-00162,8
OHE-00163,8
OHE-00164,8
OHE-00165,9
OHE-00166,10
OHE-00167,10
OHE-00168,11
OHE-00169,13
OHE-00170,14
OHE-00171,15
OHE-00172,21
OHE-00173,6
OHE-00174,7
OHE-00175,15
OHE-00176,8
OHE-00177,8
OHE-00178,11
OHE-00179,13
OHE-00180,10
OHE-00181,3
OHE-00182,4
OHE-00183,4
OHE-00184,5
OHE-00185,6
OHE-00186,7
OHE-00187,8
OHE-00188,8
OHE-00189,10
OHE-00190,10
OHE-00191,11
OHE-00192,12
OHE-00193,4
OHE-00194,5
OHE-00195,8
OHE-00196,9
OHE-00197,13
OHE-00198,14
OHE-00199,15
OHE-00200,16
OHE-00201,14
OHE-00202,15
OHE-00203,8
OHE-00204,9
OHE-00205,11
OHE-00206,12
OHE-00207,13
OHE-00208,14
OHE-00209,15
OHE-00210,15
OHE-00211,17
OHE-00212,19
OHE-00213,22
OHE-00214,23
OHE-00215,25
OHE-00216,10
OHE-00217,6
OHE-00218,6
OHE-00219,8
OHE-00220,8
OHE-00221,10
OHE-00222,11
OHE-00223,15
OHE-00224,19
OHE-00225,23
OHE-00226,12
OHE-00227,13
OHE-00228,7
OHE-00229,5
OHE-00230,6
OHE-00231,10
OHE-00232,11
OHE-00233,12
OHE-00234,13
OHE-00235,13
OHE-00236,15
OHE-00237,16
OHE-00238,17
OHE-00239,3
OHE-00240,3
OHE-00241,5
OHE-00242,5
OHE-00243,7
OHE-00244,7
OHE-00245,8
OHE-00246,8
OHE-00247,8
OHE-00248,9
OHE-00249,9
OHE-00250,10
OHE-00251,10
OHE-00252,11
OHE-00253,11
OHE-00254,11
OHE-00255,11
OHE-00256,12
OHE-00257,12
OHE-00258,13
OHE-00259,14
OHE-00260,14
OHE-00261,15
OHE-00262,16
OHE-00263,17
OHE-00264,18
OHE-00265,18
OHE-00266,21
OHE-00267,22
OHE-00268,7
OHE-00269,11
OHE-00270,14
OHE-00271,17
OHE-00272,7
OHE-00273,9
OHE-00274,13
OHE-00275,8
OHE-00276,13
OHE-00277,3
OHE-00278,10
OHE-00279,10
OHE-00280,8
OHE-00281,8
OHE-00282,10
OHE-00283,11
OHE-00284,11
OHE-00285,20
OHE-00286,22
OHE-00287,18
OHE-00288,9
OHE-00289,12
OHE-00290,16
OHE-00291,18
OHE-00292,5
OHE-00293,6
OHE-00294,9
OHE-00295,11
OHE-00296,11
OHE-00297,13
OHE-00298,14
OHE-00299,15
OHE-00300,15
OHE-00301,16
OHE-00302,7
OHE-00303,9
OHE-00304,12
OHE-00305,14
OHE-00306,7
OHE-00307,9
OHE-00308,13
OHE-00309,15
OHE-00310,18
OHE-00311,4
OHE-00312,6
OHE-00313,10
OHE-00314,11
OHE-00315,13
OHE-00316,13
OHE-00317,14
OHE-00318,15
OHE-00319,15
OHE-00320,16
OHE-00321,18
OHE-00322,4
OHE-00323,8
OHE-00324,8
OHE-00325,10
OHE-00326,13
OHE-00327,16
OHE-00328,19
OHE-00329,4
OHE-00330,8
OHE-00331,10
OHE-00332,12
OHE-00333,6
OHE-00334,9
OHE-00335,10
OHE-00336,14
OHE-00337,3
OHE-00338,6
OHE-00339,6
OHE-00340,7
OHE-00341,7
OHE-00342,7
OHE-00343,8
OHE-00344,8
OHE-00345,8
OHE-00346,8
OHE-00347,8
OHE-00348,8
OHE-00349,9
OHE-00350,9
OHE-00351,10
OHE-00352,10
OHE-00353,10
OHE-00354,10
OHE-00355,10
OHE-00356,11
OHE-00357,11
OHE-00358,11
OHE-00359,11
OHE-00360,11
OHE-00361,12
OHE-00362,12
OHE-00363,12
OHE-00364,12
OHE-00365,13
OHE-00366,13
OHE-00367,13
OHE-00368,13
OHE-00369,14
OHE-00370,14
OHE-00371,14
OHE-00372,14
OHE-00373,15
OHE-00374,16
OHE-00375,16
OHE-00376,16
OHE-00377,16
OHE-00378,16
OHE-00379,16
OHE-00380,17
OHE-00381,17
OHE-00382,18
OHE-00383,18
OHE-00384,19
OHE-00385,19
OHE-00386,27
OHE-00387,14
OHE-00388,6
OHE-00389,8
OHE-00390,9
OHE-00391,10
OHE-00392,8
OHE-00393,9
OHE-00394,9
OHE-00395,10
OHE-00396,11
OHE-00397,16
OHE-00398,13
OHE-00399,13
OHE-00400,12
OHE-00401,7
OHE-00402,9
OHE-00403,13
OHE-00404,13
OHE-00405,10
OHE-00406,10
OHE-00407,2
OHE-00408,4
OHE-00409,9
OHE-00410,9
OHE-00411,3
OHE-00412,6
OHE-00413,8
OHE-00414,14
OHE-00415,7
OHE-00416,13
OHE-00417,17
OHE-00418,10
OHE-00419,12
OHE-00420,9
OHE-00421,6
OHE-00422,12
OHE-00423,4
OHE-00424,5
OHE-00425,7
OHE-00426,9
OHE-00427,12
OHE-00428,12
OHE-00429,14
OHE-00430,14
OHE-00431,15
OHE-00432,16
OHE-00433,17
OHE-00434,17
OHE-00435,18
OHE-00436,16
OHE-00437,12
OHE-00438,12
OHE-00439,15
OHE-00440,16
OHE-00441,17
OHE-00442,17
OHE-00443,19
OHE-00444,9
OHE-00445,12
OHE-00446,10
OHE-00447,11
OHE-00448,13
OHE-00449,13
OHE-00450,16
OHE-00451,20
OHE-00452,3
OHE-00453,5
OHE-00454,8
OHE-00455,9
OHE-00456,10
OHE-00457,11
OHE-00458,11
OHE-00459,12
OHE-00460,14
OHE-00461,14
OHE-00462,17
OHE-00463,18
OHE-00464,18
OHE-00465,15
OHE-00466,2
OHE-00467,8
OHE-00468,9
OHE-00469,10
OHE-00470,10
OHE-00471,10
OHE-00472,10
OHE-00473,12
OHE-00474,13
OHE-00475,13
OHE-00476,13
OHE-00477,14
OHE-00478,14
OHE-00479,15
OHE-00480,16
OHE-00481,16
OHE-00482,16
OHE-00483,16
OHE-00484,17
OHE-00485,17
OHE-00486,18
OHE-00487,18
OHE-00488,19
OHE-00489,13
OHE-00490,16
OHE-00491,22
OHE-00492,12
OHE-00493,12
OHE-00494,13
OHE-00495,15
OHE-00496,16
OHE-00497,16
OHE-00498,6
OHE-00499,5
OHE-00500,6
OHE-00501,8
OHE-00502,10
OHE-00503,10
OHE-00504,11
OHE-00505,12
OHE-00506,12
OHE-00507,14
OHE-00508,15
OHE-00509,16
OHE-00510,17
OHE-00511,4
OHE-00512,7
OHE-00513,7
OHE-00514,8
OHE-00515,16
OHE-00516,4
OHE-00517,12
OHE-00518,11
OHE-00519,12
OHE-00520,12
OHE-00521,16
OHE-00522,19
OHE-00523,20
OHE-00524,21
OHE-00525,17
OHE-00526,20
OHE-00527,10
OHE-00528,11
OHE-00529,12
OHE-00530,15
OHE-00531,7
OHE-00532,21
OHE-00533,21
OHE-00534,23
OHE-00535,18
OHE-00536,20
OHE-00537,21
OHE-00538,11
OHE-00539,11
OHE-00540,12
OHE-00541,14
OHE-00542,15
OHE-00543,8
OHE-00544,11
OHE-00545,14
OHE-00546,7
OHE-00547,11
OHE-00548,7
OHE-00549,8
OHE-00550,9
OHE-00551,10
OHE-00552,10
OHE-00553,11
OHE-00554,12
OHE-00555,12
OHE-00556,15
OHE-00557,15
OHE-00558,18
OHE-00559,7
OHE-00560,9
OHE-00561,10
OHE-00562,15
OHE-00563,15
OHE-00564,15
OHE-00565,17
OHE-00566,19
OHE-00567,2
OHE-00568,16
OHE-00569,16
OHE-00570,13
OHE-00571,14
OHE-00572,15
OHE-00573,16
OHE-00574,17
OHE-00575,17
OHE-00576,17
OHE-00577,23
OHE-00578,6
OHE-00579,10
OHE-00580,10
OHE-00581,13
OHE-00582,17
OHE-00583,17
OHE-00584,19
OHE-00585,19
OHE-00586,5
OHE-00587,7
OHE-00588,9
OHE-00589,10
OHE-00590,13
OHE-00591,13
OHE-00592,14
OHE-00593,17
OHE-00594,20
OHE-00595,24
OHE-00596,8
OHE-00597,18
OHE-00598,6
OHE-00599,12
OHE-00600,13
OHE-00601,15
OHE-00602,16
OHE-00603,20
OHE-00604,20
OHE-00605,23
OHE-00606,11
OHE-00607,13
OHE-00608,14
OHE-00609,16
OHE-00610,15
OHE-00611,7
OHE-00612,20
OHE-00613,21
OHE-00614,22
OHE-00615,13
OHE-00616,16
OHE-00617,20
OHE-00618,2
OHE-00619,12
OHE-00620,14
OHE-00621,16
OHE-00622,11
OHE-00623,14
OHE-00624,15
OHE-00625,9
OHE-00626,10
OHE-00627,11
OHE-00628,12
OHE-00629,12
OHE-00630,15
OHE-00631,15
OHE-00632,19
OHE-00633,6
OHE-00634,16
OHE-00635,8
OHE-00636,10
OHE-00637,11
OHE-00638,14
OHE-00639,15
OHE-00640,9
OHE-00641,10
OHE-00642,11
OHE-00643,17
OHE-00644,15
OHE-00645,13
OHE-00646,14
OHE-00647,14
OHE-00648,16
OHE-00649,6
OHE-00650,7
OHE-00651,7
OHE-00652,7
OHE-00653,11
OHE-00654,11
OHE-00655,12
OHE-00656,13
OHE-00657,13
OHE-00658,15
OHE-00659,16
OHE-00660,16
OHE-00661,17
OHE-00662,20
OHE-00663,23
OHE-00664,8
OHE-00665,12
OHE-00666,13
OHE-00667,16
OHE-00668,17
OHE-00669,5
OHE-00670,11
OHE-00671,11
OHE-00672,10
OHE-00673,11
OHE-00674,15
OHE-00675,16
OHE-00676,13
OHE-00677,14
OHE-00678,15
OHE-00679,3
OHE-00680,11
OHE-00681,11
OHE-00682,15
OHE-00683,15
OHE-00684,17
OHE-00685,5
OHE-00686,11
OHE-00687,11
OHE-00688,14
OHE-00689,7
OHE-00690,8
OHE-00691,11
OHE-00692,12
OHE-00693,12
OHE-00694,15
OHE-00695,11
OHE-00696,12
OHE-00697,8
OHE-00698,12
OHE-00699,13
OHE-00700,14
OHE-00701,7
OHE-00702,9
OHE-00703,9
OHE-00704,11
OHE-00705,12
OHE-00706,14
OHE-00707,6
OHE-00708,8
OHE-00709,8
OHE-00710,14
OHE-00711,14
OHE-00712,14
OHE-00713,4
OHE-00714,5
OHE-00715,5
OHE-00716,6
OHE-00717,9
OHE-00718,9
OHE-00719,13
OHE-00720,14
OHE-00721,15
OHE-00722,15
OHE-00723,15
OHE-00724,15
OHE-00725,16
OHE-00726,18
OHE-00727,4
OHE-00728,5
OHE-00729,8
OHE-00730,8
OHE-00731,13
OHE-00732,16
OHE-00733,14
OHE-00734,16
OHE-00735,5
OHE-00736,7
OHE-00737,11
OHE-00738,13
OHE-00739,17
OHE-00740,5
OHE-00741,8
OHE-00742,9
OHE-00743,10
OHE-00744,11
OHE-00745,11
OHE-00746,12
OHE-00747,12
OHE-00748,12
OHE-00749,14
OHE-00750,16
OHE-00751,17
OHE-00752,19
OHE-00753,15
OHE-00754,16
OHE-00755,4
OHE-00756,8
OHE-00757,10
OHE-00758,11
OHE-00759,14
OHE-00760,8
OHE-00761,5
OHE-00762,6
OHE-00763,7
OHE-00764,8
OHE-00765,9
OHE-00766,9
OHE-00767,12
OHE-00768,13
OHE-00769,13
OHE-00770,17
OHE-00771,19
OHE-00772,5
OHE-00773,8
OHE-00774,8
OHE-00775,8
OHE-00776,9
OHE-00777,10
OHE-00778,11
OHE-00779,12
OHE-00780,15
OHE-00781,11
OHE-00782,14
OHE-00783,6
OHE-00784,9
OHE-00785,9
OHE-00786,10
OHE-00787,11
OHE-00788,12
OHE-00789,16
OHE-00790,17
OHE-00791,19
OHE-00792,4
OHE-00793,5
OHE-00794,7
OHE-00795,10
OHE-00796,10
OHE-00797,11
OHE-00798,11
OHE-00799,13
OHE-00800,13
OHE-00801,15
OHE-00802,15
OHE-00803,16
OHE-00804,9
OHE-00805,12
OHE-00806,13
OHE-00807,13
OHE-00808,15
OHE-00809,16
OHE-00810,4
OHE-00811,7
OHE-00812,7
OHE-00813,8
OHE-00814,8
OHE-00815,10
OHE-00816,10
OHE-00817,11
OHE-00818,11
OHE-00819,12
OHE-00820,12
OHE-00821,19
OHE-00822,8
OHE-00823,9
OHE-00824,10
OHE-00825,10
OHE-00826,11
OHE-00827,11
OHE-00828,12
OHE-00829,13
OHE-00830,14
OHE-00831,15
OHE-00832,16
OHE-00833,5
OHE-00834,6
OHE-00835,7
OHE-00836,8
OHE-00837,8
OHE-00838,9
OHE-00839,12
OHE-00840,17
OHE-00841,18
OHE-00842,21
OHE-00843,6
OHE-00844,14
OHE-00845,3
OHE-00846,6
OHE-00847,6
OHE-00848,7
OHE-00849,11
OHE-00850,15
OHE-00851,9
OHE-00852,14
OHE-00853,16
OHE-00854,18
OHE-00855,21
OHE-00856,4
OHE-00857,5
OHE-00858,16
OHE-00859,21
OHE-00860,22
OHE-00861,23
OHE-00862,7
OHE-00863,5
OHE-00864,7
OHE-00865,8
OHE-00866,8
OHE-00867,9
OHE-00868,9
OHE-00869,9
OHE-00870,10
OHE-00871,11
OHE-00872,12
OHE-00873,7
OHE-00874,7
OHE-00875,9
OHE-00876,12
OHE-00877,12
OHE-00878,12
OHE-00879,13
OHE-00880,14
OHE-00881,14
OHE-00882,16
OHE-00883,20
OHE-00884,20
OHE-00885,2
OHE-00886,6
OHE-00887,8
OHE-00888,12
OHE-00889,14
OHE-00890,15
OHE-00891,18
OHE-00892,5
OHE-00893,8
OHE-00894,9
OHE-00895,10
OHE-00896,10
OHE-00897,11
OHE-00898,12
OHE-00899,13
OHE-00900,14
OHE-00901,14
OHE-00902,17
OHE-00903,4
OHE-00904,4
OHE-00905,5
OHE-00906,7
OHE-00907,8
OHE-00908,8
OHE-00909,9
OHE-00910,10
OHE-00911,11
OHE-00912,11
OHE-00913,11
OHE-00914,12
OHE-00915,12
OHE-00916,12
OHE-00917,13
OHE-00918,14
OHE-00919,15
OHE-00920,5
OHE-00921,4
OHE-00922,8
OHE-00923,9
OHE-00924,10
OHE-00925,10
OHE-00926,16
OHE-00927,7
OHE-00928,9
OHE-00929,8
OHE-00930,19
OHE-00931,4
OHE-00932,6
OHE-00933,7
OHE-00934,8
OHE-00935,8
OHE-00936,9
OHE-00937,10
OHE-00938,10
OHE-00939,12
OHE-00940,12
OHE-00941,12
OHE-00942,13
OHE-00943,13
OHE-00944,20
OHE-00945,9
OHE-00946,11
OHE-00947,12
OHE-00948,14
OHE-00949,16
OHE-00950,18
OHE-00951,5
OHE-00952,13
OHE-00953,16
OHE-00954,3
OHE-00955,4
OHE-00956,5
OHE-00957,5
OHE-00958,5
OHE-00959,6
OHE-00960,7
OHE-00961,7
OHE-00962,8
OHE-00963,8
OHE-00964,8
OHE-00965,8
OHE-00966,8
OHE-00967,8
OHE-00968,9
OHE-00969,9
OHE-00970,10
OHE-00971,10
OHE-00972,10
OHE-00973,10
OHE-00974,11
OHE-00975,11
OHE-00976,12
OHE-00977,12
OHE-00978,12
OHE-00979,12
OHE-00980,13
OHE-00981,15
OHE-00982,15
OHE-00983,19
OHE-00984,9
OHE-00985,3
OHE-00986,10
OHE-00987,11
OHE-00988,14
OHE-00989,14
OHE-00990,20
OHE-00991,3
OHE-00992,7
OHE-00993,9
OHE-00994,11
OHE-00995,12
OHE-00996,17
OHE-00997,13
OHE-00998,3
OHE-00999,8
OHE-01000,8
OHE-01001,9
OHE-01002,9
OHE-01003,10
OHE-01004,11
OHE-01005,11
OHE-01006,11
OHE-01007,11
OHE-01008,12
OHE-01009,12
OHE-01010,13
OHE-01011,13
OHE-01012,13
OHE-01013,14
OHE-01014,14
OHE-01015,14
OHE-01016,15
OHE-01017,15
OHE-01018,17
OHE-01019,17
OHE-01020,18
OHE-01021,13
OHE-01022,6
OHE-01023,10
OHE-01024,18
OHE-01025,5
OHE-01026,6
OHE-01027,7
OHE-01028,8
OHE-01029,10
OHE-01030,10
OHE-01031,10
OHE-01032,11
OHE-01033,11
OHE-01034,12
OHE-01035,12
OHE-01036,13
OHE-01037,14
OHE-01038,14
OHE-01039,15
OHE-01040,15
OHE-01041,18
OHE-01042,3
OHE-01043,5
OHE-01044,7
OHE-01045,8
OHE-01046,8
OHE-01047,10
OHE-01048,12
OHE-01049,12
OHE-01050,12
OHE-01051,14
OHE-01052,15
OHE-01053,16
OHE-01054,20
OHE-01055,5
OHE-01056,6
OHE-01057,9
OHE-01058,10
OHE-01059,11
OHE-01060,11
OHE-01061,12
OHE-01062,12
OHE-01063,13
OHE-01064,13
OHE-01065,14
OHE-01066,14
OHE-01067,15
OHE-01068,15
OHE-01069,16
OHE-01070,17
OHE-01071,17
OHE-01072,18
OHE-01073,19
OHE-01074,19
OHE-01075,6
OHE-01076,11
OHE-01077,11
OHE-01078,11
OHE-01079,13
OHE-01080,14
OHE-01081,19
OHE-01082,16
OHE-01083,23
OHE-01084,11
OHE-01085,15
OHE-01086,17
OHE-01087,22
OHE-01088,7
OHE-01089,8
OHE-01090,9
OHE-01091,9
OHE-01092,9
OHE-01093,10
OHE-01094,11
OHE-01095,12
OHE-01096,12
OHE-01097,13
OHE-01098,13
OHE-01099,14
OHE-01100,17
OHE-01101,5
OHE-01102,10
OHE-01103,11
OHE-01104,13
OHE-01105,13
OHE-01106,3
OHE-01107,4
OHE-01108,5
OHE-01109,8
OHE-01110,9
OHE-01111,9
OHE-01112,10
OHE-01113,10
OHE-01114,11
OHE-01115,11
OHE-01116,12
OHE-01117,14
OHE-01118,16
OHE-01119,22
OHE-01120,7
OHE-01121,14
OHE-01122,21
OHE-01123,10
OHE-01124,17
OHE-01125,9
OHE-01126,11
OHE-01127,7
OHE-01128,8
OHE-01129,13
OHE-01130,10
OHE-01131,4
OHE-01132,4
OHE-01133,6
OHE-01134,6
OHE-01135,7
OHE-01136,8
OHE-01137,8
OHE-01138,9
OHE-01139,9
OHE-01140,10
OHE-01141,10
OHE-01142,10
OHE-01143,12
OHE-01144,12
OHE-01145,14
OHE-01146,14
OHE-01147,14
OHE-01148,14
OHE-01149,15
OHE-01150,16
OHE-01151,16
OHE-01152,16
OHE-01153,17
OHE-01154,18
OHE-01155,21
OHE-01156,8
OHE-01157,12
OHE-01158,13
OHE-01159,13
OHE-01160,15
OHE-01161,19
OHE-01162,6
OHE-01163,9
OHE-01164,10
OHE-01165,10
OHE-01166,11
OHE-01167,12
OHE-01168,12
OHE-01169,12
OHE-01170,12
OHE-01171,15
OHE-01172,16
OHE-01173,11
OHE-01174,12
OHE-01175,11
OHE-01176,13
OHE-01177,14
OHE-01178,10
OHE-01179,11
OHE-01180,18
OHE-01181,4
OHE-01182,6
OHE-01183,8
OHE-01184,8
OHE-01185,10
OHE-01186,12
OHE-01187,15
OHE-01188,5
OHE-01189,5
OHE-01190,8
OHE-01191,9
OHE-01192,9
OHE-01193,9
OHE-01194,10
OHE-01195,10
OHE-01196,12
OHE-01197,13
OHE-01198,13
OHE-01199,4
OHE-01200,6
OHE-01201,9
OHE-01202,10
OHE-01203,12
OHE-01204,12
OHE-01205,13
OHE-01206,13
OHE-01207,19
OHE-01208,5
OHE-01209,6
OHE-01210,7
OHE-01211,7
OHE-01212,7
OHE-01213,9
OHE-01214,10
OHE-01215,10
OHE-01216,10
OHE-01217,11
OHE-01218,11
OHE-01219,13
OHE-01220,14
OHE-01221,9
OHE-01222,14
OHE-01223,4
OHE-01224,8
OHE-01225,8
OHE-01226,12
OHE-01227,12
OHE-01228,15
OHE-01229,4
OHE-01230,10
OHE-01231,10
OHE-01232,4
OHE-01233,7
OHE-01234,8
OHE-01235,8
OHE-01236,10
OHE-01237,10
OHE-01238,12
OHE-01239,13
OHE-01240,8
OHE-01241,11
OHE-01242,15
OHE-01243,17
OHE-01244,6
OHE-01245,8
OHE-01246,10
OHE-01247,10
OHE-01248,10
OHE-01249,18
OHE-01250,16
OHE-01251,23
OHE-01252,9
OHE-01253,17
OHE-01254,5
OHE-01255,6
OHE-01256,8
OHE-01257,16
OHE-01258,8
OHE-01259,12
OHE-01260,13
OHE-01261,12
OHE-01262,18
OHE-01263,21
OHE-01264,21
OHE-01265,7
OHE-01266,11
OHE-01267,9
OHE-01268,11
OHE-01269,21
OHE-01270,21
OHE-01271,6
OHE-01272,10
OHE-01273,13
OHE-01274,13
OHE-01275,15
OHE-01276,15
OHE-01277,17
OHE-01278,17
OHE-01279,20
OHE-01280,11
OHE-01281,11
OHE-01282,14
OHE-01283,15
OHE-01284,17
OHE-01285,17
OHE-01286,7
OHE-01287,9
OHE-01288,16
OHE-01289,20
OHE-01290,13
OHE-01291,16
OHE-01292,4
OHE-01293,6
OHE-01294,7
OHE-01295,7
OHE-01296,14
OHE-01297,16
OHE-01298,6
OHE-01299,8
OHE-01300,20
OHE-01301,23
OHE-01302,7
OHE-01303,8
OHE-01304,9
OHE-01305,9
OHE-01306,9
OHE-01307,10
OHE-01308,10
OHE-01309,11
OHE-01310,11
OHE-01311,11
OHE-01312,12
OHE-01313,13
OHE-01314,15
OHE-01315,15
OHE-01316,16
OHE-01317,16
OHE-01318,11
OHE-01319,14
OHE-01320,15
OHE-01321,15
OHE-01322,8
OHE-01323,13
OHE-01324,24
OHE-01325,15
OHE-01326,16
OHE-01327,16
OHE-01328,5
OHE-01329,9
OHE-01330,9
OHE-01331,9
OHE-01332,11
OHE-01333,11
OHE-01334,12
OHE-01335,13
OHE-01336,13
OHE-01337,13
OHE-01338,13
OHE-01339,14
OHE-01340,14
OHE-01341,15
OHE-01342,15
OHE-01343,16
OHE-01344,17
OHE-01345,17
OHE-01346,21
OHE-01347,22
OHE-01348,2
OHE-01349,10
OHE-01350,13
OHE-01351,15
OHE-01352,16
OHE-01353,16
OHE-01354,21
OHE-01355,21
OHE-01356,4
OHE-01357,5
OHE-01358,6
OHE-01359,7
OHE-01360,7
OHE-01361,8
OHE-01362,10
OHE-01363,11
OHE-01364,11
OHE-01365,11
OHE-01366,13
OHE-01367,5
OHE-01368,8
OHE-01369,9
OHE-01370,13
OHE-01371,14
OHE-01372,19
OHE-01373,13
OHE-01374,16
OHE-01375,17
OHE-01376,5
OHE-01377,8
OHE-01378,7
OHE-01379,8
OHE-01380,9
OHE-01381,11
OHE-01382,12
OHE-01383,13
OHE-01384,13
OHE-01385,15
OHE-01386,4
OHE-01387,5
OHE-01388,8
OHE-01389,8
OHE-01390,8
OHE-01391,8
OHE-01392,5
OHE-01393,9
OHE-01394,9
OHE-01395,12
OHE-01396,14
OHE-01397,14
OHE-01398,15
OHE-01399,17
OHE-01400,17
OHE-01401,18
OHE-01402,20
OHE-01403,21
OHE-01404,11
OHE-01405,5
OHE-01406,9
OHE-01407,10
OHE-01408,10
OHE-01409,11
OHE-01410,11
OHE-01411,13
OHE-01412,14
OHE-01413,14
OHE-01414,14
OHE-01415,14
OHE-01416,15
OHE-01417,16
OHE-01418,18
OHE-01419,19
OHE-01420,2
OHE-01421,3
OHE-01422,4
OHE-01423,4
OHE-01424,5
OHE-01425,6
OHE-01426,6
OHE-01427,7
OHE-01428,7
OHE-01429,8
OHE-01430,8
OHE-01431,9
OHE-01432,10
OHE-01433,10
OHE-01434,11
OHE-01435,11
OHE-01436,12
OHE-01437,13
OHE-01438,14
OHE-01439,15
OHE-01440,16
OHE-01441,17
OHE-01442,17
OHE-01443,6
OHE-01444,9
OHE-01445,10
OHE-01446,13
OHE-01447,13
OHE-01448,4
OHE-01449,10
OHE-01450,12
OHE-01451,16
OHE-01452,16
OHE-01453,19
OHE-01454,17
OHE-01455,12
OHE-01456,14
OHE-01457,4
OHE-01458,8
OHE-01459,9
OHE-01460,10
OHE-01461,10
OHE-01462,10
OHE-01463,10
OHE-01464,11
OHE-01465,12
OHE-01466,13
OHE-01467,13
OHE-01468,13
OHE-01469,14
OHE-01470,14
OHE-01471,14
OHE-01472,15
OHE-01473,17
OHE-01474,17
OHE-01475,19
OHE-01476,4
OHE-01477,12
OHE-01478,7
OHE-01479,8
OHE-01480,9
OHE-01481,11
OHE-01482,11
OHE-01483,12
OHE-01484,12
OHE-01485,13
OHE-01486,13
OHE-01487,14
OHE-01488,15
OHE-01489,15
OHE-01490,16
OHE-01491,16
OHE-01492,18
OHE-01493,5
OHE-01494,5
OHE-01495,6
OHE-01496,7
OHE-01497,7
OHE-01498,8
OHE-01499,9
OHE-01500,9
OHE-01501,9
OHE-01502,9
OHE-01503,9
OHE-01504,9
OHE-01505,10
OHE-01506,11
OHE-01507,12
OHE-01508,12
OHE-01509,12
OHE-01510,12
OHE-01511,13
OHE-01512,13
OHE-01513,13
OHE-01514,13
OHE-01515,14
OHE-01516,14
OHE-01517,14
OHE-01518,16
OHE-01519,16
OHE-01520,16
OHE-01521,18
OHE-01522,19
OHE-01523,10
OHE-01524,11
OHE-01525,4
OHE-01526,4
OHE-01527,9
OHE-01528,11
OHE-01529,12
OHE-01530,12
OHE-01531,15
OHE-01532,16
OHE-01533,16
OHE-01534,9
OHE-01535,10
OHE-01536,10
OHE-01537,14
OHE-01538,15
OHE-01539,22
OHE-01540,1
OHE-01541,7
OHE-01542,9
OHE-01543,13
OHE-01544,7
OHE-01545,16
OHE-01546,17
OHE-01547,24
OHE-01548,6
OHE-01549,8
OHE-01550,8
OHE-01551,10
OHE-01552,13
OHE-01553,13
OHE-01554,15
OHE-01555,15
OHE-01556,15
OHE-01557,18
OHE-01558,18
OHE-01559,20
OHE-01560,22
OHE-01561,2
OHE-01562,3
OHE-01563,5
OHE-01564,6
OHE-01565,6
OHE-01566,6
OHE-01567,6
OHE-01568,8
OHE-01569,9
OHE-01570,11
OHE-01571,11
OHE-01572,11
OHE-01573,12
OHE-01574,12
OHE-01575,14
OHE-01576,16
OHE-01577,10
OHE-01578,11
OHE-01579,11
OHE-01580,17
OHE-01581,17
OHE-01582,21
OHE-01583,2
OHE-01584,4
OHE-01585,4
OHE-01586,6
OHE-01587,6
OHE-01588,7
OHE-01589,9
OHE-01590,11
OHE-01591,14
OHE-01592,1
OHE-01593,4
OHE-01594,8
OHE-01595,12
OHE-01596,14
OHE-01597,14
OHE-01598,15
OHE-01599,18
OHE-01600,4
OHE-01601,6
OHE-01602,13
OHE-01603,2
OHE-01604,12
OHE-01605,3
OHE-01606,5
OHE-01607,6
OHE-01608,6
OHE-01609,9
OHE-01610,10
OHE-01611,11
OHE-01612,11
OHE-01613,11
OHE-01614,13
OHE-01615,13
OHE-01616,14
OHE-01617,14
OHE-01618,15
OHE-01619,20
OHE-01620,7
OHE-01621,7
OHE-01622,9
OHE-01623,11
OHE-01624,18
OHE-01625,19
OHE-01626,15
OHE-01627,15
OHE-01628,16
OHE-01629,24
OHE-01630,18
OHE-01631,6
OHE-01632,6
OHE-01633,7
OHE-01634,7
OHE-01635,8
OHE-01636,11
OHE-01637,11
OHE-01638,11
OHE-01639,11
OHE-01640,12
OHE-01641,12
OHE-01642,12
OHE-01643,13
OHE-01644,13
OHE-01645,14
OHE-01646,15
OHE-01647,15
OHE-01648,16
OHE-01649,16
OHE-01650,17
OHE-01651,19
OHE-01652,20
OHE-01653,4
OHE-01654,6
OHE-01655,6
OHE-01656,7
OHE-01657,9
OHE-01658,10
OHE-01659,10
OHE-01660,10
OHE-01661,11
OHE-01662,12
OHE-01663,13
OHE-01664,13
OHE-01665,16
OHE-01666,17
OHE-01667,8
OHE-01668,16
OHE-01669,8
OHE-01670,11
OHE-01671,12
OHE-01672,12
OHE-01673,13
OHE-01674,15
OHE-01675,7
OHE-01676,8
OHE-01677,11
OHE-01678,11
OHE-01679,12
OHE-01680,13
OHE-01681,15
OHE-01682,15
OHE-01683,16
OHE-01684,17
OHE-01685,18
OHE-01686,18
OHE-01687,20
OHE-01688,5
OHE-01689,6
OHE-01690,7
OHE-01691,8
OHE-01692,8
OHE-01693,9
OHE-01694,10
OHE-01695,10
OHE-01696,11
OHE-01697,12
OHE-01698,13
OHE-01699,13
OHE-01700,13
OHE-01701,13
OHE-01702,13
OHE-01703,14
OHE-01704,16
OHE-01705,19
OHE-01706,4
OHE-01707,8
OHE-01708,12
OHE-01709,15
OHE-01710,5
OHE-01711,8
OHE-01712,15
OHE-01713,17
OHE-01714,12
OHE-01715,15
OHE-01716,2
OHE-01717,4
OHE-01718,5
OHE-01719,6
OHE-01720,7
OHE-01721,7
OHE-01722,7
OHE-01723,8
OHE-01724,8
OHE-01725,8
OHE-01726,8
OHE-01727,9
OHE-01728,9
OHE-01729,9
OHE-01730,9
OHE-01731,9
OHE-01732,10
OHE-01733,10
OHE-01734,11
OHE-01735,11
OHE-01736,11
OHE-01737,11
OHE-01738,12
OHE-01739,12
OHE-01740,12
OHE-01741,12
OHE-01742,12
OHE-01743,12
OHE-01744,12
OHE-01745,13
OHE-01746,13
OHE-01747,13
OHE-01748,13
OHE-01749,13
OHE-01750,13
OHE-01751,14
OHE-01752,14
OHE-01753,15
OHE-01754,16
OHE-01755,16
OHE-01756,19
OHE-01757,7
OHE-01758,8
OHE-01759,9
OHE-01760,11
OHE-01761,11
OHE-01762,11
OHE-01763,11
OHE-01764,12
OHE-01765,14
OHE-01766,14
OHE-01767,15
OHE-01768,16
OHE-01769,18
OHE-01770,18
OHE-01771,19
OHE-01772,6
OHE-01773,6
OHE-01774,7
OHE-01775,10
OHE-01776,10
OHE-01777,10
OHE-01778,10
OHE-01779,11
OHE-01780,11
OHE-01781,11
OHE-01782,11
OHE-01783,11
OHE-01784,11
OHE-01785,11
OHE-01786,11
OHE-01787,12
OHE-01788,12
OHE-01789,12
OHE-01790,13
OHE-01791,14
OHE-01792,14
OHE-01793,14
OHE-01794,15
OHE-01795,16
OHE-01796,17
OHE-01797,17
OHE-01798,18
OHE-01799,7
OHE-01800,11
OHE-01801,6
OHE-01802,12
OHE-01803,8
OHE-01804,8
OHE-01805,10
OHE-01806,11
OHE-01807,12
OHE-01808,12
OHE-01809,12
OHE-01810,13
OHE-01811,14
OHE-01812,14
OHE-01813,17
OHE-01814,17
OHE-01815,20
OHE-01816,5
OHE-01817,7
OHE-01818,7
OHE-01819,10
OHE-01820,5
OHE-01821,6
OHE-01822,6
OHE-01823,6
OHE-01824,7
OHE-01825,7
OHE-01826,8
OHE-01827,8
OHE-01828,9
OHE-01829,9
OHE-01830,9
OHE-01831,9
OHE-01832,9
OHE-01833,10
OHE-01834,11
OHE-01835,11
OHE-01836,11
OHE-01837,12
OHE-01838,13
OHE-01839,15
OHE-01840,15
OHE-01841,16
OHE-01842,19
OHE-01843,22
OHE-01844,6
OHE-01845,9
OHE-01846,10
OHE-01847,10
OHE-01848,10
OHE-01849,11
OHE-01850,11
OHE-01851,11
OHE-01852,12
OHE-01853,12
OHE-01854,13
OHE-01855,14
OHE-01856,15
OHE-01857,17
OHE-01858,18
OHE-01859,19
OHE-01860,11
OHE-01861,4
OHE-01862,6
OHE-01863,9
OHE-01864,12
OHE-01865,19
OHE-01866,6
OHE-01867,10
OHE-01868,12
OHE-01869,15
OHE-01870,16
OHE-01871,19
OHE-01872,19
OHE-01873,4
OHE-01874,4
OHE-01875,4
OHE-01876,5
OHE-01877,6
OHE-01878,6
OHE-01879,6
OHE-01880,7
OHE-01881,7
OHE-01882,7
OHE-01883,8
OHE-01884,8
OHE-01885,8
OHE-01886,9
OHE-01887,10
OHE-01888,10
OHE-01889,10
OHE-01890,10
OHE-01891,10
OHE-01892,11
OHE-01893,12
OHE-01894,14
OHE-01895,15
OHE-01896,19
OHE-01897,8
OHE-01898,13
OHE-01899,15
OHE-01900,18
OHE-01901,18
OHE-01902,7
OHE-01903,10
OHE-01904,10
OHE-01905,10
OHE-01906,10
OHE-01907,10
OHE-01908,11
OHE-01909,12
OHE-01910,12
OHE-01911,14
OHE-01912,14
OHE-01913,14
OHE-01914,14
OHE-01915,15
OHE-01916,15
OHE-01917,15
OHE-01918,15
OHE-01919,16
OHE-01920,16
OHE-01921,17
OHE-01922,18
OHE-01923,10
OHE-01924,15
OHE-01925,4
OHE-01926,11
OHE-01927,12
OHE-01928,16
OHE-01929,16
OHE-01930,20
OHE-01931,15
OHE-01932,16
OHE-01933,5
OHE-01934,6
OHE-01935,6
OHE-01936,7
OHE-01937,10
OHE-01938,13
OHE-01939,16
OHE-01940,17
OHE-01941,17
OHE-01942,18
OHE-01943,19
OHE-01944,20
OHE-01945,24
OHE-01946,25
OHE-01947,26
OHE-01948,27
OHE-01949,5
OHE-01950,14
OHE-01951,11
OHE-01952,8
OHE-01953,9
OHE-01954,10
OHE-01955,11
OHE-01956,11
OHE-01957,12
OHE-01958,12
OHE-01959,14
OHE-01960,14
OHE-01961,14
OHE-01962,14
OHE-01963,16
OHE-01964,8
OHE-01965,11
OHE-01966,11
OHE-01967,11
OHE-01968,12
OHE-01969,14
OHE-01970,14
OHE-01971,17
OHE-01972,5
OHE-01973,12
OHE-01974,11
OHE-01975,4
OHE-01976,9
OHE-01977,11
OHE-01978,15
OHE-01979,3
OHE-01980,3
OHE-01981,4
OHE-01982,5
OHE-01983,9
OHE-01984,11
OHE-01985,15
OHE-01986,19
OHE-01987,19
OHE-01988,10
OHE-01989,12
OHE-01990,14
OHE-01991,15
OHE-01992,16
OHE-01993,16
OHE-01994,19
OHE-01995,21
OHE-01996,6
OHE-01997,12
OHE-01998,13
OHE-01999,18
OHE-02000,12
OHE-02001,8
OHE-02002,12
OHE-02003,12
OHE-02004,15
OHE-02005,22
OHE-02006,25
OHE-02007,15
OHE-02008,16
OHE-02009,17
OHE-02010,23
OHE-02011,7
OHE-02012,9
OHE-02013,9
OHE-02014,12
OHE-02015,12
OHE-02016,13
OHE-02017,16
OHE-02018,18
OHE-02019,18
OHE-02020,20
OHE-02021,3
OHE-02022,7
OHE-02023,17
OHE-02024,17
OHE-02025,18
OHE-02026,19
OHE-02027,11
OHE-02028,12
OHE-02029,13
OHE-02030,9
OHE-02031,9
OHE-02032,12
OHE-02033,13
OHE-02034,13
OHE-02035,15
OHE-02036,16
OHE-02037,16
OHE-02038,17
OHE-02039,4
OHE-02040,10
OHE-02041,10
OHE-02042,12
OHE-02043,16
OHE-02044,16
OHE-02045,9
OHE-02046,13
OHE-02047,14
OHE-02048,5
OHE-02049,6
OHE-02050,8
OHE-02051,10
OHE-02052,15
OHE-02053,7
OHE-02054,8
OHE-02055,12
OHE-02056,14
OHE-02057,14
OHE-02058,15
OHE-02059,11
OHE-02060,13
OHE-02061,9
OHE-02062,9
OHE-02063,9
OHE-02064,10
OHE-02065,13
OHE-02066,13
OHE-02067,13
OHE-02068,14
OHE-02069,16
OHE-02070,9
OHE-02071,9
OHE-02072,16
OHE-02073,7
OHE-02074,15
OHE-02075,8
OHE-02076,10
OHE-02077,11
OHE-02078,13
OHE-02079,10
OHE-02080,14
OHE-02081,4
OHE-02082,8
OHE-02083,5
OHE-02084,6
OHE-02085,7
OHE-02086,7
OHE-02087,8
OHE-02088,9
OHE-02089,9
OHE-02090,10
OHE-02091,10
OHE-02092,12
OHE-02093,13
OHE-02094,13
OHE-02095,18
OHE-02096,18
OHE-02097,21
OHE-02098,7
OHE-02099,8
OHE-02100,9
OHE-02101,14
OHE-02102,15
OHE-02103,23
OHE-02104,10
OHE-02105,12
OHE-02106,13
OHE-02107,4
OHE-02108,5
OHE-02109,7
OHE-02110,9
OHE-02111,11
OHE-02112,12
OHE-02113,14
OHE-02114,6
OHE-02115,17
OHE-02116,17
OHE-02117,3
OHE-02118,8
OHE-02119,10
OHE-02120,11
OHE-02121,12
OHE-02122,14
OHE-02123,11
OHE-02124,8
OHE-02125,14
OHE-02126,10
OHE-02127,4
OHE-02128,8
OHE-02129,8
OHE-02130,8
OHE-02131,9
OHE-02132,10
OHE-02133,13
OHE-02134,16
OHE-02135,7
OHE-02136,7
OHE-02137,8
OHE-02138,8
OHE-02139,11
OHE-02140,12
OHE-02141,8
OHE-02142,7
OHE-02143,8
OHE-02144,19
OHE-02145,12
OHE-02146,16
OHE-02147,4
OHE-02148,9
OHE-02149,9
OHE-02150,15
OHE-02151,15
OHE-02152,16
OHE-02153,5
OHE-02154,8
OHE-02155,9
OHE-02156,12
OHE-02157,15
OHE-02158,15
OHE-02159,5
OHE-02160,5
OHE-02161,9
OHE-02162,10
OHE-02163,11
OHE-02164,11
OHE-02165,14
OHE-02166,15
OHE-02167,15
OHE-02168,15
OHE-02169,12
OHE-02170,7
OHE-02171,9
OHE-02172,10
OHE-02173,11
OHE-02174,11
OHE-02175,15
OHE-02176,15
OHE-02177,21
OHE-02178,9
OHE-02179,13
OHE-02180,9
OHE-02181,13
OHE-02182,18
OHE-02183,4
OHE-02184,5
OHE-02185,9
OHE-02186,10
OHE-02187,11
OHE-02188,11
OHE-02189,12
OHE-02190,12
OHE-02191,14
OHE-02192,3
OHE-02193,9
OHE-02194,9
OHE-02195,10
OHE-02196,12
OHE-02197,13
OHE-02198,17
OHE-02199,16
OHE-02200,21
OHE-02201,7
OHE-02202,12
OHE-02203,12
OHE-02204,15
OHE-02205,16
OHE-02206,17
OHE-02207,20
OHE-02208,17
OHE-02209,7
OHE-02210,8
OHE-02211,9
OHE-02212,12
OHE-02213,6
OHE-02214,4
OHE-02215,8
OHE-02216,8
OHE-02217,9
OHE-02218,9
OHE-02219,10
OHE-02220,12
OHE-02221,13
OHE-02222,6
OHE-02223,11
OHE-02224,11
OHE-02225,13
OHE-02226,13
OHE-02227,13
OHE-02228,16
OHE-02229,10
OHE-02230,6
OHE-02231,7
OHE-02232,8
OHE-02233,6
OHE-02234,8
OHE-02235,9
OHE-02236,11
OHE-02237,17
OHE-02238,22
OHE-02239,11
OHE-02240,10
OHE-02241,16
OHE-02242,20
OHE-02243,21
OHE-02244,23
OHE-02245,9
OHE-02246,9
OHE-02247,14
OHE-02248,18
OHE-02249,5
OHE-02250,7
OHE-02251,8
OHE-02252,9
OHE-02253,9
OHE-02254,10
OHE-02255,10
OHE-02256,11
OHE-02257,11
OHE-02258,12
OHE-02259,12
OHE-02260,13
OHE-02261,15
OHE-02262,20
OHE-02263,23
OHE-02264,9
OHE-02265,10
OHE-02266,11
OHE-02267,11
OHE-02268,5
OHE-02269,7
OHE-02270,7
OHE-02271,9
OHE-02272,9
OHE-02273,9
OHE-02274,11
OHE-02275,11
OHE-02276,14
OHE-02277,15
OHE-02278,16
OHE-02279,19
OHE-02280,20
OHE-02281,11
OHE-02282,12
OHE-02283,15
OHE-02284,18
OHE-02285,4
OHE-02286,4
OHE-02287,6
OHE-02288,8
OHE-02289,8
OHE-02290,10
OHE-02291,11
OHE-02292,11
OHE-02293,11
OHE-02294,11
OHE-02295,12
OHE-02296,12
OHE-02297,13
OHE-02298,13
OHE-02299,14
OHE-02300,14
OHE-02301,15
OHE-02302,16
OHE-02303,17
OHE-02304,18
OHE-02305,18
OHE-02306,21
OHE-02307,21
OHE-02308,23
OHE-02309,25
OHE-02310,11
OHE-02311,5
OHE-02312,9
OHE-02313,9
OHE-02314,9
OHE-02315,10
OHE-02316,10
OHE-02317,17
OHE-02318,4
OHE-02319,4
OHE-02320,5
OHE-02321,8
OHE-02322,10
OHE-02323,11
OHE-02324,12
OHE-02325,13
OHE-02326,14
OHE-02327,15
OHE-02328,16
OHE-02329,15
OHE-02330,19
OHE-02331,19
OHE-02332,3
OHE-02333,4
OHE-02334,9
OHE-02335,10
OHE-02336,11
OHE-02337,12
OHE-02338,13
OHE-02339,13
OHE-02340,13
OHE-02341,18
OHE-02342,20
OHE-02343,22
OHE-02344,10
OHE-02345,17
OHE-02346,9
OHE-02347,10
OHE-02348,11
OHE-02349,12
OHE-02350,13
OHE-02351,14
OHE-02352,14
OHE-02353,17
OHE-02354,6
OHE-02355,9
OHE-02356,10
OHE-02357,13
OHE-02358,17
OHE-02359,19
OHE-02360,20
OHE-02361,14
OHE-02362,16
OHE-02363,4
OHE-02364,7
OHE-02365,10
OHE-02366,11
OHE-02367,16
OHE-02368,20
OHE-02369,22
OHE-02370,6
OHE-02371,9
OHE-02372,9
OHE-02373,9
OHE-02374,10
OHE-02375,13
OHE-02376,10
OHE-02377,11
OHE-02378,14
OHE-02379,16
OHE-02380,17
OHE-02381,18
OHE-02382,20
OHE-02383,13
OHE-02384,15
OHE-02385,13
OHE-02386,13
OHE-02387,13
OHE-02388,13
OHE-02389,15
OHE-02390,17
OHE-02391,6
OHE-02392,10
OHE-02393,14
OHE-02394,12
OHE-02395,8
OHE-02396,8
OHE-02397,8
OHE-02398,6
OHE-02399,12
OHE-02400,7
OHE-02401,10
OHE-02402,10
OHE-02403,12
OHE-02404,15
OHE-02405,7
OHE-02406,9
OHE-02407,11
OHE-02408,12
OHE-02409,12
OHE-02410,13
OHE-02411,14
OHE-02412,15
OHE-02413,15
OHE-02414,16
OHE-02415,16
OHE-02416,16
OHE-02417,16
OHE-02418,16
OHE-02419,17
OHE-02420,20
