profile_id,resource_ohaeng
OHE-00001,목
OHE-00002,수
OHE-00003,화
OHE-00004,목
OHE-00005,목
OHE-00006,화
OHE-00007,금
OHE-00008,화
OHE-00009,토
OHE-00010,금
OHE-00011,수
OHE-00012,화
OHE-00013,목
OHE-00014,수
OHE-00015,화
OHE-00016,목
OHE-00017,금
OHE-00018,화
OHE-00019,금
OHE-00020,금
OHE-00021,목
OHE-00022,화
OHE-00023,목
OHE-00024,금
OHE-00025,토
OHE-00026,목
OHE-00027,화
OHE-00028,목
OHE-00029,목
OHE-00030,토
OHE-00031,목
OHE-00032,목
OHE-00033,토
OHE-00034,금
OHE-00035,화
OHE-00036,목
OHE-00037,수
OHE-00038,목
OHE-00039,토
OHE-00040,토
OHE-00041,금
OHE-00042,토
OHE-00043,화
OHE-00044,수
OHE-00045,금
OHE-00046,목
OHE-00047,금
OHE-00048,화
OHE-00049,금
OHE-00050,목
OHE-00051,토
OHE-00052,토
OHE-00053,금
OHE-00054,금
OHE-00055,토
OHE-00056,토
OHE-00057,목
OHE-00058,토
OHE-00059,목
OHE-00060,금
OHE-00061,금
OHE-00062,금
OHE-00063,화
OHE-00064,화
OHE-00065,금
OHE-00066,화
OHE-00067,목
OHE-00068,화
OHE-00069,목
OHE-00070,수
OHE-00071,목
OHE-00072,목
OHE-00073,금
OHE-00074,수
OHE-00075,화
OHE-00076,화
OHE-00077,목
OHE-00078,목
OHE-00079,토
OHE-00080,수
OHE-00081,목
OHE-00082,토
OHE-00083,목
OHE-00084,화
OHE-00085,목
OHE-00086,목
OHE-00087,화
OHE-00088,금
OHE-00089,목
OHE-00090,금
OHE-00091,목
OHE-00092,화
OHE-00093,화
OHE-00094,금
OHE-00095,목
OHE-00096,목
OHE-00097,화
OHE-00098,목
OHE-00099,목
OHE-00100,수
OHE-00101,화
OHE-00102,토
OHE-00103,토
OHE-00104,목
OHE-00105,토
OHE-00106,수
OHE-00107,목
OHE-00108,수
OHE-00109,금
OHE-00110,금
OHE-00111,금
OHE-00112,토
OHE-00113,화
OHE-00114,토
OHE-00115,금
OHE-00116,화
OHE-00117,금
OHE-00118,화
OHE-00119,토
OHE-00120,화
OHE-00121,화
OHE-00122,목
OHE-00123,금
OHE-00124,수
OHE-00125,금
OHE-00126,목
OHE-00127,화
OHE-00128,금
OHE-00129,목
OHE-00130,목
OHE-00131,화
OHE-00132,토
OHE-00133,토
OHE-00134,화
OHE-00135,화
OHE-00136,화
OHE-00137,목
OHE-00138,금
OHE-00139,금
OHE-00140,수
OHE-00141,금
OHE-00142,금
OHE-00143,금
OHE-00144,금
OHE-00145,목
OHE-00146,목
OHE-00147,화
OHE-00148,목
OHE-00149,금
OHE-00150,수
OHE-00151,토
OHE-00152,목
OHE-00153,목
OHE-00154,금
OHE-00155,수
OHE-00156,토
OHE-00157,목
OHE-00158,화
OHE-00159,수
OHE-00160,수
OHE-00161,수
OHE-00162,수
OHE-00163,토
OHE-00164,토
OHE-00165,목
OHE-00166,목
OHE-00167,화
OHE-00168,수
OHE-00169,금
OHE-00170,금
OHE-00171,목
OHE-00172,화
OHE-00173,토
OHE-00174,수
OHE-00175,목
OHE-00176,토
OHE-00177,화
OHE-00178,토
OHE-00179,금
OHE-00180,금
OHE-00181,화
OHE-00182,금
OHE-00183,수
OHE-00184,목
OHE-00185,금
OHE-00186,금
OHE-00187,수
OHE-00188,화
OHE-00189,화
OHE-00190,금
OHE-00191,금
OHE-00192,목
OHE-00193,금
OHE-00194,목
OHE-00195,목
OHE-00196,목
OHE-00197,금
OHE-00198,목
OHE-00199,금
OHE-00200,토
OHE-00201,목
OHE-00202,토
OHE-00203,목
OHE-00204,목
OHE-00205,금
OHE-00206,금
OHE-00207,금
OHE-00208,목
OHE-00209,목
OHE-00210,화
OHE-00211,수
OHE-00212,목
OHE-00213,수
OHE-00214,금
OHE-00215,화
OHE-00216,목
OHE-00217,토
OHE-00218,화
OHE-00219,화
OHE-00220,화
OHE-00221,수
OHE-00222,금
OHE-00223,목
OHE-00224,화
OHE-00225,금
OHE-00226,목
OHE-00227,토
OHE-00228,목
OHE-00229,화
OHE-00230,화
OHE-00231,목
OHE-00232,금
OHE-00233,수
OHE-00234,토
OHE-00235,화
OHE-00236,토
OHE-00237,목
OHE-00238,금
OHE-00239,수
OHE-00240,수
OHE-00241,수
OHE-00242,토
OHE-00243,수
OHE-00244,수
OHE-00245,금
OHE-00246,토
OHE-00247,금
OHE-00248,목
OHE-00249,수
OHE-00250,금
OHE-00251,화
OHE-00252,토
OHE-00253,금
OHE-00254,토
OHE-00255,목
OHE-00256,금
OHE-00257,토
OHE-00258,화
OHE-00259,목
OHE-00260,수
OHE-00261,금
OHE-00262,수
OHE-00263,금
OHE-00264,토
OHE-00265,토
OHE-00266,화
OHE-00267,화
OHE-00268,목
OHE-00269,수
OHE-00270,목
OHE-00271,금
OHE-00272,수
OHE-00273,화
OHE-00274,토
OHE-00275,토
OHE-00276,수
OHE-00277,화
OHE-00278,수
OHE-00279,목
OHE-00280,토
OHE-00281,목
OHE-00282,목
OHE-00283,목
OHE-00284,수
OHE-00285,토
OHE-00286,목
OHE-00287,목
OHE-00288,화
OHE-00289,금
OHE-00290,수
OHE-00291,토
OHE-00292,수
OHE-00293,토
OHE-00294,토
OHE-00295,화
OHE-00296,금
OHE-00297,목
OHE-00298,목
OHE-00299,토
OHE-00300,목
OHE-00301,수
OHE-00302,토
OHE-00303,토
OHE-00304,금
OHE-00305,목
OHE-00306,목
OHE-00307,금
OHE-00308,목
OHE-00309,금
OHE-00310,토
OHE-00311,금
OHE-00312,금
OHE-00313,목
OHE-00314,토
OHE-00315,화
OHE-00316,토
OHE-00317,토
OHE-00318,수
OHE-00319,목
OHE-00320,금
OHE-00321,금
OHE-00322,화
OHE-00323,화
OHE-00324,금
OHE-00325,목
OHE-00326,금
OHE-00327,금
OHE-00328,목
OHE-00329,수
OHE-00330,수
OHE-00331,목
OHE-00332,목
OHE-00333,화
OHE-00334,금
OHE-00335,수
OHE-00336,수
OHE-00337,토
OHE-00338,화
OHE-00339,화
OHE-00340,토
OHE-00341,토
OHE-00342,목
OHE-00343,금
OHE-00344,토
OHE-00345,수
OHE-00346,수
OHE-00347,목
OHE-00348,금
OHE-00349,목
OHE-00350,목
OHE-00351,금
OHE-00352,수
OHE-00353,토
OHE-00354,수
OHE-00355,화
OHE-00356,토
OHE-00357,목
OHE-00358,수
OHE-00359,토
OHE-00360,토
OHE-00361,수
OHE-00362,수
OHE-00363,화
OHE-00364,목
OHE-00365,목
OHE-00366,금
OHE-00367,금
OHE-00368,수
OHE-00369,목
OHE-00370,화
OHE-00371,목
OHE-00372,목
OHE-00373,토
OHE-00374,수
OHE-00375,토
OHE-00376,목
OHE-00377,금
OHE-00378,금
OHE-00379,금
OHE-00380,금
OHE-00381,금
OHE-00382,화
OHE-00383,화
OHE-00384,토
OHE-00385,금
OHE-00386,화
OHE-00387,목
OHE-00388,수
OHE-00389,화
OHE-00390,토
OHE-00391,목
OHE-00392,금
OHE-00393,목
OHE-00394,목
OHE-00395,토
OHE-00396,토
OHE-00397,금
OHE-00398,화
OHE-00399,화
OHE-00400,목
OHE-00401,토
OHE-00402,화
OHE-00403,수
OHE-00404,목
OHE-00405,목
OHE-00406,토
OHE-00407,금
OHE-00408,목
OHE-00409,수
OHE-00410,목
OHE-00411,토
OHE-00412,목
OHE-00413,화
OHE-00414,화
OHE-00415,토
OHE-00416,토
OHE-00417,수
OHE-00418,목
OHE-00419,수
OHE-00420,수
OHE-00421,수
OHE-00422,목
OHE-00423,화
OHE-00424,화
OHE-00425,화
OHE-00426,금
OHE-00427,금
OHE-00428,수
OHE-00429,금
OHE-00430,수
OHE-00431,목
OHE-00432,토
OHE-00433,금
OHE-00434,목
OHE-00435,금
OHE-00436,토
OHE-00437,수
OHE-00438,금
OHE-00439,금
OHE-00440,수
OHE-00441,수
OHE-00442,목
OHE-00443,금
OHE-00444,토
OHE-00445,목
OHE-00446,수
OHE-00447,토
OHE-00448,토
OHE-00449,토
OHE-00450,목
OHE-00451,수
OHE-00452,목
OHE-00453,화
OHE-00454,토
OHE-00455,화
OHE-00456,금
OHE-00457,목
OHE-00458,목
OHE-00459,금
OHE-00460,토
OHE-00461,목
OHE-00462,토
OHE-00463,목
OHE-00464,금
OHE-00465,화
OHE-00466,금
OHE-00467,금
OHE-00468,목
OHE-00469,목
OHE-00470,화
OHE-00471,목
OHE-00472,토
OHE-00473,토
OHE-00474,수
OHE-00475,토
OHE-00476,토
OHE-00477,수
OHE-00478,토
OHE-00479,목
OHE-00480,토
OHE-00481,토
OHE-00482,목
OHE-00483,토
OHE-00484,금
OHE-00485,토
OHE-00486,화
OHE-00487,수
OHE-00488,목
OHE-00489,목
OHE-00490,목
OHE-00491,금
OHE-00492,화
OHE-00493,금
OHE-00494,화
OHE-00495,토
OHE-00496,화
OHE-00497,화
OHE-00498,금
OHE-00499,수
OHE-00500,수
OHE-00501,목
OHE-00502,수
OHE-00503,목
OHE-00504,수
OHE-00505,금
OHE-00506,목
OHE-00507,금
OHE-00508,목
OHE-00509,수
OHE-00510,목
OHE-00511,화
OHE-00512,목
OHE-00513,목
OHE-00514,목
OHE-00515,화
OHE-00516,목
OHE-00517,금
OHE-00518,화
OHE-00519,목
OHE-00520,화
OHE-00521,화
OHE-00522,토
OHE-00523,화
OHE-00524,목
OHE-00525,수
OHE-00526,목
OHE-00527,수
OHE-00528,금
OHE-00529,목
OHE-00530,목
OHE-00531,수
OHE-00532,수
OHE-00533,화
OHE-00534,목
OHE-00535,수
OHE-00536,목
OHE-00537,화
OHE-00538,수
OHE-00539,수
OHE-00540,금
OHE-00541,토
OHE-00542,금
OHE-00543,화
OHE-00544,토
OHE-00545,목
OHE-00546,수
OHE-00547,토
OHE-00548,토
OHE-00549,토
OHE-00550,화
OHE-00551,수
OHE-00552,화
OHE-00553,목
OHE-00554,수
OHE-00555,화
OHE-00556,목
OHE-00557,금
OHE-00558,목
OHE-00559,수
OHE-00560,화
OHE-00561,토
OHE-00562,목
OHE-00563,목
OHE-00564,화
OHE-00565,토
OHE-00566,토
OHE-00567,토
OHE-00568,토
OHE-00569,화
OHE-00570,화
OHE-00571,토
OHE-00572,목
OHE-00573,화
OHE-00574,금
OHE-00575,목
OHE-00576,화
OHE-00577,화
OHE-00578,금
OHE-00579,수
OHE-00580,화
OHE-00581,목
OHE-00582,금
OHE-00583,수
OHE-00584,목
OHE-00585,토
OHE-00586,화
OHE-00587,화
OHE-00588,화
OHE-00589,금
OHE-00590,금
OHE-00591,수
OHE-00592,화
OHE-00593,토
OHE-00594,금
OHE-00595,수
OHE-00596,화
OHE-00597,목
OHE-00598,토
OHE-00599,화
OHE-00600,토
OHE-00601,수
OHE-00602,수
OHE-00603,수
OHE-00604,화
OHE-00605,화
OHE-00606,토
OHE-00607,목
OHE-00608,목
OHE-00609,금
OHE-00610,금
OHE-00611,금
OHE-00612,수
OHE-00613,금
OHE-00614,목
OHE-00615,수
OHE-00616,금
OHE-00617,수
OHE-00618,금
OHE-00619,화
OHE-00620,화
OHE-00621,토
OHE-00622,목
OHE-00623,수
OHE-00624,목
OHE-00625,목
OHE-00626,토
OHE-00627,수
OHE-00628,금
OHE-00629,금
OHE-00630,금
OHE-00631,금
OHE-00632,화
OHE-00633,토
OHE-00634,토
OHE-00635,화
OHE-00636,화
OHE-00637,토
OHE-00638,목
OHE-00639,화
OHE-00640,화
OHE-00641,목
OHE-00642,화
OHE-00643,토
OHE-00644,수
OHE-00645,목
OHE-00646,목
OHE-00647,목
OHE-00648,토
OHE-00649,수
OHE-00650,토
OHE-00651,목
OHE-00652,금
OHE-00653,목
OHE-00654,화
OHE-00655,금
OHE-00656,목
OHE-00657,목
OHE-00658,목
OHE-00659,금
OHE-00660,수
OHE-00661,금
OHE-00662,토
OHE-00663,토
OHE-00664,목
OHE-00665,수
OHE-00666,금
OHE-00667,수
OHE-00668,화
OHE-00669,금
OHE-00670,목
OHE-00671,목
OHE-00672,화
OHE-00673,목
OHE-00674,금
OHE-00675,금
OHE-00676,목
OHE-00677,목
OHE-00678,수
OHE-00679,목
OHE-00680,토
OHE-00681,화
OHE-00682,목
OHE-00683,수
OHE-00684,목
OHE-00685,목
OHE-00686,목
OHE-00687,수
OHE-00688,목
OHE-00689,토
OHE-00690,토
OHE-00691,목
OHE-00692,금
OHE-00693,토
OHE-00694,금
OHE-00695,목
OHE-00696,수
OHE-00697,수
OHE-00698,토
OHE-00699,토
OHE-00700,목
OHE-00701,목
OHE-00702,화
OHE-00703,금
OHE-00704,목
OHE-00705,목
OHE-00706,목
OHE-00707,수
OHE-00708,수
OHE-00709,화
OHE-00710,수
OHE-00711,금
OHE-00712,화
OHE-00713,화
OHE-00714,토
OHE-00715,금
OHE-00716,토
OHE-00717,수
OHE-00718,목
OHE-00719,토
OHE-00720,수
OHE-00721,목
OHE-00722,목
OHE-00723,화
OHE-00724,화
OHE-00725,금
OHE-00726,금
OHE-00727,목
OHE-00728,목
OHE-00729,수
OHE-00730,모
OHE-00731,목
OHE-00732,목
OHE-00733,목
OHE-00734,목
OHE-00735,목
OHE-00736,토
OHE-00737,목
OHE-00738,목
OHE-00739,슴
OHE-00740,토
OHE-00741,토
OHE-00742,목
OHE-00743,토
OHE-00744,목
OHE-00745,토
OHE-00746,금
OHE-00747,화
OHE-00748,금
OHE-00749,목
OHE-00750,목
OHE-00751,화
OHE-00752,수
OHE-00753,토
OHE-00754,수
OHE-00755,목
OHE-00756,목
OHE-00757,목
OHE-00758,목
OHE-00759,화
OHE-00760,토
OHE-00761,목
OHE-00762,목
OHE-00763,목
OHE-00764,수
OHE-00765,목
OHE-00766,토
OHE-00767,토
OHE-00768,수
OHE-00769,화
OHE-00770,금
OHE-00771,목
OHE-00772,화
OHE-00773,토
OHE-00774,화
OHE-00775,화
OHE-00776,금
OHE-00777,금
OHE-00778,금
OHE-00779,목
OHE-00780,화
OHE-00781,목
OHE-00782,수
OHE-00783,목
OHE-00784,수
OHE-00785,목
OHE-00786,금
OHE-00787,목
OHE-00788,수
OHE-00789,목
OHE-00790,금
OHE-00791,목
OHE-00792,수
OHE-00793,토
OHE-00794,화
OHE-00795,토
OHE-00796,목
OHE-00797,금
OHE-00798,토
OHE-00799,화
OHE-00800,수
OHE-00801,금
OHE-00802,금
OHE-00803,수
OHE-00804,목
OHE-00805,화
OHE-00806,수
OHE-00807,금
OHE-00808,화
OHE-00809,수
OHE-00810,토
OHE-00811,화
OHE-00812,토
OHE-00813,금
OHE-00814,화
OHE-00815,목
OHE-00816,화
OHE-00817,토
OHE-00818,금
OHE-00819,화
OHE-00820,토
OHE-00821,토
OHE-00822,목
OHE-00823,목
OHE-00824,화
OHE-00825,금
OHE-00826,수
OHE-00827,토
OHE-00828,목
OHE-00829,수
OHE-00830,목
OHE-00831,화
OHE-00832,토
OHE-00833,금
OHE-00834,수
OHE-00835,화
OHE-00836,화
OHE-00837,목
OHE-00838,목
OHE-00839,토
OHE-00840,목
OHE-00841,목
OHE-00842,화
OHE-00843,화
OHE-00844,목
OHE-00845,수
OHE-00846,수
OHE-00847,목
OHE-00848,수
OHE-00849,목
OHE-00850,목
OHE-00851,목
OHE-00852,금
OHE-00853,토
OHE-00854,금
OHE-00855,목
OHE-00856,토
OHE-00857,목
OHE-00858,금
OHE-00859,금
OHE-00860,토
OHE-00861,금
OHE-00862,금
OHE-00863,화
OHE-00864,금
OHE-00865,화
OHE-00866,목
OHE-00867,화
OHE-00868,화
OHE-00869,목
OHE-00870,금
OHE-00871,수
OHE-00872,목
OHE-00873,토
OHE-00874,수
OHE-00875,화
OHE-00876,토
OHE-00877,화
OHE-00878,토
OHE-00879,목
OHE-00880,화
OHE-00881,목
OHE-00882,목
OHE-00883,금
OHE-00884,금
OHE-00885,화
OHE-00886,화
OHE-00887,수
OHE-00888,화
OHE-00889,목
OHE-00890,목
OHE-00891,목
OHE-00892,목
OHE-00893,목
OHE-00894,토
OHE-00895,화
OHE-00896,토
OHE-00897,화
OHE-00898,목
OHE-00899,수
OHE-00900,토
OHE-00901,화
OHE-00902,목
OHE-00903,목
OHE-00904,목
OHE-00905,화
OHE-00906,수
OHE-00907,목
OHE-00908,토
OHE-00909,화
OHE-00910,목
OHE-00911,수
OHE-00912,토
OHE-00913,금
OHE-00914,목
OHE-00915,화
OHE-00916,화
OHE-00917,토
OHE-00918,수
OHE-00919,금
OHE-00920,수
OHE-00921,금
OHE-00922,수
OHE-00923,금
OHE-00924,목
OHE-00925,목
OHE-00926,목
OHE-00927,화
OHE-00928,목
OHE-00929,수
OHE-00930,화
OHE-00931,화
OHE-00932,토
OHE-00933,목
OHE-00934,목
OHE-00935,목
OHE-00936,화
OHE-00937,수
OHE-00938,목
OHE-00939,화
OHE-00940,목
OHE-00941,금
OHE-00942,금
OHE-00943,금
OHE-00944,금
OHE-00945,금
OHE-00946,화
OHE-00947,목
OHE-00948,금
OHE-00949,화
OHE-00950,수
OHE-00951,수
OHE-00952,화
OHE-00953,화
OHE-00954,목
OHE-00955,수
OHE-00956,수
OHE-00957,화
OHE-00958,수
OHE-00959,목
OHE-00960,화
OHE-00961,목
OHE-00962,수
OHE-00963,목
OHE-00964,목
OHE-00965,화
OHE-00966,목
OHE-00967,화
OHE-00968,화
OHE-00969,목
OHE-00970,목
OHE-00971,목
OHE-00972,토
OHE-00973,토
OHE-00974,화
OHE-00975,화
OHE-00976,금
OHE-00977,목
OHE-00978,목
OHE-00979,금
OHE-00980,수
OHE-00981,목
OHE-00982,금
OHE-00983,금
OHE-00984,금
OHE-00985,토
OHE-00986,금
OHE-00987,목
OHE-00988,목
OHE-00989,금
OHE-00990,목
OHE-00991,화
OHE-00992,목
OHE-00993,목
OHE-00994,화
OHE-00995,목
OHE-00996,목
OHE-00997,목
OHE-00998,목
OHE-00999,금
OHE-01000,토
OHE-01001,목
OHE-01002,목
OHE-01003,목
OHE-01004,금
OHE-01005,화
OHE-01006,수
OHE-01007,목
OHE-01008,화
OHE-01009,수
OHE-01010,수
OHE-01011,화
OHE-01012,금
OHE-01013,수
OHE-01014,목
OHE-01015,화
OHE-01016,목
OHE-01017,금
OHE-01018,화
OHE-01019,수
OHE-01020,화
OHE-01021,토
OHE-01022,토
OHE-01023,목
OHE-01024,목
OHE-01025,목
OHE-01026,금
OHE-01027,목
OHE-01028,목
OHE-01029,목
OHE-01030,화
OHE-01031,화
OHE-01032,목
OHE-01033,금
OHE-01034,목
OHE-01035,화
OHE-01036,화
OHE-01037,금
OHE-01038,금
OHE-01039,목
OHE-01040,목
OHE-01041,화
OHE-01042,수
OHE-01043,금
OHE-01044,수
OHE-01045,목
OHE-01046,화
OHE-01047,목
OHE-01048,화
OHE-01049,수
OHE-01050,화
OHE-01051,금
OHE-01052,화
OHE-01053,금
OHE-01054,화
OHE-01055,화
OHE-01056,목
OHE-01057,화
OHE-01058,목
OHE-01059,목
OHE-01060,목
OHE-01061,금
OHE-01062,수
OHE-01063,수
OHE-01064,토
OHE-01065,금
OHE-01066,금
OHE-01067,토
OHE-01068,목
OHE-01069,금
OHE-01070,목
OHE-01071,수
OHE-01072,목
OHE-01073,토
OHE-01074,금
OHE-01075,화
OHE-01076,수
OHE-01077,금
OHE-01078,토
OHE-01079,목
OHE-01080,금
OHE-01081,목
OHE-01082,화
OHE-01083,목
OHE-01084,수
OHE-01085,목
OHE-01086,화
OHE-01087,목
OHE-01088,화
OHE-01089,토
OHE-01090,화
OHE-01091,목
OHE-01092,화
OHE-01093,토
OHE-01094,화
OHE-01095,화
OHE-01096,금
OHE-01097,화
OHE-01098,화
OHE-01099,금
OHE-01100,화
OHE-01101,화
OHE-01102,수
OHE-01103,목
OHE-01104,금
OHE-01105,토
OHE-01106,수
OHE-01107,수
OHE-01108,수
OHE-01109,목
OHE-01110,화
OHE-01111,화
OHE-01112,목
OHE-01113,목
OHE-01114,목
OHE-01115,토
OHE-01116,토
OHE-01117,금
OHE-01118,화
OHE-01119,목
OHE-01120,목
OHE-01121,토
OHE-01122,목
OHE-01123,수
OHE-01124,토
OHE-01125,목
OHE-01126,화
OHE-01127,목
OHE-01128,목
OHE-01129,화
OHE-01130,금
OHE-01131,수
OHE-01132,목
OHE-01133,금
OHE-01134,목
OHE-01135,목
OHE-01136,토
OHE-01137,수
OHE-01138,수
OHE-01139,목
OHE-01140,수
OHE-01141,수
OHE-01142,화
OHE-01143,금
OHE-01144,목
OHE-01145,수
OHE-01146,수
OHE-01147,금
OHE-01148,목
OHE-01149,금
OHE-01150,화
OHE-01151,목
OHE-01152,토
OHE-01153,목
OHE-01154,목
OHE-01155,토
OHE-01156,수
OHE-01157,수
OHE-01158,화
OHE-01159,금
OHE-01160,화
OHE-01161,금
OHE-01162,화
OHE-01163,목
OHE-01164,목
OHE-01165,수
OHE-01166,금
OHE-01167,화
OHE-01168,수
OHE-01169,목
OHE-01170,화
OHE-01171,금
OHE-01172,금
OHE-01173,화
OHE-01174,토
OHE-01175,토
OHE-01176,토
OHE-01177,금
OHE-01178,목
OHE-01179,화
OHE-01180,수
OHE-01181,목
OHE-01182,목
OHE-01183,화
OHE-01184,목
OHE-01185,화
OHE-01186,토
OHE-01187,토
OHE-01188,목
OHE-01189,목
OHE-01190,토
OHE-01191,토
OHE-01192,목
OHE-01193,화
OHE-01194,화
OHE-01195,화
OHE-01196,화
OHE-01197,금
OHE-01198,금
OHE-01199,화
OHE-01200,금
OHE-01201,수
OHE-01202,화
OHE-01203,목
OHE-01204,목
OHE-01205,수
OHE-01206,화
OHE-01207,금
OHE-01208,금
OHE-01209,화
OHE-01210,금
OHE-01211,화
OHE-01212,화
OHE-01213,화
OHE-01214,금
OHE-01215,금
OHE-01216,토
OHE-01217,화
OHE-01218,목
OHE-01219,금
OHE-01220,화
OHE-01221,목
OHE-01222,목
OHE-01223,화
OHE-01224,수
OHE-01225,수
OHE-01226,수
OHE-01227,금
OHE-01228,목
OHE-01229,화
OHE-01230,수
OHE-01231,목
OHE-01232,금
OHE-01233,금
OHE-01234,화
OHE-01235,수
OHE-01236,목
OHE-01237,토
OHE-01238,화
OHE-01239,토
OHE-01240,토
OHE-01241,토
OHE-01242,목
OHE-01243,토
OHE-01244,목
OHE-01245,토
OHE-01246,목
OHE-01247,화
OHE-01248,목
OHE-01249,화
OHE-01250,금
OHE-01251,토
OHE-01252,목
OHE-01253,토
OHE-01254,토
OHE-01255,화
OHE-01256,화
OHE-01257,화
OHE-01258,토
OHE-01259,수
OHE-01260,화
OHE-01261,수
OHE-01262,화
OHE-01263,화
OHE-01264,목
OHE-01265,수
OHE-01266,토
OHE-01267,목
OHE-01268,목
OHE-01269,토
OHE-01270,목
OHE-01271,토
OHE-01272,수
OHE-01273,목
OHE-01274,목
OHE-01275,수
OHE-01276,목
OHE-01277,목
OHE-01278,토
OHE-01279,토
OHE-01280,수
OHE-01281,화
OHE-01282,금
OHE-01283,화
OHE-01284,화
OHE-01285,목
OHE-01286,금
OHE-01287,화
OHE-01288,금
OHE-01289,수
OHE-01290,목
OHE-01291,토
OHE-01292,금
OHE-01293,토
OHE-01294,화
OHE-01295,수
OHE-01296,토
OHE-01297,수
OHE-01298,수
OHE-01299,화
OHE-01300,금
OHE-01301,화
OHE-01302,토
OHE-01303,수
OHE-01304,토
OHE-01305,화
OHE-01306,수
OHE-01307,토
OHE-01308,목
OHE-01309,금
OHE-01310,화
OHE-01311,수
OHE-01312,화
OHE-01313,수
OHE-01314,수
OHE-01315,목
OHE-01316,화
OHE-01317,화
OHE-01318,화
OHE-01319,금
OHE-01320,금
OHE-01321,화
OHE-01322,화
OHE-01323,금
OHE-01324,토
OHE-01325,목
OHE-01326,화
OHE-01327,화
OHE-01328,수
OHE-01329,화
OHE-01330,수
OHE-01331,수
OHE-01332,목
OHE-01333,토
OHE-01334,금
OHE-01335,목
OHE-01336,수
OHE-01337,화
OHE-01338,화
OHE-01339,목
OHE-01340,금
OHE-01341,화
OHE-01342,금
OHE-01343,목
OHE-01344,화
OHE-01345,금
OHE-01346,수
OHE-01347,금
OHE-01348,금
OHE-01349,목
OHE-01350,화
OHE-01351,금
OHE-01352,수
OHE-01353,화
OHE-01354,금
OHE-01355,목
OHE-01356,화
OHE-01357,토
OHE-01358,화
OHE-01359,수
OHE-01360,수
OHE-01361,화
OHE-01362,토
OHE-01363,화
OHE-01364,화
OHE-01365,목
OHE-01366,목
OHE-01367,금
OHE-01368,수
OHE-01369,목
OHE-01370,금
OHE-01371,수
OHE-01372,목
OHE-01373,화
OHE-01374,토
OHE-01375,목
OHE-01376,토
OHE-01377,토
OHE-01378,목
OHE-01379,토
OHE-01380,금
OHE-01381,토
OHE-01382,금
OHE-01383,목
OHE-01384,금
OHE-01385,목
OHE-01386,화
OHE-01387,금
OHE-01388,화
OHE-01389,목
OHE-01390,수
OHE-01391,화
OHE-01392,화
OHE-01393,금
OHE-01394,토
OHE-01395,토
OHE-01396,화
OHE-01397,목
OHE-01398,목
OHE-01399,금
OHE-01400,토
OHE-01401,화
OHE-01402,화
OHE-01403,수
OHE-01404,수
OHE-01405,수
OHE-01406,토
OHE-01407,토
OHE-01408,목
OHE-01409,목
OHE-01410,수
OHE-01411,수
OHE-01412,토
OHE-01413,토
OHE-01414,목
OHE-01415,수
OHE-01416,금
OHE-01417,목
OHE-01418,금
OHE-01419,금
OHE-01420,수
OHE-01421,수
OHE-01422,토
OHE-01423,수
OHE-01424,수
OHE-01425,화
OHE-01426,목
OHE-01427,화
OHE-01428,화
OHE-01429,수
OHE-01430,금
OHE-01431,토
OHE-01432,금
OHE-01433,토
OHE-01434,금
OHE-01435,화
OHE-01436,목
OHE-01437,화
OHE-01438,금
OHE-01439,토
OHE-01440,토
OHE-01441,화
OHE-01442,토
OHE-01443,화
OHE-01444,화
OHE-01445,화
OHE-01446,토
OHE-01447,화
OHE-01448,수
OHE-01449,금
OHE-01450,수
OHE-01451,토
OHE-01452,수
OHE-01453,금
OHE-01454,목
OHE-01455,화
OHE-01456,화
OHE-01457,목
OHE-01458,수
OHE-01459,토
OHE-01460,수
OHE-01461,수
OHE-01462,토
OHE-01463,목
OHE-01464,목
OHE-01465,토
OHE-01466,목
OHE-01467,수
OHE-01468,수
OHE-01469,수
OHE-01470,금
OHE-01471,화
OHE-01472,토
OHE-01473,토
OHE-01474,화
OHE-01475,화
OHE-01476,수
OHE-01477,화
OHE-01478,화
OHE-01479,토
OHE-01480,토
OHE-01481,토
OHE-01482,화
OHE-01483,수
OHE-01484,금
OHE-01485,수
OHE-01486,화
OHE-01487,금
OHE-01488,목
OHE-01489,화
OHE-01490,금
OHE-01491,화
OHE-01492,화
OHE-01493,목
OHE-01494,화
OHE-01495,수
OHE-01496,금
OHE-01497,금
OHE-01498,화
OHE-01499,화
OHE-01500,수
OHE-01501,목
OHE-01502,토
OHE-01503,목
OHE-01504,목
OHE-01505,수
OHE-01506,수
OHE-01507,금
OHE-01508,수
OHE-01509,목
OHE-01510,화
OHE-01511,화
OHE-01512,목
OHE-01513,목
OHE-01514,토
OHE-01515,금
OHE-01516,목
OHE-01517,금
OHE-01518,금
OHE-01519,토
OHE-01520,화
OHE-01521,수
OHE-01522,토
OHE-01523,수
OHE-01524,토
OHE-01525,수
OHE-01526,토
OHE-01527,금
OHE-01528,수
OHE-01529,금
OHE-01530,화
OHE-01531,수
OHE-01532,수
OHE-01533,수
OHE-01534,토
OHE-01535,금
OHE-01536,화
OHE-01537,금
OHE-01538,금
OHE-01539,토
OHE-01540,목
OHE-01541,수
OHE-01542,금
OHE-01543,수
OHE-01544,토
OHE-01545,수
OHE-01546,화
OHE-01547,화
OHE-01548,목
OHE-01549,목
OHE-01550,화
OHE-01551,화
OHE-01552,화
OHE-01553,토
OHE-01554,화
OHE-01555,금
OHE-01556,금
OHE-01557,목
OHE-01558,금
OHE-01559,금
OHE-01560,화
OHE-01561,목
OHE-01562,화
OHE-01563,화
OHE-01564,화
OHE-01565,금
OHE-01566,수
OHE-01567,화
OHE-01568,화
OHE-01569,화
OHE-01570,금
OHE-01571,토
OHE-01572,목
OHE-01573,금
OHE-01574,금
OHE-01575,화
OHE-01576,화
OHE-01577,수
OHE-01578,화
OHE-01579,화
OHE-01580,화
OHE-01581,금
OHE-01582,수
OHE-01583,화
OHE-01584,화
OHE-01585,화
OHE-01586,목
OHE-01587,수
OHE-01588,화
OHE-01589,토
OHE-01590,목
OHE-01591,금
OHE-01592,목
OHE-01593,화
OHE-01594,화
OHE-01595,목
OHE-01596,수
OHE-01597,화
OHE-01598,모
OHE-01599,금
OHE-01600,수
OHE-01601,화
OHE-01602,목
OHE-01603,목
OHE-01604,금
OHE-01605,수
OHE-01606,화
OHE-01607,수
OHE-01608,목
OHE-01609,토
OHE-01610,화
OHE-01611,토
OHE-01612,토
OHE-01613,목
OHE-01614,화
OHE-01615,금
OHE-01616,수
OHE-01617,화
OHE-01618,금
OHE-01619,목
OHE-01620,화
OHE-01621,화
OHE-01622,목
OHE-01623,화
OHE-01624,금
OHE-01625,화
OHE-01626,목
OHE-01627,화
OHE-01628,수
OHE-01629,수
OHE-01630,화
OHE-01631,목
OHE-01632,토
OHE-01633,목
OHE-01634,목
OHE-01635,목
OHE-01636,금
OHE-01637,금
OHE-01638,토
OHE-01639,목
OHE-01640,목
OHE-01641,토
OHE-01642,목
OHE-01643,목
OHE-01644,목
OHE-01645,목
OHE-01646,목
OHE-01647,화
OHE-01648,금
OHE-01649,토
OHE-01650,목
OHE-01651,목
OHE-01652,목
OHE-01653,목
OHE-01654,목
OHE-01655,토
OHE-01656,목
OHE-01657,수
OHE-01658,목
OHE-01659,금
OHE-01660,목
OHE-01661,목
OHE-01662,목
OHE-01663,수
OHE-01664,화
OHE-01665,목
OHE-01666,토
OHE-01667,화
OHE-01668,금
OHE-01669,목
OHE-01670,목
OHE-01671,금
OHE-01672,토
OHE-01673,목
OHE-01674,목
OHE-01675,화
OHE-01676,화
OHE-01677,목
OHE-01678,목
OHE-01679,토
OHE-01680,토
OHE-01681,목
OHE-01682,수
OHE-01683,목
OHE-01684,목
OHE-01685,토
OHE-01686,토
OHE-01687,목
OHE-01688,목
OHE-01689,토
OHE-01690,화
OHE-01691,금
OHE-01692,화
OHE-01693,금
OHE-01694,목
OHE-01695,수
OHE-01696,토
OHE-01697,목
OHE-01698,금
OHE-01699,금
OHE-01700,토
OHE-01701,금
OHE-01702,화
OHE-01703,금
OHE-01704,금
OHE-01705,화
OHE-01706,금
OHE-01707,목
OHE-01708,목
OHE-01709,목
OHE-01710,화
OHE-01711,목
OHE-01712,수
OHE-01713,수
OHE-01714,목
OHE-01715,수
OHE-01716,화
OHE-01717,수
OHE-01718,토
OHE-01719,수
OHE-01720,수
OHE-01721,금
OHE-01722,목
OHE-01723,토
OHE-01724,금
OHE-01725,목
OHE-01726,화
OHE-01727,금
OHE-01728,목
OHE-01729,금
OHE-01730,화
OHE-01731,화
OHE-01732,목
OHE-01733,금
OHE-01734,화
OHE-01735,목
OHE-01736,화
OHE-01737,화
OHE-01738,목
OHE-01739,화
OHE-01740,수
OHE-01741,목
OHE-01742,화
OHE-01743,금
OHE-01744,화
OHE-01745,수
OHE-01746,목
OHE-01747,목
OHE-01748,화
OHE-01749,금
OHE-01750,목
OHE-01751,목
OHE-01752,목
OHE-01753,금
OHE-01754,금
OHE-01755,목
OHE-01756,토
OHE-01757,수
OHE-01758,금
OHE-01759,목
OHE-01760,화
OHE-01761,목
OHE-01762,토
OHE-01763,목
OHE-01764,토
OHE-01765,토
OHE-01766,목
OHE-01767,토
OHE-01768,금
OHE-01769,수
OHE-01770,화
OHE-01771,토
OHE-01772,화
OHE-01773,화
OHE-01774,토
OHE-01775,목
OHE-01776,금
OHE-01777,화
OHE-01778,금
OHE-01779,목
OHE-01780,금
OHE-01781,토
OHE-01782,목
OHE-01783,화
OHE-01784,화
OHE-01785,수
OHE-01786,목
OHE-01787,금
OHE-01788,목
OHE-01789,수
OHE-01790,화
OHE-01791,화
OHE-01792,화
OHE-01793,토
OHE-01794,금
OHE-01795,수
OHE-01796,화
OHE-01797,목
OHE-01798,토
OHE-01799,토
OHE-01800,목
OHE-01801,수
OHE-01802,목
OHE-01803,금
OHE-01804,목
OHE-01805,화
OHE-01806,목
OHE-01807,수
OHE-01808,목
OHE-01809,화
OHE-01810,금
OHE-01811,목
OHE-01812,목
OHE-01813,목
OHE-01814,금
OHE-01815,금
OHE-01816,화
OHE-01817,화
OHE-01818,토
OHE-01819,목
OHE-01820,목
OHE-01821,수
OHE-01822,목
OHE-01823,목
OHE-01824,화
OHE-01825,화
OHE-01826,수
OHE-01827,목
OHE-01828,목
OHE-01829,수
OHE-01830,화
OHE-01831,목
OHE-01832,토
OHE-01833,목
OHE-01834,금
OHE-01835,화
OHE-01836,수
OHE-01837,금
OHE-01838,수
OHE-01839,토
OHE-01840,화
OHE-01841,수
OHE-01842,토
OHE-01843,금
OHE-01844,목
OHE-01845,화
OHE-01846,토
OHE-01847,토
OHE-01848,수
OHE-01849,수
OHE-01850,화
OHE-01851,화
OHE-01852,토
OHE-01853,토
OHE-01854,화
OHE-01855,수
OHE-01856,화
OHE-01857,화
OHE-01858,수
OHE-01859,토
OHE-01860,목
OHE-01861,토
OHE-01862,화
OHE-01863,토
OHE-01864,수
OHE-01865,목
OHE-01866,수
OHE-01867,화
OHE-01868,화
OHE-01869,토
OHE-01870,목
OHE-01871,금
OHE-01872,금
OHE-01873,토
OHE-01874,토
OHE-01875,토
OHE-01876,수
OHE-01877,토
OHE-01878,화
OHE-01879,토
OHE-01880,화
OHE-01881,수
OHE-01882,토
OHE-01883,목
OHE-01884,수
OHE-01885,금
OHE-01886,목
OHE-01887,목
OHE-01888,금
OHE-01889,목
OHE-01890,목
OHE-01891,목
OHE-01892,토
OHE-01893,화
OHE-01894,금
OHE-01895,목
OHE-01896,토
OHE-01897,목
OHE-01898,목
OHE-01899,목
OHE-01900,화
OHE-01901,목
OHE-01902,토
OHE-01903,수
OHE-01904,금
OHE-01905,화
OHE-01906,목
OHE-01907,목
OHE-01908,목
OHE-01909,금
OHE-01910,화
OHE-01911,금
OHE-01912,금
OHE-01913,수
OHE-01914,토
OHE-01915,토
OHE-01916,금
OHE-01917,수
OHE-01918,토
OHE-01919,목
OHE-01920,토
OHE-01921,금
OHE-01922,금
OHE-01923,목
OHE-01924,금
OHE-01925,화
OHE-01926,토
OHE-01927,화
OHE-01928,화
OHE-01929,수
OHE-01930,금
OHE-01931,화
OHE-01932,수
OHE-01933,목
OHE-01934,수
OHE-01935,토
OHE-01936,화
OHE-01937,화
OHE-01938,목
OHE-01939,목
OHE-01940,수
OHE-01941,화
OHE-01942,금
OHE-01943,금
OHE-01944,목
OHE-01945,금
OHE-01946,목
OHE-01947,금
OHE-01948,금
OHE-01949,목
OHE-01950,목
OHE-01951,화
OHE-01952,화
OHE-01953,화
OHE-01954,화
OHE-01955,수
OHE-01956,수
OHE-01957,금
OHE-01958,금
OHE-01959,화
OHE-01960,수
OHE-01961,목
OHE-01962,화
OHE-01963,목
OHE-01964,목
OHE-01965,목
OHE-01966,토
OHE-01967,화
OHE-01968,목
OHE-01969,목
OHE-01970,목
OHE-01971,목
OHE-01972,목
OHE-01973,목
OHE-01974,토
OHE-01975,목
OHE-01976,목
OHE-01977,금
OHE-01978,토
OHE-01979,수
OHE-01980,수
OHE-01981,화
OHE-01982,화
OHE-01983,수
OHE-01984,토
OHE-01985,토
OHE-01986,토
OHE-01987,목
OHE-01988,수
OHE-01989,수
OHE-01990,목
OHE-01991,화
OHE-01992,목
OHE-01993,수
OHE-01994,화
OHE-01995,금
OHE-01996,금
OHE-01997,수
OHE-01998,화
OHE-01999,목
OHE-02000,목
OHE-02001,목
OHE-02002,화
OHE-02003,수
OHE-02004,금
OHE-02005,화
OHE-02006,목
OHE-02007,목
OHE-02008,금
OHE-02009,토
OHE-02010,금
OHE-02011,금
OHE-02012,수
OHE-02013,목
OHE-02014,화
OHE-02015,목
OHE-02016,목
OHE-02017,목
OHE-02018,금
OHE-02019,목
OHE-02020,목
OHE-02021,토
OHE-02022,목
OHE-02023,목
OHE-02024,화
OHE-02025,수
OHE-02026,목
OHE-02027,토
OHE-02028,수
OHE-02029,화
OHE-02030,목
OHE-02031,목
OHE-02032,목
OHE-02033,목
OHE-02034,토
OHE-02035,목
OHE-02036,금
OHE-02037,금
OHE-02038,토
OHE-02039,토
OHE-02040,토
OHE-02041,금
OHE-02042,화
OHE-02043,목
OHE-02044,목
OHE-02045,화
OHE-02046,목
OHE-02047,금
OHE-02048,토
OHE-02049,목
OHE-02050,화
OHE-02051,목
OHE-02052,화
OHE-02053,수
OHE-02054,수
OHE-02055,토
OHE-02056,화
OHE-02057,화
OHE-02058,화
OHE-02059,화
OHE-02060,수
OHE-02061,수
OHE-02062,토
OHE-02063,토
OHE-02064,화
OHE-02065,화
OHE-02066,화
OHE-02067,목
OHE-02068,목
OHE-02069,화
OHE-02070,금
OHE-02071,토
OHE-02072,화
OHE-02073,금
OHE-02074,수
OHE-02075,수
OHE-02076,금
OHE-02077,수
OHE-02078,금
OHE-02079,목
OHE-02080,목
OHE-02081,목
OHE-02082,화
OHE-02083,화
OHE-02084,목
OHE-02085,토
OHE-02086,목
OHE-02087,목
OHE-02088,목
OHE-02089,목
OHE-02090,금
OHE-02091,화
OHE-02092,화
OHE-02093,금
OHE-02094,금
OHE-02095,목
OHE-02096,수
OHE-02097,금
OHE-02098,수
OHE-02099,토
OHE-02100,화
OHE-02101,금
OHE-02102,금
OHE-02103,수
OHE-02104,화
OHE-02105,목
OHE-02106,토
OHE-02107,목
OHE-02108,수
OHE-02109,금
OHE-02110,수
OHE-02111,수
OHE-02112,토
OHE-02113,화
OHE-02114,목
OHE-02115,목
OHE-02116,수
OHE-02117,토
OHE-02118,목
OHE-02119,금
OHE-02120,목
OHE-02121,목
OHE-02122,토
OHE-02123,토
OHE-02124,목
OHE-02125,토
OHE-02126,토
OHE-02127,토
OHE-02128,토
OHE-02129,목
OHE-02130,목
OHE-02131,수
OHE-02132,목
OHE-02133,금
OHE-02134,목
OHE-02135,토
OHE-02136,금
OHE-02137,목
OHE-02138,목
OHE-02139,금
OHE-02140,토
OHE-02141,금
OHE-02142,금
OHE-02143,화
OHE-02144,금
OHE-02145,화
OHE-02146,수
OHE-02147,목
OHE-02148,목
OHE-02149,화
OHE-02150,목
OHE-02151,목
OHE-02152,토
OHE-02153,목
OHE-02154,토
OHE-02155,목
OHE-02156,금
OHE-02157,토
OHE-02158,목
OHE-02159,금
OHE-02160,목
OHE-02161,목
OHE-02162,금
OHE-02163,수
OHE-02164,목
OHE-02165,수
OHE-02166,목
OHE-02167,금
OHE-02168,목
OHE-02169,목
OHE-02170,목
OHE-02171,목
OHE-02172,수
OHE-02173,화
OHE-02174,화
OHE-02175,수
OHE-02176,목
OHE-02177,화
OHE-02178,수
OHE-02179,목
OHE-02180,목
OHE-02181,목
OHE-02182,목
OHE-02183,수
OHE-02184,화
OHE-02185,수
OHE-02186,금
OHE-02187,토
OHE-02188,목
OHE-02189,금
OHE-02190,목
OHE-02191,목
OHE-02192,수
OHE-02193,수
OHE-02194,화
OHE-02195,화
OHE-02196,금
OHE-02197,목
OHE-02198,수
OHE-02199,수
OHE-02200,화
OHE-02201,수
OHE-02202,수
OHE-02203,수
OHE-02204,수
OHE-02205,화
OHE-02206,금
OHE-02207,수
OHE-02208,화
OHE-02209,수
OHE-02210,목
OHE-02211,수
OHE-02212,수
OHE-02213,수
OHE-02214,수
OHE-02215,목
OHE-02216,수
OHE-02217,토
OHE-02218,토
OHE-02219,화
OHE-02220,화
OHE-02221,수
OHE-02222,수
OHE-02223,수
OHE-02224,화
OHE-02225,금
OHE-02226,목
OHE-02227,목
OHE-02228,금
OHE-02229,목
OHE-02230,화
OHE-02231,목
OHE-02232,목
OHE-02233,수
OHE-02234,토
OHE-02235,목
OHE-02236,금
OHE-02237,토
OHE-02238,금
OHE-02239,금
OHE-02240,화
OHE-02241,화
OHE-02242,토
OHE-02243,토
OHE-02244,화
OHE-02245,금
OHE-02246,목
OHE-02247,화
OHE-02248,화
OHE-02249,화
OHE-02250,화
OHE-02251,목
OHE-02252,수
OHE-02253,화
OHE-02254,금
OHE-02255,토
OHE-02256,목
OHE-02257,화
OHE-02258,금
OHE-02259,목
OHE-02260,금
OHE-02261,금
OHE-02262,화
OHE-02263,화
OHE-02264,화
OHE-02265,토
OHE-02266,목
OHE-02267,수
OHE-02268,목
OHE-02269,화
OHE-02270,토
OHE-02271,토
OHE-02272,화
OHE-02273,수
OHE-02274,토
OHE-02275,금
OHE-02276,화
OHE-02277,금
OHE-02278,화
OHE-02279,수
OHE-02280,목
OHE-02281,화
OHE-02282,화
OHE-02283,화
OHE-02284,목
OHE-02285,수
OHE-02286,목
OHE-02287,토
OHE-02288,목
OHE-02289,화
OHE-02290,금
OHE-02291,화
OHE-02292,수
OHE-02293,목
OHE-02294,화
OHE-02295,수
OHE-02296,금
OHE-02297,금
OHE-02298,수
OHE-02299,금
OHE-02300,수
OHE-02301,수
OHE-02302,수
OHE-02303,토
OHE-02304,수
OHE-02305,금
OHE-02306,금
OHE-02307,화
OHE-02308,금
OHE-02309,수
OHE-02310,토
OHE-02311,화
OHE-02312,수
OHE-02313,수
OHE-02314,목
OHE-02315,수
OHE-02316,화
OHE-02317,화
OHE-02318,화
OHE-02319,화
OHE-02320,목
OHE-02321,수
OHE-02322,목
OHE-02323,금
OHE-02324,토
OHE-02325,금
OHE-02326,목
OHE-02327,토
OHE-02328,목
OHE-02329,금
OHE-02330,목
OHE-02331,목
OHE-02332,토
OHE-02333,화
OHE-02334,목
OHE-02335,목
OHE-02336,화
OHE-02337,수
OHE-02338,목
OHE-02339,화
OHE-02340,수
OHE-02341,금
OHE-02342,토
OHE-02343,금
OHE-02344,수
OHE-02345,목
OHE-02346,금
OHE-02347,화
OHE-02348,목
OHE-02349,토
OHE-02350,화
OHE-02351,수
OHE-02352,목
OHE-02353,금
OHE-02354,수
OHE-02355,수
OHE-02356,화
OHE-02357,목
OHE-02358,목
OHE-02359,목
OHE-02360,화
OHE-02361,금
OHE-02362,목
OHE-02363,화
OHE-02364,수
OHE-02365,금
OHE-02366,수
OHE-02367,화
OHE-02368,금
OHE-02369,화
OHE-02370,수
OHE-02371,토
OHE-02372,화
OHE-02373,화
OHE-02374,화
OHE-02375,토
OHE-02376,금
OHE-02377,화
OHE-02378,화
OHE-02379,화
OHE-02380,토
OHE-02381,화
OHE-02382,목
OHE-02383,화
OHE-02384,목
OHE-02385,화
OHE-02386,화
OHE-02387,화
OHE-02388,목
OHE-02389,화
OHE-02390,화
OHE-02391,화
OHE-02392,화
OHE-02393,목
OHE-02394,수
OHE-02395,화
OHE-02396,화
OHE-02397,화
OHE-02398,토
OHE-02399,금
OHE-02400,수
OHE-02401,수
OHE-02402,화
OHE-02403,화
OHE-02404,토
OHE-02405,목
OHE-02406,토
OHE-02407,화
OHE-02408,수
OHE-02409,목
OHE-02410,화
OHE-02411,화
OHE-02412,토
OHE-02413,수
OHE-02414,화
OHE-02415,금
OHE-02416,화
OHE-02417,화
OHE-02418,토
OHE-02419,목
OHE-02420,화
