profile_id,hangul
OHE-00001,가
OHE-00002,가
OHE-00003,가
OHE-00004,가
OHE-00005,가
OHE-00006,가
OHE-00007,가
OHE-00008,가
OHE-00009,가
OHE-00010,가
OHE-00011,가
OHE-00012,가
OHE-00013,가
OHE-00014,각
OHE-00015,각
OHE-00016,각
OHE-00017,각
OHE-00018,각
OHE-00019,각
OHE-00020,각
OHE-00021,각
OHE-00022,각
OHE-00023,간
OHE-00024,간
OHE-00025,간
OHE-00026,간
OHE-00027,간
OHE-00028,간
OHE-00029,간
OHE-00030,간
OHE-00031,간
OHE-00032,간
OHE-00033,간
OHE-00034,간
OHE-00035,간
OHE-00036,간
OHE-00037,갈
OHE-00038,갈
OHE-00039,감
OHE-00040,감
OHE-00041,감
OHE-00042,감
OHE-00043,감
OHE-00044,감
OHE-00045,감
OHE-00046,감
OHE-00047,감
OHE-00048,갑
OHE-00049,갑
OHE-00050,강
OHE-00051,강
OHE-00052,강
OHE-00053,강
OHE-00054,강
OHE-00055,강
OHE-00056,강
OHE-00057,강
OHE-00058,강
OHE-00059,강
OHE-00060,강
OHE-00061,강
OHE-00062,강
OHE-00063,개
OHE-00064,개
OHE-00065,개
OHE-00066,개
OHE-00067,개
OHE-00068,개
OHE-00069,개
OHE-00070,개
OHE-00071,개
OHE-00072,객
OHE-00073,갱
OHE-00074,거
OHE-00075,거
OHE-00076,거
OHE-00077,거
OHE-00078,거
OHE-00079,거
OHE-00080,거
OHE-00081,거
OHE-00082,거
OHE-00083,건
OHE-00084,건
OHE-00085,건
OHE-00086,건
OHE-00087,건
OHE-00088,건
OHE-00089,건
OHE-00090,건
OHE-00091,걸
OHE-00092,걸
OHE-00093,검
OHE-00094,검
OHE-00095,검
OHE-00096,게
OHE-00097,게
OHE-00098,격
OHE-00099,격
OHE-00100,격
OHE-00101,견
OHE-00102,견
OHE-00103,견
OHE-00104,견
OHE-00105,견
OHE-00106,결
OHE-00107,결
OHE-00108,결
OHE-00109,겸
OHE-00110,겸
OHE-00111,경
OHE-00112,경
OHE-00113,경
OHE-00114,경
OHE-00115,경
OHE-00116,경
OHE-00117,경
OHE-00118,경
OHE-00119,경
OHE-00120,경
OHE-00121,경
OHE-00122,경
OHE-00123,경
OHE-00124,경
OHE-00125,경
OHE-00126,경
OHE-00127,경
OHE-00128,경
OHE-00129,경
OHE-00130,경
OHE-00131,경
OHE-00132,경
OHE-00133,경
OHE-00134,경
OHE-00135,경
OHE-00136,경
OHE-00137,경
OHE-00138,경
OHE-00139,경
OHE-00140,경
OHE-00141,경
OHE-00142,경
OHE-00143,경
OHE-00144,계
OHE-00145,계
OHE-00146,계
OHE-00147,계
OHE-00148,계
OHE-00149,계
OHE-00150,계
OHE-00151,계
OHE-00152,계
OHE-00153,계
OHE-00154,계
OHE-00155,계
OHE-00156,계
OHE-00157,계
OHE-00158,계
OHE-00159,고
OHE-00160,고
OHE-00161,고
OHE-00162,고
OHE-00163,고
OHE-00164,고
OHE-00165,고
OHE-00166,고
OHE-00167,고
OHE-00168,고
OHE-00169,고
OHE-00170,고
OHE-00171,고
OHE-00172,고
OHE-00173,곡
OHE-00174,곡
OHE-00175,곡
OHE-00176,곤
OHE-00177,곤
OHE-00178,곤
OHE-00179,곤
OHE-00180,골
OHE-00181,공
OHE-00182,공
OHE-00183,공
OHE-00184,공
OHE-00185,공
OHE-00186,공
OHE-00187,공
OHE-00188,공
OHE-00189,공
OHE-00190,공
OHE-00191,공
OHE-00192,공
OHE-00193,과
OHE-00194,과
OHE-00195,과
OHE-00196,과
OHE-00197,과
OHE-00198,과
OHE-00199,과
OHE-00200,과
OHE-00201,곽
OHE-00202,곽
OHE-00203,관
OHE-00204,관
OHE-00205,관
OHE-00206,관
OHE-00207,관
OHE-00208,관
OHE-00209,관
OHE-00210,관
OHE-00211,관
OHE-00212,관
OHE-00213,관
OHE-00214,관
OHE-00215,관
OHE-00216,괄
OHE-00217,광
OHE-00218,광
OHE-00219,광
OHE-00220,광
OHE-00221,광
OHE-00222,광
OHE-00223,광
OHE-00224,광
OHE-00225,광
OHE-00226,괘
OHE-00227,괴
OHE-00228,굉
OHE-00229,교
OHE-00230,교
OHE-00231,교
OHE-00232,교
OHE-00233,교
OHE-00234,교
OHE-00235,교
OHE-00236,교
OHE-00237,교
OHE-00238,교
OHE-00239,구
OHE-00240,구
OHE-00241,구
OHE-00242,구
OHE-00243,구
OHE-00244,구
OHE-00245,구
OHE-00246,구
OHE-00247,구
OHE-00248,구
OHE-00249,구
OHE-00250,구
OHE-00251,구
OHE-00252,구
OHE-00253,구
OHE-00254,구
OHE-00255,구
OHE-00256,구
OHE-00257,구
OHE-00258,구
OHE-00259,구
OHE-00260,구
OHE-00261,구
OHE-00262,구
OHE-00263,구
OHE-00264,구
OHE-00265,구
OHE-00266,구
OHE-00267,구
OHE-00268,국
OHE-00269,국
OHE-00270,국
OHE-00271,국
OHE-00272,군
OHE-00273,군
OHE-00274,군
OHE-00275,굴
OHE-00276,굴
OHE-00277,궁
OHE-00278,궁
OHE-00279,궁
OHE-00280,권
OHE-00281,권
OHE-00282,권
OHE-00283,권
OHE-00284,권
OHE-00285,권
OHE-00286,권
OHE-00287,궐
OHE-00288,궤
OHE-00289,귀
OHE-00290,귀
OHE-00291,귀
OHE-00292,규
OHE-00293,규
OHE-00294,규
OHE-00295,규
OHE-00296,규
OHE-00297,규
OHE-00298,규
OHE-00299,규
OHE-00300,규
OHE-00301,규
OHE-00302,균
OHE-00303,균
OHE-00304,균
OHE-00305,균
OHE-00306,극
OHE-00307,극
OHE-00308,극
OHE-00309,극
OHE-00310,극
OHE-00311,극
OHE-00312,극
OHE-00313,극
OHE-00314,극
OHE-00315,극
OHE-00316,극
OHE-00317,극
OHE-00318,극
OHE-00319,극
OHE-00320,극
OHE-00321,극
OHE-00322,금
OHE-00323,금
OHE-00324,금
OHE-00325,금
OHE-00326,금
OHE-00327,금
OHE-00328,금
OHE-00329,급
OHE-00330,급
OHE-00331,급
OHE-00332,급
OHE-00333,긍
OHE-00334,긍
OHE-00335,긍
OHE-00336,긍
OHE-00337,기
OHE-00338,기
OHE-00339,기
OHE-00340,기
OHE-00341,기
OHE-00342,기
OHE-00343,기
OHE-00344,기
OHE-00345,기
OHE-00346,기
OHE-00347,기
OHE-00348,기
OHE-00349,기
OHE-00350,기
OHE-00351,기
OHE-00352,기
OHE-00353,기
OHE-00354,기
OHE-00355,기
OHE-00356,기
OHE-00357,기
OHE-00358,기
OHE-00359,기
OHE-00360,기
OHE-00361,기
OHE-00362,기
OHE-00363,기
OHE-00364,기
OHE-00365,기
OHE-00366,기
OHE-00367,기
OHE-00368,기
OHE-00369,기
OHE-00370,기
OHE-00371,기
OHE-00372,기
OHE-00373,기
OHE-00374,기
OHE-00375,기
OHE-00376,기
OHE-00377,기
OHE-00378,기
OHE-00379,기
OHE-00380,기
OHE-00381,기
OHE-00382,기
OHE-00383,기
OHE-00384,기
OHE-00385,기
OHE-00386,기
OHE-00387,긴
OHE-00388,길
OHE-00389,길
OHE-00390,길
OHE-00391,길
OHE-00392,김
OHE-00393,나
OHE-00394,나
OHE-00395,나
OHE-00396,나
OHE-00397,낙
OHE-00398,난
OHE-00399,난
OHE-00400,날
OHE-00401,남
OHE-00402,남
OHE-00403,남
OHE-00404,남
OHE-00405,납
OHE-00406,낭
OHE-00407,내
OHE-00408,내
OHE-00409,내
OHE-00410,내
OHE-00411,녀
OHE-00412,년
OHE-00413,념
OHE-00414,녕
OHE-00415,노
OHE-00416,농
OHE-00417,농
OHE-00418,뉴
OHE-00419,능
OHE-00420,니
OHE-00421,다
OHE-00422,다
OHE-00423,다
OHE-00424,다
OHE-00425,다
OHE-00426,다
OHE-00427,다
OHE-00428,다
OHE-00429,다
OHE-00430,다
OHE-00431,다
OHE-00432,다
OHE-00433,다
OHE-00434,다
OHE-00435,다
OHE-00436,달
OHE-00437,담
OHE-00438,담
OHE-00439,담
OHE-00440,담
OHE-00441,담
OHE-00442,담
OHE-00443,담
OHE-00444,답
OHE-00445,답
OHE-00446,당
OHE-00447,당
OHE-00448,당
OHE-00449,당
OHE-00450,당
OHE-00451,당
OHE-00452,대
OHE-00453,대
OHE-00454,대
OHE-00455,대
OHE-00456,대
OHE-00457,대
OHE-00458,대
OHE-00459,대
OHE-00460,대
OHE-00461,대
OHE-00462,대
OHE-00463,대
OHE-00464,대
OHE-00465,덕
OHE-00466,도
OHE-00467,도
OHE-00468,도
OHE-00469,도
OHE-00470,도
OHE-00471,도
OHE-00472,도
OHE-00473,도
OHE-00474,도
OHE-00475,도
OHE-00476,도
OHE-00477,도
OHE-00478,도
OHE-00479,도
OHE-00480,도
OHE-00481,도
OHE-00482,도
OHE-00483,도
OHE-00484,도
OHE-00485,도
OHE-00486,도
OHE-00487,도
OHE-00488,도
OHE-00489,독
OHE-00490,독
OHE-00491,독
OHE-00492,돈
OHE-00493,돈
OHE-00494,돈
OHE-00495,돈
OHE-00496,돈
OHE-00497,돈
OHE-00498,돌
OHE-00499,동
OHE-00500,동
OHE-00501,동
OHE-00502,동
OHE-00503,동
OHE-00504,동
OHE-00505,동
OHE-00506,동
OHE-00507,동
OHE-00508,동
OHE-00509,동
OHE-00510,동
OHE-00511,두
OHE-00512,두
OHE-00513,두
OHE-00514,두
OHE-00515,두
OHE-00516,둔
OHE-00517,둔
OHE-00518,득
OHE-00519,등
OHE-00520,등
OHE-00521,등
OHE-00522,등
OHE-00523,등
OHE-00524,등
OHE-00525,라
OHE-00526,라
OHE-00527,락
OHE-00528,락
OHE-00529,락
OHE-00530,락
OHE-00531,란
OHE-00532,란
OHE-00533,란
OHE-00534,란
OHE-00535,람
OHE-00536,람
OHE-00537,람
OHE-00538,랑
OHE-00539,랑
OHE-00540,랑
OHE-00541,랑
OHE-00542,랑
OHE-00543,래
OHE-00544,래
OHE-00545,래
OHE-00546,랭
OHE-00547,략
OHE-00548,량
OHE-00549,량
OHE-00550,량
OHE-00551,량
OHE-00552,량
OHE-00553,량
OHE-00554,량
OHE-00555,량
OHE-00556,량
OHE-00557,량
OHE-00558,량
OHE-00559,려
OHE-00560,려
OHE-00561,려
OHE-00562,려
OHE-00563,려
OHE-00564,려
OHE-00565,려
OHE-00566,려
OHE-00567,력
OHE-00568,력
OHE-00569,력
OHE-00570,련
OHE-00571,련
OHE-00572,련
OHE-00573,련
OHE-00574,련
OHE-00575,련
OHE-00576,련
OHE-00577,련
OHE-00578,렬
OHE-00579,렬
OHE-00580,렬
OHE-00581,렴
OHE-00582,렴
OHE-00583,렴
OHE-00584,렴
OHE-00585,렵
OHE-00586,령
OHE-00587,령
OHE-00588,령
OHE-00589,령
OHE-00590,령
OHE-00591,령
OHE-00592,령
OHE-00593,령
OHE-00594,령
OHE-00595,령
OHE-00596,례
OHE-00597,례
OHE-00598,로
OHE-00599,로
OHE-00600,로
OHE-00601,로
OHE-00602,로
OHE-00603,로
OHE-00604,로
OHE-00605,로
OHE-00606,록
OHE-00607,록
OHE-00608,록
OHE-00609,록
OHE-00610,론
OHE-00611,롱
OHE-00612,롱
OHE-00613,롱
OHE-00614,롱
OHE-00615,뢰
OHE-00616,뢰
OHE-00617,뢰
OHE-00618,료
OHE-00619,료
OHE-00620,료
OHE-00621,룡
OHE-00622,루
OHE-00623,루
OHE-00624,루
OHE-00625,류
OHE-00626,류
OHE-00627,류
OHE-00628,류
OHE-00629,류
OHE-00630,류
OHE-00631,류
OHE-00632,류
OHE-00633,륙
OHE-00634,륙
OHE-00635,륜
OHE-00636,륜
OHE-00637,륜
OHE-00638,륜
OHE-00639,륜
OHE-00640,률
OHE-00641,률
OHE-00642,률
OHE-00643,륭
OHE-00644,름
OHE-00645,릉
OHE-00646,릉
OHE-00647,릉
OHE-00648,릉
OHE-00649,리
OHE-00650,리
OHE-00651,리
OHE-00652,리
OHE-00653,리
OHE-00654,리
OHE-00655,리
OHE-00656,리
OHE-00657,리
OHE-00658,리
OHE-00659,리
OHE-00660,린
OHE-00661,린
OHE-00662,린
OHE-00663,린
OHE-00664,림
OHE-00665,림
OHE-00666,림
OHE-00667,림
OHE-00668,림
OHE-00669,립
OHE-00670,립
OHE-00671,립
OHE-00672,마
OHE-00673,마
OHE-00674,마
OHE-00675,마
OHE-00676,막
OHE-00677,막
OHE-00678,막
OHE-00679,만
OHE-00680,만
OHE-00681,만
OHE-00682,만
OHE-00683,만
OHE-00684,만
OHE-00685,말
OHE-00686,말
OHE-00687,망
OHE-00688,망
OHE-00689,매
OHE-00690,매
OHE-00691,매
OHE-00692,매
OHE-00693,매
OHE-00694,매
OHE-00695,맥
OHE-00696,맥
OHE-00697,맹
OHE-00698,맹
OHE-00699,맹
OHE-00700,맹
OHE-00701,면
OHE-00702,면
OHE-00703,면
OHE-00704,면
OHE-00705,면
OHE-00706,면
OHE-00707,명
OHE-00708,명
OHE-00709,명
OHE-00710,명
OHE-00711,명
OHE-00712,명
OHE-00713,모
OHE-00714,모
OHE-00715,모
OHE-00716,모
OHE-00717,모
OHE-00718,모
OHE-00719,모
OHE-00720,모
OHE-00721,모
OHE-00722,모
OHE-00723,모
OHE-00724,모
OHE-00725,모
OHE-00726,모
OHE-00727,목
OHE-00728,목
OHE-00729,목
OHE-00730,목
OHE-00731,목
OHE-00732,목
OHE-00733,몽
OHE-00734,몽
OHE-00735,묘
OHE-00736,묘
OHE-00737,묘
OHE-00738,묘
OHE-00739,묘
OHE-00740,무
OHE-00741,무
OHE-00742,무
OHE-00743,무
OHE-00744,무
OHE-00745,무
OHE-00746,무
OHE-00747,무
OHE-00748,무
OHE-00749,무
OHE-00750,무
OHE-00751,무
OHE-00752,무
OHE-00753,묵
OHE-00754,묵
OHE-00755,문
OHE-00756,문
OHE-00757,문
OHE-00758,문
OHE-00759,문
OHE-00760,물
OHE-00761,미
OHE-00762,미
OHE-00763,미
OHE-00764,미
OHE-00765,미
OHE-00766,미
OHE-00767,미
OHE-00768,미
OHE-00769,미
OHE-00770,미
OHE-00771,미
OHE-00772,민
OHE-00773,민
OHE-00774,민
OHE-00775,민
OHE-00776,민
OHE-00777,민
OHE-00778,민
OHE-00779,민
OHE-00780,민
OHE-00781,밀
OHE-00782,밀
OHE-00783,박
OHE-00784,박
OHE-00785,박
OHE-00786,박
OHE-00787,박
OHE-00788,박
OHE-00789,박
OHE-00790,박
OHE-00791,박
OHE-00792,반
OHE-00793,반
OHE-00794,반
OHE-00795,반
OHE-00796,반
OHE-00797,반
OHE-00798,반
OHE-00799,반
OHE-00800,반
OHE-00801,반
OHE-00802,반
OHE-00803,반
OHE-00804,발
OHE-00805,발
OHE-00806,발
OHE-00807,발
OHE-00808,발
OHE-00809,발
OHE-00810,방
OHE-00811,방
OHE-00812,방
OHE-00813,방
OHE-00814,방
OHE-00815,방
OHE-00816,방
OHE-00817,방
OHE-00818,방
OHE-00819,방
OHE-00820,방
OHE-00821,방
OHE-00822,배
OHE-00823,배
OHE-00824,배
OHE-00825,배
OHE-00826,배
OHE-00827,배
OHE-00828,배
OHE-00829,배
OHE-00830,배
OHE-00831,배
OHE-00832,배
OHE-00833,백
OHE-00834,백
OHE-00835,백
OHE-00836,백
OHE-00837,백
OHE-00838,백
OHE-00839,번
OHE-00840,번
OHE-00841,번
OHE-00842,번
OHE-00843,벌
OHE-00844,벌
OHE-00845,범
OHE-00846,범
OHE-00847,범
OHE-00848,범
OHE-00849,범
OHE-00850,범
OHE-00851,법
OHE-00852,벽
OHE-00853,벽
OHE-00854,벽
OHE-00855,벽
OHE-00856,변
OHE-00857,변
OHE-00858,변
OHE-00859,변
OHE-00860,변
OHE-00861,변
OHE-00862,별
OHE-00863,병
OHE-00864,병
OHE-00865,병
OHE-00866,병
OHE-00867,병
OHE-00868,병
OHE-00869,병
OHE-00870,병
OHE-00871,병
OHE-00872,병
OHE-00873,보
OHE-00874,보
OHE-00875,보
OHE-00876,보
OHE-00877,보
OHE-00878,보
OHE-00879,보
OHE-00880,보
OHE-00881,보
OHE-00882,보
OHE-00883,보
OHE-00884,보
OHE-00885,복
OHE-00886,복
OHE-00887,복
OHE-00888,복
OHE-00889,복
OHE-00890,복
OHE-00891,복
OHE-00892,본
OHE-00893,봉
OHE-00894,봉
OHE-00895,봉
OHE-00896,봉
OHE-00897,봉
OHE-00898,봉
OHE-00899,봉
OHE-00900,봉
OHE-00901,봉
OHE-00902,봉
OHE-00903,부
OHE-00904,부
OHE-00905,부
OHE-00906,부
OHE-00907,부
OHE-00908,부
OHE-00909,부
OHE-00910,부
OHE-00911,부
OHE-00912,부
OHE-00913,부
OHE-00914,부
OHE-00915,부
OHE-00916,부
OHE-00917,부
OHE-00918,부
OHE-00919,부
OHE-00920,북
OHE-00921,분
OHE-00922,분
OHE-00923,분
OHE-00924,분
OHE-00925,분
OHE-00926,분
OHE-00927,불
OHE-00928,불
OHE-00929,붕
OHE-00930,붕
OHE-00931,비
OHE-00932,비
OHE-00933,비
OHE-00934,비
OHE-00935,비
OHE-00936,비
OHE-00937,비
OHE-00938,비
OHE-00939,비
OHE-00940,비
OHE-00941,비
OHE-00942,비
OHE-00943,비
OHE-00944,비
OHE-00945,빈
OHE-00946,빈
OHE-00947,빈
OHE-00948,빈
OHE-00949,빈
OHE-00950,빈
OHE-00951,빙
OHE-00952,빙
OHE-00953,빙
OHE-00954,사
OHE-00955,사
OHE-00956,사
OHE-00957,사
OHE-00958,사
OHE-00959,사
OHE-00960,사
OHE-00961,사
OHE-00962,사
OHE-00963,사
OHE-00964,사
OHE-00965,사
OHE-00966,사
OHE-00967,사
OHE-00968,사
OHE-00969,사
OHE-00970,사
OHE-00971,사
OHE-00972,사
OHE-00973,사
OHE-00974,사
OHE-00975,사
OHE-00976,사
OHE-00977,사
OHE-00978,사
OHE-00979,사
OHE-00980,사
OHE-00981,사
OHE-00982,사
OHE-00983,사
OHE-00984,삭
OHE-00985,산
OHE-00986,산
OHE-00987,산
OHE-00988,산
OHE-00989,산
OHE-00990,살
OHE-00991,삼
OHE-00992,삼
OHE-00993,삼
OHE-00994,삼
OHE-00995,삼
OHE-00996,삼
OHE-00997,삽
OHE-00998,상
OHE-00999,상
OHE-01000,상
OHE-01001,상
OHE-01002,상
OHE-01003,상
OHE-01004,상
OHE-01005,상
OHE-01006,상
OHE-01007,상
OHE-01008,상
OHE-01009,상
OHE-01010,상
OHE-01011,상
OHE-01012,상
OHE-01013,상
OHE-01014,상
OHE-01015,상
OHE-01016,상
OHE-01017,상
OHE-01018,상
OHE-01019,상
OHE-01020,쌍
OHE-01021,새
OHE-01022,색
OHE-01023,색
OHE-01024,색
OHE-01025,생
OHE-01026,서
OHE-01027,서
OHE-01028,서
OHE-01029,서
OHE-01030,서
OHE-01031,서
OHE-01032,서
OHE-01033,서
OHE-01034,서
OHE-01035,서
OHE-01036,서
OHE-01037,서
OHE-01038,서
OHE-01039,서
OHE-01040,서
OHE-01041,서
OHE-01042,석
OHE-01043,석
OHE-01044,석
OHE-01045,석
OHE-01046,석
OHE-01047,석
OHE-01048,석
OHE-01049,석
OHE-01050,석
OHE-01051,석
OHE-01052,석
OHE-01053,석
OHE-01054,석
OHE-01055,석
OHE-01056,석
OHE-01057,석
OHE-01058,석
OHE-01059,석
OHE-01060,석
OHE-01061,석
OHE-01062,석
OHE-01063,석
OHE-01064,석
OHE-01065,석
OHE-01066,석
OHE-01067,석
OHE-01068,석
OHE-01069,석
OHE-01070,석
OHE-01071,석
OHE-01072,석
OHE-01073,석
OHE-01074,석
OHE-01075,설
OHE-01076,설
OHE-01077,설
OHE-01078,설
OHE-01079,설
OHE-01080,설
OHE-01081,설
OHE-01082,섬
OHE-01083,섬
OHE-01084,섭
OHE-01085,섭
OHE-01086,섭
OHE-01087,섭
OHE-01088,성
OHE-01089,성
OHE-01090,성
OHE-01091,성
OHE-01092,성
OHE-01093,성
OHE-01094,성
OHE-01095,성
OHE-01096,성
OHE-01097,성
OHE-01098,성
OHE-01099,성
OHE-01100,성
OHE-01101,세
OHE-01102,세
OHE-01103,세
OHE-01104,세
OHE-01105,세
OHE-01106,소
OHE-01107,소
OHE-01108,소
OHE-01109,소
OHE-01110,소
OHE-01111,소
OHE-01112,소
OHE-01113,소
OHE-01114,소
OHE-01115,소
OHE-01116,소
OHE-01117,소
OHE-01118,소
OHE-01119,소
OHE-01120,속
OHE-01121,속
OHE-01122,속
OHE-01123,손
OHE-01124,손
OHE-01125,솔
OHE-01126,솔
OHE-01127,송
OHE-01128,송
OHE-01129,송
OHE-01130,쇠
OHE-01131,수
OHE-01132,수
OHE-01133,수
OHE-01134,수
OHE-01135,수
OHE-01136,수
OHE-01137,수
OHE-01138,수
OHE-01139,수
OHE-01140,수
OHE-01141,수
OHE-01142,수
OHE-01143,수
OHE-01144,수
OHE-01145,수
OHE-01146,수
OHE-01147,수
OHE-01148,수
OHE-01149,수
OHE-01150,수
OHE-01151,수
OHE-01152,수
OHE-01153,수
OHE-01154,수
OHE-01155,수
OHE-01156,숙
OHE-01157,숙
OHE-01158,숙
OHE-01159,숙
OHE-01160,숙
OHE-01161,숙
OHE-01162,순
OHE-01163,순
OHE-01164,순
OHE-01165,순
OHE-01166,순
OHE-01167,순
OHE-01168,순
OHE-01169,순
OHE-01170,순
OHE-01171,순
OHE-01172,순
OHE-01173,술
OHE-01174,술
OHE-01175,숭
OHE-01176,숭
OHE-01177,숭
OHE-01178,습
OHE-01179,습
OHE-01180,습
OHE-01181,승
OHE-01182,승
OHE-01183,승
OHE-01184,승
OHE-01185,승
OHE-01186,승
OHE-01187,승
OHE-01188,시
OHE-01189,시
OHE-01190,시
OHE-01191,시
OHE-01192,시
OHE-01193,시
OHE-01194,시
OHE-01195,시
OHE-01196,시
OHE-01197,시
OHE-01198,시
OHE-01199,씨
OHE-01200,식
OHE-01201,식
OHE-01202,식
OHE-01203,식
OHE-01204,식
OHE-01205,식
OHE-01206,식
OHE-01207,식
OHE-01208,신
OHE-01209,신
OHE-01210,신
OHE-01211,신
OHE-01212,신
OHE-01213,신
OHE-01214,신
OHE-01215,신
OHE-01216,신
OHE-01217,신
OHE-01218,신
OHE-01219,신
OHE-01220,신
OHE-01221,실
OHE-01222,실
OHE-01223,심
OHE-01224,심
OHE-01225,심
OHE-01226,심
OHE-01227,심
OHE-01228,심
OHE-01229,십
OHE-01230,십
OHE-01231,십
OHE-01232,이
OHE-01233,이
OHE-01234,이
OHE-01235,이
OHE-01236,이
OHE-01237,이
OHE-01238,이
OHE-01239,이
OHE-01240,악
OHE-01241,악
OHE-01242,악
OHE-01243,악
OHE-01244,안
OHE-01245,안
OHE-01246,안
OHE-01247,안
OHE-01248,안
OHE-01249,안
OHE-01250,안
OHE-01251,안
OHE-01252,안
OHE-01253,안
OHE-01254,안
OHE-01255,안
OHE-01256,안
OHE-01257,안
OHE-01258,안
OHE-01259,안
OHE-01260,안
OHE-01261,안
OHE-01262,안
OHE-01263,안
OHE-01264,안
OHE-01265,안
OHE-01266,안
OHE-01267,안
OHE-01268,안
OHE-01269,안
OHE-01270,안
OHE-01271,안
OHE-01272,안
OHE-01273,안
OHE-01274,안
OHE-01275,안
OHE-01276,안
OHE-01277,안
OHE-01278,안
OHE-01279,안
OHE-01280,안
OHE-01281,안
OHE-01282,안
OHE-01283,안
OHE-01284,안
OHE-01285,안
OHE-01286,안
OHE-01287,안
OHE-01288,안
OHE-01289,안
OHE-01290,업
OHE-01291,업
OHE-01292,업
OHE-01293,업
OHE-01294,업
OHE-01295,업
OHE-01296,업
OHE-01297,업
OHE-01298,업
OHE-01299,업
OHE-01300,업
OHE-01301,업
OHE-01302,업
OHE-01303,업
OHE-01304,업
OHE-01305,업
OHE-01306,업
OHE-01307,업
OHE-01308,업
OHE-01309,업
OHE-01310,업
OHE-01311,업
OHE-01312,업
OHE-01313,업
OHE-01314,업
OHE-01315,업
OHE-01316,업
OHE-01317,업
OHE-01318,업
OHE-01319,업
OHE-01320,업
OHE-01321,업
OHE-01322,업
OHE-01323,업
OHE-01324,업
OHE-01325,업
OHE-01326,업
OHE-01327,업
OHE-01328,업
OHE-01329,업
OHE-01330,업
OHE-01331,업
OHE-01332,업
OHE-01333,업
OHE-01334,업
OHE-01335,업
OHE-01336,업
OHE-01337,업
OHE-01338,업
OHE-01339,업
OHE-01340,업
OHE-01341,업
OHE-01342,업
OHE-01343,업
OHE-01344,업
OHE-01345,업
OHE-01346,업
OHE-01347,업
OHE-01348,업
OHE-01349,업
OHE-01350,업
OHE-01351,업
OHE-01352,업
OHE-01353,업
OHE-01354,업
OHE-01355,업
OHE-01356,업
OHE-01357,업
OHE-01358,업
OHE-01359,업
OHE-01360,업
OHE-01361,업
OHE-01362,업
OHE-01363,업
OHE-01364,업
OHE-01365,업
OHE-01366,업
OHE-01367,업
OHE-01368,업
OHE-01369,업
OHE-01370,업
OHE-01371,업
OHE-01372,업
OHE-01373,업
OHE-01374,업
OHE-01375,업
OHE-01376,업
OHE-01377,업
OHE-01378,업
OHE-01379,업
OHE-01380,업
OHE-01381,업
OHE-01382,업
OHE-01383,업
OHE-01384,업
OHE-01385,업
OHE-01386,업
OHE-01387,업
OHE-01388,업
OHE-01389,업
OHE-01390,업
OHE-01391,업
OHE-01392,업
OHE-01393,업
OHE-01394,업
OHE-01395,업
OHE-01396,업
OHE-01397,업
OHE-01398,업
OHE-01399,업
OHE-01400,업
OHE-01401,업
OHE-01402,업
OHE-01403,업
OHE-01404,업
OHE-01405,업
OHE-01406,업
OHE-01407,업
OHE-01408,업
OHE-01409,업
OHE-01410,업
OHE-01411,업
OHE-01412,업
OHE-01413,업
OHE-01414,업
OHE-01415,업
OHE-01416,업
OHE-01417,업
OHE-01418,업
OHE-01419,업
OHE-01420,업
OHE-01421,업
OHE-01422,업
OHE-01423,업
OHE-01424,업
OHE-01425,업
OHE-01426,업
OHE-01427,업
OHE-01428,업
OHE-01429,업
OHE-01430,업
OHE-01431,업
OHE-01432,업
OHE-01433,업
OHE-01434,업
OHE-01435,업
OHE-01436,업
OHE-01437,업
OHE-01438,업
OHE-01439,업
OHE-01440,업
OHE-01441,업
OHE-01442,업
OHE-01443,업
OHE-01444,업
OHE-01445,업
OHE-01446,업
OHE-01447,업
OHE-01448,업
OHE-01449,업
OHE-01450,업
OHE-01451,업
OHE-01452,업
OHE-01453,업
OHE-01454,업
OHE-01455,업
OHE-01456,업
OHE-01457,업
OHE-01458,업
OHE-01459,업
OHE-01460,업
OHE-01461,업
OHE-01462,업
OHE-01463,업
OHE-01464,업
OHE-01465,업
OHE-01466,업
OHE-01467,업
OHE-01468,업
OHE-01469,업
OHE-01470,업
OHE-01471,업
OHE-01472,업
OHE-01473,업
OHE-01474,업
OHE-01475,업
OHE-01476,업
OHE-01477,업
OHE-01478,업
OHE-01479,업
OHE-01480,업
OHE-01481,업
OHE-01482,업
OHE-01483,업
OHE-01484,업
OHE-01485,업
OHE-01486,업
OHE-01487,업
OHE-01488,업
OHE-01489,업
OHE-01490,업
OHE-01491,업
OHE-01492,업
OHE-01493,업
OHE-01494,업
OHE-01495,업
OHE-01496,업
OHE-01497,업
OHE-01498,업
OHE-01499,업
OHE-01500,업
OHE-01501,업
OHE-01502,업
OHE-01503,업
OHE-01504,업
OHE-01505,업
OHE-01506,업
OHE-01507,업
OHE-01508,업
OHE-01509,업
OHE-01510,업
OHE-01511,업
OHE-01512,업
OHE-01513,업
OHE-01514,업
OHE-01515,업
OHE-01516,업
OHE-01517,업
OHE-01518,업
OHE-01519,업
OHE-01520,업
OHE-01521,업
OHE-01522,업
OHE-01523,업
OHE-01524,업
OHE-01525,업
OHE-01526,업
OHE-01527,업
OHE-01528,업
OHE-01529,업
OHE-01530,업
OHE-01531,업
OHE-01532,업
OHE-01533,업
OHE-01534,업
OHE-01535,업
OHE-01536,업
OHE-01537,업
OHE-01538,업
OHE-01539,업
OHE-01540,업
OHE-01541,업
OHE-01542,업
OHE-01543,업
OHE-01544,업
OHE-01545,업
OHE-01546,업
OHE-01547,업
OHE-01548,업
OHE-01549,업
OHE-01550,업
OHE-01551,업
OHE-01552,업
OHE-01553,업
OHE-01554,업
OHE-01555,업
OHE-01556,업
OHE-01557,업
OHE-01558,업
OHE-01559,업
OHE-01560,업
OHE-01561,업
OHE-01562,업
OHE-01563,업
OHE-01564,업
OHE-01565,업
OHE-01566,업
OHE-01567,업
OHE-01568,업
OHE-01569,업
OHE-01570,업
OHE-01571,업
OHE-01572,업
OHE-01573,업
OHE-01574,업
OHE-01575,업
OHE-01576,업
OHE-01577,업
OHE-01578,업
OHE-01579,업
OHE-01580,업
OHE-01581,업
OHE-01582,업
OHE-01583,업
OHE-01584,업
OHE-01585,업
OHE-01586,업
OHE-01587,업
OHE-01588,업
OHE-01589,업
OHE-01590,업
OHE-01591,업
OHE-01592,업
OHE-01593,업
OHE-01594,업
OHE-01595,업
OHE-01596,업
OHE-01597,업
OHE-01598,업
OHE-01599,업
OHE-01600,업
OHE-01601,업
OHE-01602,업
OHE-01603,업
OHE-01604,업
OHE-01605,업
OHE-01606,업
OHE-01607,업
OHE-01608,업
OHE-01609,업
OHE-01610,업
OHE-01611,업
OHE-01612,업
OHE-01613,업
OHE-01614,업
OHE-01615,업
OHE-01616,업
OHE-01617,업
OHE-01618,업
OHE-01619,업
OHE-01620,업
OHE-01621,업
OHE-01622,업
OHE-01623,업
OHE-01624,업
OHE-01625,업
OHE-01626,업
OHE-01627,업
OHE-01628,업
OHE-01629,업
OHE-01630,업
OHE-01631,업
OHE-01632,업
OHE-01633,업
OHE-01634,업
OHE-01635,업
OHE-01636,업
OHE-01637,업
OHE-01638,업
OHE-01639,업
OHE-01640,업
OHE-01641,업
OHE-01642,업
OHE-01643,업
OHE-01644,업
OHE-01645,업
OHE-01646,업
OHE-01647,업
OHE-01648,업
OHE-01649,업
OHE-01650,업
OHE-01651,업
OHE-01652,업
OHE-01653,업
OHE-01654,업
OHE-01655,업
OHE-01656,업
OHE-01657,업
OHE-01658,업
OHE-01659,업
OHE-01660,업
OHE-01661,업
OHE-01662,업
OHE-01663,업
OHE-01664,업
OHE-01665,업
OHE-01666,업
OHE-01667,업
OHE-01668,업
OHE-01669,업
OHE-01670,업
OHE-01671,업
OHE-01672,업
OHE-01673,업
OHE-01674,업
OHE-01675,업
OHE-01676,업
OHE-01677,업
OHE-01678,업
OHE-01679,업
OHE-01680,업
OHE-01681,업
OHE-01682,업
OHE-01683,업
OHE-01684,업
OHE-01685,업
OHE-01686,업
OHE-01687,업
OHE-01688,업
OHE-01689,업
OHE-01690,업
OHE-01691,업
OHE-01692,업
OHE-01693,업
OHE-01694,업
OHE-01695,업
OHE-01696,업
OHE-01697,업
OHE-01698,업
OHE-01699,업
OHE-01700,업
OHE-01701,업
OHE-01702,업
OHE-01703,업
OHE-01704,업
OHE-01705,업
OHE-01706,업
OHE-01707,업
OHE-01708,업
OHE-01709,업
OHE-01710,업
OHE-01711,업
OHE-01712,업
OHE-01713,업
OHE-01714,업
OHE-01715,업
OHE-01716,업
OHE-01717,업
OHE-01718,업
OHE-01719,업
OHE-01720,업
OHE-01721,업
OHE-01722,업
OHE-01723,업
OHE-01724,업
OHE-01725,업
OHE-01726,업
OHE-01727,업
OHE-01728,업
OHE-01729,업
OHE-01730,업
OHE-01731,업
OHE-01732,업
OHE-01733,업
OHE-01734,업
OHE-01735,업
OHE-01736,업
OHE-01737,업
OHE-01738,업
OHE-01739,업
OHE-01740,업
OHE-01741,업
OHE-01742,업
OHE-01743,업
OHE-01744,업
OHE-01745,업
OHE-01746,업
OHE-01747,업
OHE-01748,업
OHE-01749,업
OHE-01750,업
OHE-01751,업
OHE-01752,업
OHE-01753,업
OHE-01754,업
OHE-01755,업
OHE-01756,업
OHE-01757,제
OHE-01758,제
OHE-01759,제
OHE-01760,제
OHE-01761,제
OHE-01762,제
OHE-01763,제
OHE-01764,제
OHE-01765,제
OHE-01766,제
OHE-01767,제
OHE-01768,제
OHE-01769,제
OHE-01770,제
OHE-01771,제
OHE-01772,조
OHE-01773,조
OHE-01774,조
OHE-01775,조
OHE-01776,조
OHE-01777,조
OHE-01778,조
OHE-01779,조
OHE-01780,조
OHE-01781,조
OHE-01782,조
OHE-01783,조
OHE-01784,조
OHE-01785,조
OHE-01786,조
OHE-01787,조
OHE-01788,조
OHE-01789,조
OHE-01790,조
OHE-01791,조
OHE-01792,조
OHE-01793,조
OHE-01794,조
OHE-01795,조
OHE-01796,조
OHE-01797,조
OHE-01798,조
OHE-01799,족
OHE-01800,족
OHE-01801,존
OHE-01802,존
OHE-01803,졸
OHE-01804,종
OHE-01805,종
OHE-01806,종
OHE-01807,종
OHE-01808,종
OHE-01809,종
OHE-01810,종
OHE-01811,종
OHE-01812,종
OHE-01813,종
OHE-01814,종
OHE-01815,종
OHE-01816,좌
OHE-01817,좌
OHE-01818,좌
OHE-01819,좌
OHE-01820,주
OHE-01821,주
OHE-01822,주
OHE-01823,주
OHE-01824,주
OHE-01825,주
OHE-01826,주
OHE-01827,주
OHE-01828,주
OHE-01829,주
OHE-01830,주
OHE-01831,주
OHE-01832,주
OHE-01833,주
OHE-01834,주
OHE-01835,주
OHE-01836,주
OHE-01837,주
OHE-01838,주
OHE-01839,주
OHE-01840,주
OHE-01841,주
OHE-01842,주
OHE-01843,주
OHE-01844,죽
OHE-01845,준
OHE-01846,준
OHE-01847,준
OHE-01848,준
OHE-01849,준
OHE-01850,준
OHE-01851,준
OHE-01852,준
OHE-01853,준
OHE-01854,준
OHE-01855,준
OHE-01856,준
OHE-01857,준
OHE-01858,준
OHE-01859,준
OHE-01860,줄
OHE-01861,중
OHE-01862,중
OHE-01863,중
OHE-01864,중
OHE-01865,즐
OHE-01866,즙
OHE-01867,증
OHE-01868,증
OHE-01869,증
OHE-01870,증
OHE-01871,증
OHE-01872,증
OHE-01873,지
OHE-01874,지
OHE-01875,지
OHE-01876,지
OHE-01877,지
OHE-01878,지
OHE-01879,지
OHE-01880,지
OHE-01881,지
OHE-01882,지
OHE-01883,지
OHE-01884,지
OHE-01885,지
OHE-01886,지
OHE-01887,지
OHE-01888,지
OHE-01889,지
OHE-01890,지
OHE-01891,지
OHE-01892,지
OHE-01893,지
OHE-01894,지
OHE-01895,지
OHE-01896,지
OHE-01897,직
OHE-01898,직
OHE-01899,직
OHE-01900,직
OHE-01901,직
OHE-01902,진
OHE-01903,진
OHE-01904,진
OHE-01905,진
OHE-01906,진
OHE-01907,진
OHE-01908,진
OHE-01909,진
OHE-01910,진
OHE-01911,진
OHE-01912,진
OHE-01913,진
OHE-01914,진
OHE-01915,진
OHE-01916,진
OHE-01917,진
OHE-01918,진
OHE-01919,진
OHE-01920,진
OHE-01921,진
OHE-01922,진
OHE-01923,질
OHE-01924,질
OHE-01925,집
OHE-01926,집
OHE-01927,집
OHE-01928,집
OHE-01929,집
OHE-01930,집
OHE-01931,징
OHE-01932,징
OHE-01933,차
OHE-01934,차
OHE-01935,차
OHE-01936,차
OHE-01937,차
OHE-01938,찬
OHE-01939,찬
OHE-01940,찬
OHE-01941,찬
OHE-01942,찬
OHE-01943,찬
OHE-01944,찬
OHE-01945,찬
OHE-01946,찬
OHE-01947,찬
OHE-01948,찬
OHE-01949,찰
OHE-01950,찰
OHE-01951,참
OHE-01952,창
OHE-01953,창
OHE-01954,창
OHE-01955,창
OHE-01956,창
OHE-01957,창
OHE-01958,창
OHE-01959,창
OHE-01960,창
OHE-01961,창
OHE-01962,창
OHE-01963,창
OHE-01964,채
OHE-01965,채
OHE-01966,채
OHE-01967,채
OHE-01968,채
OHE-01969,채
OHE-01970,채
OHE-01971,채
OHE-01972,책
OHE-01973,책
OHE-01974,처
OHE-01975,척
OHE-01976,척
OHE-01977,척
OHE-01978,척
OHE-01979,천
OHE-01980,천
OHE-01981,천
OHE-01982,천
OHE-01983,천
OHE-01984,천
OHE-01985,천
OHE-01986,천
OHE-01987,천
OHE-01988,철
OHE-01989,철
OHE-01990,철
OHE-01991,철
OHE-01992,철
OHE-01993,철
OHE-01994,철
OHE-01995,철
OHE-01996,첨
OHE-01997,첨
OHE-01998,첨
OHE-01999,첨
OHE-02000,첩
OHE-02001,청
OHE-02002,청
OHE-02003,청
OHE-02004,청
OHE-02005,청
OHE-02006,청
OHE-02007,체
OHE-02008,체
OHE-02009,체
OHE-02010,체
OHE-02011,초
OHE-02012,초
OHE-02013,초
OHE-02014,초
OHE-02015,초
OHE-02016,초
OHE-02017,초
OHE-02018,초
OHE-02019,초
OHE-02020,촉
OHE-02021,촌
OHE-02022,촌
OHE-02023,총
OHE-02024,총
OHE-02025,총
OHE-02026,총
OHE-02027,최
OHE-02028,최
OHE-02029,최
OHE-02030,추
OHE-02031,추
OHE-02032,추
OHE-02033,추
OHE-02034,추
OHE-02035,추
OHE-02036,추
OHE-02037,추
OHE-02038,추
OHE-02039,축
OHE-02040,축
OHE-02041,축
OHE-02042,축
OHE-02043,축
OHE-02044,축
OHE-02045,춘
OHE-02046,춘
OHE-02047,춘
OHE-02048,출
OHE-02049,충
OHE-02050,충
OHE-02051,충
OHE-02052,충
OHE-02053,취
OHE-02054,취
OHE-02055,취
OHE-02056,취
OHE-02057,취
OHE-02058,취
OHE-02059,측
OHE-02060,측
OHE-02061,치
OHE-02062,치
OHE-02063,치
OHE-02064,치
OHE-02065,치
OHE-02066,치
OHE-02067,치
OHE-02068,치
OHE-02069,치
OHE-02070,칙
OHE-02071,칙
OHE-02072,친
OHE-02073,칠
OHE-02074,칠
OHE-02075,침
OHE-02076,침
OHE-02077,침
OHE-02078,침
OHE-02079,칭
OHE-02080,칭
OHE-02081,쾌
OHE-02082,쾌
OHE-02083,타
OHE-02084,타
OHE-02085,타
OHE-02086,탁
OHE-02087,탁
OHE-02088,탁
OHE-02089,탁
OHE-02090,탁
OHE-02091,탁
OHE-02092,탁
OHE-02093,탁
OHE-02094,탁
OHE-02095,탁
OHE-02096,탁
OHE-02097,탁
OHE-02098,탄
OHE-02099,탄
OHE-02100,탄
OHE-02101,탄
OHE-02102,탄
OHE-02103,탄
OHE-02104,탐
OHE-02105,탐
OHE-02106,탑
OHE-02107,태
OHE-02108,태
OHE-02109,태
OHE-02110,태
OHE-02111,태
OHE-02112,태
OHE-02113,태
OHE-02114,택
OHE-02115,택
OHE-02116,택
OHE-02117,토
OHE-02118,토
OHE-02119,토
OHE-02120,통
OHE-02121,통
OHE-02122,통
OHE-02123,퇴
OHE-02124,투
OHE-02125,투
OHE-02126,특
OHE-02127,파
OHE-02128,파
OHE-02129,파
OHE-02130,파
OHE-02131,파
OHE-02132,파
OHE-02133,파
OHE-02134,파
OHE-02135,판
OHE-02136,판
OHE-02137,판
OHE-02138,판
OHE-02139,판
OHE-02140,판
OHE-02141,팔
OHE-02142,패
OHE-02143,패
OHE-02144,패
OHE-02145,팽
OHE-02146,팽
OHE-02147,편
OHE-02148,편
OHE-02149,편
OHE-02150,편
OHE-02151,편
OHE-02152,편
OHE-02153,평
OHE-02154,평
OHE-02155,평
OHE-02156,평
OHE-02157,폐
OHE-02158,폐
OHE-02159,포
OHE-02160,포
OHE-02161,포
OHE-02162,포
OHE-02163,포
OHE-02164,포
OHE-02165,포
OHE-02166,포
OHE-02167,포
OHE-02168,포
OHE-02169,폭
OHE-02170,표
OHE-02171,표
OHE-02172,표
OHE-02173,표
OHE-02174,표
OHE-02175,표
OHE-02176,표
OHE-02177,표
OHE-02178,품
OHE-02179,품
OHE-02180,풍
OHE-02181,풍
OHE-02182,풍
OHE-02183,필
OHE-02184,필
OHE-02185,필
OHE-02186,필
OHE-02187,필
OHE-02188,필
OHE-02189,필
OHE-02190,필
OHE-02191,필
OHE-02192,하
OHE-02193,하
OHE-02194,하
OHE-02195,하
OHE-02196,하
OHE-02197,하
OHE-02198,하
OHE-02199,학
OHE-02200,학
OHE-02201,한
OHE-02202,한
OHE-02203,한
OHE-02204,한
OHE-02205,한
OHE-02206,한
OHE-02207,한
OHE-02208,할
OHE-02209,함
OHE-02210,함
OHE-02211,함
OHE-02212,함
OHE-02213,합
OHE-02214,항
OHE-02215,항
OHE-02216,항
OHE-02217,항
OHE-02218,항
OHE-02219,항
OHE-02220,항
OHE-02221,항
OHE-02222,해
OHE-02223,해
OHE-02224,해
OHE-02225,해
OHE-02226,해
OHE-02227,해
OHE-02228,해
OHE-02229,핵
OHE-02230,행
OHE-02231,행
OHE-02232,행
OHE-02233,향
OHE-02234,향
OHE-02235,향
OHE-02236,향
OHE-02237,향
OHE-02238,향
OHE-02239,허
OHE-02240,헌
OHE-02241,헌
OHE-02242,헌
OHE-02243,험
OHE-02244,험
OHE-02245,혁
OHE-02246,혁
OHE-02247,혁
OHE-02248,혁
OHE-02249,현
OHE-02250,현
OHE-02251,현
OHE-02252,현
OHE-02253,현
OHE-02254,현
OHE-02255,현
OHE-02256,현
OHE-02257,현
OHE-02258,현
OHE-02259,현
OHE-02260,현
OHE-02261,현
OHE-02262,현
OHE-02263,현
OHE-02264,협
OHE-02265,협
OHE-02266,협
OHE-02267,협
OHE-02268,형
OHE-02269,형
OHE-02270,형
OHE-02271,형
OHE-02272,형
OHE-02273,형
OHE-02274,형
OHE-02275,형
OHE-02276,형
OHE-02277,형
OHE-02278,형
OHE-02279,형
OHE-02280,형
OHE-02281,혜
OHE-02282,혜
OHE-02283,혜
OHE-02284,혜
OHE-02285,호
OHE-02286,호
OHE-02287,호
OHE-02288,호
OHE-02289,호
OHE-02290,호
OHE-02291,호
OHE-02292,호
OHE-02293,호
OHE-02294,호
OHE-02295,호
OHE-02296,호
OHE-02297,호
OHE-02298,호
OHE-02299,호
OHE-02300,호
OHE-02301,호
OHE-02302,호
OHE-02303,호
OHE-02304,호
OHE-02305,호
OHE-02306,호
OHE-02307,호
OHE-02308,호
OHE-02309,호
OHE-02310,혼
OHE-02311,홍
OHE-02312,홍
OHE-02313,홍
OHE-02314,홍
OHE-02315,홍
OHE-02316,홍
OHE-02317,홍
OHE-02318,화
OHE-02319,화
OHE-02320,화
OHE-02321,화
OHE-02322,화
OHE-02323,화
OHE-02324,화
OHE-02325,화
OHE-02326,화
OHE-02327,화
OHE-02328,화
OHE-02329,확
OHE-02330,확
OHE-02331,확
OHE-02332,환
OHE-02333,환
OHE-02334,환
OHE-02335,환
OHE-02336,환
OHE-02337,환
OHE-02338,환
OHE-02339,환
OHE-02340,환
OHE-02341,환
OHE-02342,환
OHE-02343,환
OHE-02344,활
OHE-02345,활
OHE-02346,황
OHE-02347,황
OHE-02348,황
OHE-02349,황
OHE-02350,황
OHE-02351,황
OHE-02352,황
OHE-02353,황
OHE-02354,회
OHE-02355,회
OHE-02356,회
OHE-02357,회
OHE-02358,회
OHE-02359,회
OHE-02360,회
OHE-02361,획
OHE-02362,횡
OHE-02363,횡
OHE-02364,횡
OHE-02365,횡
OHE-02366,횡
OHE-02367,횡
OHE-02368,횡
OHE-02369,횡
OHE-02370,후
OHE-02371,후
OHE-02372,후
OHE-02373,후
OHE-02374,후
OHE-02375,후
OHE-02376,훈
OHE-02377,훈
OHE-02378,훈
OHE-02379,훈
OHE-02380,훈
OHE-02381,훈
OHE-02382,훈
OHE-02383,훤
OHE-02384,훤
OHE-02385,휘
OHE-02386,휘
OHE-02387,휘
OHE-02388,휘
OHE-02389,휘
OHE-02390,휘
OHE-02391,휴
OHE-02392,휴
OHE-02393,휴
OHE-02394,흑
OHE-02395,흔
OHE-02396,흔
OHE-02397,흔
OHE-02398,흘
OHE-02399,흠
OHE-02400,흡
OHE-02401,흡
OHE-02402,흡
OHE-02403,흡
OHE-02404,흥
OHE-02405,희
OHE-02406,희
OHE-02407,희
OHE-02408,희
OHE-02409,희
OHE-02410,희
OHE-02411,희
OHE-02412,희
OHE-02413,희
OHE-02414,희
OHE-02415,희
OHE-02416,희
OHE-02417,희
OHE-02418,희
OHE-02419,희
OHE-02420,희
