profile_id,sound_meaning
OHE-00001,더할
OHE-00002,옳을
OHE-00003,아름다울
OHE-00004,시렁
OHE-00005,집
OHE-00006,거리
OHE-00007,갓
OHE-00008,겨를
OHE-00009,시집갈
OHE-00010,노래
OHE-00011,아름다울
OHE-00012,값
OHE-00013,심을
OHE-00014,각각
OHE-00015,물리칠
OHE-00016,뿔
OHE-00017,새길
OHE-00018,삼갈
OHE-00019,쌍옥
OHE-00020,껍질
OHE-00021,누각
OHE-00022,깨달을
OHE-00023,방패
OHE-00024,"책펴낼,새길"
OHE-00025,괘이름
OHE-00026,지레
OHE-00027,강직할
OHE-00028,볼
OHE-00029,장대산
OHE-00030,사이
OHE-00031,가릴
OHE-00032,줄기
OHE-00033,개간할
OHE-00034,충고할
OHE-00035,정성
OHE-00036,대쪽
OHE-00037,목마를
OHE-00038,칡
OHE-00039,달
OHE-00040,헤아릴
OHE-00041,감히
OHE-00042,견딜
OHE-00043,느낄
OHE-00044,덜
OHE-00045,볼
OHE-00046,"볼,구어볼"
OHE-00047,거울
OHE-00048,갑옷
OHE-00049,갑옷
OHE-00050,강
OHE-00051,언덕
OHE-00052,성
OHE-00053,굳셀
OHE-00054,굳셀
OHE-00055,산등성이
OHE-00056,언덕
OHE-00057,편안할
OHE-00058,내릴
OHE-00059,벼리
OHE-00060,강철
OHE-00061,굳셀
OHE-00062,강론할
OHE-00063,끼일
OHE-00064,착할
OHE-00065,고칠
OHE-00066,낱
OHE-00067,개선할
OHE-00068,열
OHE-00069,대개
OHE-00070,물댈
OHE-00071,덮을
OHE-00072,손
OHE-00073,다시
OHE-00074,갈
OHE-00075,클
OHE-00076,수레
OHE-00077,살
OHE-00078,막을
OHE-00079,떨어질
OHE-00080,개천
OHE-00081,의거할
OHE-00082,들
OHE-00083,수건
OHE-00084,사건
OHE-00085,세울
OHE-00086,정성
OHE-00087,건강할
OHE-00088,하늘
OHE-00089,문빗장
OHE-00090,열쇠
OHE-00091,뛰어날
OHE-00092,호걸
OHE-00093,검소할
OHE-00094,칼
OHE-00095,검사할
OHE-00096,높이들
OHE-00097,쉴
OHE-00098,격식
OHE-00099,격문
OHE-00100,과격할
OHE-00101,볼
OHE-00102,굳을
OHE-00103,끌
OHE-00104,명주
OHE-00105,보낼
OHE-00106,정할
OHE-00107,맺을
OHE-00108,깨끗할
OHE-00109,겸할
OHE-00110,겸손할
OHE-00111,고칠
OHE-00112,들
OHE-00113,빛날
OHE-00114,서울
OHE-00115,일곱쨰천간
OHE-00116,곧을
OHE-00117,굳셀
OHE-00118,굳셀
OHE-00119,밭갈
OHE-00120,빛날
OHE-00121,지름길
OHE-00122,대개
OHE-00123,마침내
OHE-00124,통할
OHE-00125,굳을
OHE-00126,벼슬
OHE-00127,볕
OHE-00128,공경할
OHE-00129,길
OHE-00130,줄기
OHE-00131,가벼울
OHE-00132,좁은길
OHE-00133,지경
OHE-00134,경사
OHE-00135,깨달을
OHE-00136,밝을
OHE-00137,"떠받칠,높이들"
OHE-00138,옥빛
OHE-00139,거울
OHE-00140,고래
OHE-00141,겨룰
OHE-00142,경계할
OHE-00143,아름다운옥
OHE-00144,경계할
OHE-00145,이을
OHE-00146,끝
OHE-00147,걸릴(관계될)
OHE-00148,맺을
OHE-00149,셈할
OHE-00150,열째천간
OHE-00151,지경
OHE-00152,계수나무
OHE-00153,일깨울
OHE-00154,경계할
OHE-00155,시내
OHE-00156,섬돌
OHE-00157,이을
OHE-00158,닭
OHE-00159,두드릴
OHE-00160,옛
OHE-00161,알릴
OHE-00162,굳을
OHE-00163,상고할
OHE-00164,시어머니
OHE-00165,마를
OHE-00166,곳집
OHE-00167,높을
OHE-00168,언덕
OHE-00169,북
OHE-00170,두드릴
OHE-00171,"볏짚,원고"
OHE-00172,돌아볼
OHE-00173,굽을
OHE-00174,굴
OHE-00175,곡식
OHE-00176,땅
OHE-00177,형(맏)
OHE-00178,산이름
OHE-00179,옥돌
OHE-00180,뼈
OHE-00181,장인
OHE-00182,"공변될,존칭"
OHE-00183,구멍
OHE-00184,공로
OHE-00185,함께
OHE-00186,칠
OHE-00187,"허공,빌"
OHE-00188,이바지할
OHE-00189,공손할
OHE-00190,바칠
OHE-00191,크고둥근옥
OHE-00192,당길
OHE-00193,창
OHE-00194,오이
OHE-00195,과실
OHE-00196,과정
OHE-00197,자랑할
OHE-00198,과자
OHE-00199,매길
OHE-00200,지날
OHE-00201,둘레
OHE-00202,성곽
OHE-00203,벼슬
OHE-00204,갓
OHE-00205,꿸
OHE-00206,정성
OHE-00207,옥피리
OHE-00208,다스릴
OHE-00209,너그러울
OHE-00210,익술할
OHE-00211,객사
OHE-00212,빗장
OHE-00213,물댈
OHE-00214,서옥
OHE-00215,볼
OHE-00216,묶을
OHE-00217,바룰
OHE-00218,빛
OHE-00219,밝을
OHE-00220,클
OHE-00221,물용솟음칠
OHE-00222,옥피리
OHE-00223,넓을
OHE-00224,밝을
OHE-00225,쇳돌
OHE-00226,걸
OHE-00227,흙덩이
OHE-00228,클
OHE-00229,공교로울
OHE-00230,사귈
OHE-00231,학교
OHE-00232,가르칠
OHE-00233,높을
OHE-00234,들
OHE-00235,비교할
OHE-00236,아리따울
OHE-00237,다리
OHE-00238,바로잡을
OHE-00239,오랠
OHE-00240,입
OHE-00241,글괴
OHE-00242,언덕
OHE-00243,구할
OHE-00244,궁구할
OHE-00245,갖출
OHE-00246,언덕
OHE-00247,옥돌
OHE-00248,구기자
OHE-00249,아홉
OHE-00250,"자,법"
OHE-00251,함께
OHE-00252,구역
OHE-00253,구원할
OHE-00254,오래살
OHE-00255,진실로
OHE-00256,"공,구슬"
OHE-00257,언덕
OHE-00258,비둘기
OHE-00259,꾸밀
OHE-00260,도랑
OHE-00261,끌
OHE-00262,나라이름
OHE-00263,살
OHE-00264,몸
OHE-00265,옛
OHE-00266,달릴
OHE-00267,갈매기
OHE-00268,판
OHE-00269,나라
OHE-00270,국화
OHE-00271,공
OHE-00272,임금
OHE-00273,군사
OHE-00274,무리
OHE-00275,굽을
OHE-00276,굴
OHE-00277,활
OHE-00278,몸소
OHE-00279,집
OHE-00280,문서
OHE-00281,책
OHE-00282,주먹
OHE-00283,돌볼
OHE-00284,둘레
OHE-00285,권할
OHE-00286,권세
OHE-00287,대궐
OHE-00288,길
OHE-00289,귀할
OHE-00290,거북
OHE-00291,돌아갈
OHE-00292,부르짖을
OHE-00293,홀
OHE-00294,별
OHE-00295,법
OHE-00296,홀
OHE-00297,헤아릴
OHE-00298,"도장방,규방"
OHE-00299,큰길
OHE-00300,해바라기
OHE-00301,엿볼
OHE-00302,고를
OHE-00303,밭일굴
OHE-00304,무게단위
OHE-00305,버섯
OHE-00306,이길
OHE-00307,이길
OHE-00308,지극할
OHE-00309,연극
OHE-00310,틈
OHE-00311,"도끼,근"
OHE-00312,"힘,강할"
OHE-00313,뿌리
OHE-00314,가까울
OHE-00315,겨우
OHE-00316,부지런할
OHE-00317,"고울,여자이름"
OHE-00318,맑을
OHE-00319,무궁화나무
OHE-00320,아름다운옥
OHE-00321,삼갈
OHE-00322,이제
OHE-00323,밝을
OHE-00324,쇠
OHE-00325,이불
OHE-00326,거문고
OHE-00327,비단
OHE-00328,옷깃
OHE-00329,미칠
OHE-00330,물길을
OHE-00331,등그
OHE-00332,줄
OHE-00333,뻗칠
OHE-00334,자랑할
OHE-00335,"긍정할,즐길"
OHE-00336,삼갈
OHE-00337,몸
OHE-00338,바랄
OHE-00339,재주
OHE-00340,갈림길
OHE-00341,경기(京畿)
OHE-00342,구기자나무
OHE-00343,그
OHE-00344,기이할
OHE-00345,김
OHE-00346,물이름
OHE-00347,재주
OHE-00348,패옥(노리개)
OHE-00349,"벼리,규율"
OHE-00350,빌
OHE-00351,"기록할,문서"
OHE-00352,기운
OHE-00353,늙은이
OHE-00354,어찌
OHE-00355,일어날
OHE-00356,낭떠러지
OHE-00357,"부칠,의뢰할"
OHE-00358,이미
OHE-00359,터
OHE-00360,험할
OHE-00361,강이름
OHE-00362,기약할
OHE-00363,"몇,징조"
OHE-00364,바둑
OHE-00365,복
OHE-00366,옥
OHE-00367,옥이름
OHE-00368,즐길
OHE-00369,기
OHE-00370,볕기운
OHE-00371,비단
OHE-00372,키
OHE-00373,경기
OHE-00374,그릇
OHE-00375,바랄
OHE-00376,베틀
OHE-00377,세랄솥
OHE-00378,피변꾸미개옥
OHE-00379,호미
OHE-00380,구슬
OHE-00381,물가
OHE-00382,말탈
OHE-00383,털총이
OHE-00384,기린
OHE-00385,나무랄
OHE-00386,천리마
OHE-00387,팽팽할
OHE-00388,길할
OHE-00389,건장할
OHE-00390,성
OHE-00391,도라지
OHE-00392,쇠금
OHE-00393,능금나무
OHE-00394,잡을
OHE-00395,아름다울
OHE-00396,어지
OHE-00397,허락할
OHE-00398,따뜻할
OHE-00399,따뜻할
OHE-00400,누를
OHE-00401,사내
OHE-00402,남녘
OHE-00403,강이름
OHE-00404,녹나무
OHE-00405,들일
OHE-00406,아가씨
OHE-00407,"이에,발어사"
OHE-00408,안
OHE-00409,견딜
OHE-00410,능금나무
OHE-00411,계집
OHE-00412,해
OHE-00413,생각
OHE-00414,편안할
OHE-00415,힘쓸
OHE-00416,농사
OHE-00417,짙을
OHE-00418,"맬,끈"
OHE-00419,능할
OHE-00420,진흙
OHE-00421,많을
OHE-00422,차
OHE-00423,붉을
OHE-00424,아침
OHE-00425,다만
OHE-00426,층계
OHE-00427,짧을
OHE-00428,홑
OHE-00429,끝
OHE-00430,"둥글,모일"
OHE-00431,비단
OHE-00432,"제터,단"
OHE-00433,단련할
OHE-00434,박달나무
OHE-00435,끊을
OHE-00436,통달할
OHE-00437,묽을
OHE-00438,미칠
OHE-00439,말씀
OHE-00440,깊을
OHE-00441,담박할
OHE-00442,멜
OHE-00443,이야기
OHE-00444,논
OHE-00445,대답할
OHE-00446,당나라
OHE-00447,집
OHE-00448,마땅할
OHE-00449,못
OHE-00450,칠
OHE-00451,무리
OHE-00452,큰
OHE-00453,대신할
OHE-00454,터
OHE-00455,기다릴
OHE-00456,대모(바다거북)
OHE-00457,띠
OHE-00458,자루
OHE-00459,빌릴
OHE-00460,대
OHE-00461,"대답할,짝"
OHE-00462,떼데
OHE-00463,들
OHE-00464,일
OHE-00465,큰
OHE-00466,칼
OHE-00467,이를
OHE-00468,법도
OHE-00469,뛸
OHE-00470,무리
OHE-00471,복숭아
OHE-00472,섬
OHE-00473,담
OHE-00474,건널
OHE-00475,뛸
OHE-00476,"바를,진흙"
OHE-00477,그림
OHE-00478,길
OHE-00479,벼
OHE-00480,길
OHE-00481,도읍
OHE-00482,인도할
OHE-00483,질그릇
OHE-00484,도금할
OHE-00485,밟을
OHE-00486,비출
OHE-00487,큰물결
OHE-00488,빌
OHE-00489,살펴볼
OHE-00490,도타울
OHE-00491,읽을
OHE-00492,도타울
OHE-00493,도타울
OHE-00494,조아릴
OHE-00495,돈대
OHE-00496,"불빛,이글거릴"
OHE-00497,해돋을
OHE-00498,이름
OHE-00499,겨울
OHE-00500,한가지
OHE-00501,동녘
OHE-00502,골짜기
OHE-00503,오동나무
OHE-00504,움직일
OHE-00505,아이
OHE-00506,용마루
OHE-00507,구리
OHE-00508,바로잡을
OHE-00509,강이름
OHE-00510,눈동자
OHE-00511,말
OHE-00512,막을
OHE-00513,콩
OHE-00514,두공
OHE-00515,머리
OHE-00516,진칠
OHE-00517,둔할
OHE-00518,얻을
OHE-00519,무리
OHE-00520,오를
OHE-00521,등불
OHE-00522,나라이름
OHE-00523,오를
OHE-00524,등나무
OHE-00525,소라
OHE-00526,"새그물,펼"
OHE-00527,강이름
OHE-00528,구슬목걸이
OHE-00529,묶을
OHE-00530,즐길
OHE-00531,알
OHE-00532,물결
OHE-00533,빛날
OHE-00534,난초
OHE-00535,넘칠
OHE-00536,쪽
OHE-00537,볼
OHE-00538,물결
OHE-00539,밝을
OHE-00540,옥이름
OHE-00541,사나이
OHE-00542,"옥이름,옥돌"
OHE-00543,올
OHE-00544,산이름
OHE-00545,명아주
OHE-00546,찰
OHE-00547,다스릴
OHE-00548,어질
OHE-00549,"두,둘"
OHE-00550,밝을
OHE-00551,서늘할
OHE-00552,제주
OHE-00553,들보
OHE-00554,서늘할
OHE-00555,헤아릴
OHE-00556,들보
OHE-00557,믿을
OHE-00558,양식
OHE-00559,움틀
OHE-00560,"짝,벗"
OHE-00561,나그네
OHE-00562,검을
OHE-00563,마을
OHE-00564,생각할
OHE-00565,힘쓸
OHE-00566,고울
OHE-00567,힘
OHE-00568,니낼
OHE-00569,책력
OHE-00570,쇠불릴
OHE-00571,연할
OHE-00572,익힐
OHE-00573,불쌍히여길
OHE-00574,단련할
OHE-00575,"연밥,연"
OHE-00576,잇닿을
OHE-00577,사모할
OHE-00578,벌일
OHE-00579,맑을
OHE-00580,매울
OHE-00581,청렴할
OHE-00582,거둘
OHE-00583,"엷을,내이름"
OHE-00584,발
OHE-00585,사냥할
OHE-00586,명령
OHE-00587,영리할
OHE-00588,영리할
OHE-00589,옥소리
OHE-00590,방울
OHE-00591,수없을
OHE-00592,다스릴
OHE-00593,재
OHE-00594,나이
OHE-00595,신령
OHE-00596,법식
OHE-00597,예도
OHE-00598,늙을
OHE-00599,수고로울
OHE-00600,길
OHE-00601,나라이름
OHE-00602,밥그릇
OHE-00603,이슬
OHE-00604,화로
OHE-00605,해오라기
OHE-00606,사슴
OHE-00607,복
OHE-00608,초록및
OHE-00609,기록할
OHE-00610,의논할
OHE-00611,희롱할
OHE-00612,젖을
OHE-00613,옥소리
OHE-00614,대그릇
OHE-00615,우레
OHE-00616,힘입을
OHE-00617,여울
OHE-00618,마침
OHE-00619,헤아릴
OHE-00620,동료
OHE-00621,용
OHE-00622,"여러,묶을"
OHE-00623,여러
OHE-00624,다락
OHE-00625,버들
OHE-00626,머무를
OHE-00627,흐를
OHE-00628,유리
OHE-00629,유황
OHE-00630,유리
OHE-00631,이길
OHE-00632,무리
OHE-00633,여섯
OHE-00634,물
OHE-00635,조리세울
OHE-00636,인륜
OHE-00637,산이름
OHE-00638,실
OHE-00639,바퀴
OHE-00640,법
OHE-00641,밤
OHE-00642,비율
OHE-00643,클
OHE-00644,"찰,추울"
OHE-00645,서슬
OHE-00646,마름
OHE-00647,비단
OHE-00648,큰언덕
OHE-00649,관리
OHE-00650,마을
OHE-00651,오얏
OHE-00652,이로울
OHE-00653,배
OHE-00654,영리할
OHE-00655,다스릴
OHE-00656,말리
OHE-00657,속
OHE-00658,신
OHE-00659,유리
OHE-00660,물맑을
OHE-00661,옥빛
OHE-00662,이웃
OHE-00663,기린
OHE-00664,수풀
OHE-00665,물뿌릴
OHE-00666,옥이름린
OHE-00667,장마
OHE-00668,임할
OHE-00669,설
OHE-00670,낟알
OHE-00671,삿갓
OHE-00672,말
OHE-00673,삼
OHE-00674,마노
OHE-00675,갈
OHE-00676,없을
OHE-00677,장막
OHE-00678,사막
OHE-00679,일만
OHE-00680,끌
OHE-00681,늦을
OHE-00682,일만
OHE-00683,찰
OHE-00684,덩굴
OHE-00685,끝
OHE-00686,말리
OHE-00687,바랄
OHE-00688,그물
OHE-00689,매양
OHE-00690,손아랫누이
OHE-00691,매화나무
OHE-00692,살
OHE-00693,중매
OHE-00694,팔
OHE-00695,보리
OHE-00696,맥
OHE-00697,맏
OHE-00698,사나울
OHE-00699,맹세할
OHE-00700,싹
OHE-00701,면할
OHE-00702,낯
OHE-00703,힘쓸
OHE-00704,면류관
OHE-00705,목화
OHE-00706,솜
OHE-00707,이름
OHE-00708,목숨
OHE-00709,밝을
OHE-00710,바다
OHE-00711,새길
OHE-00712,울
OHE-00713,털
OHE-00714,어머니
OHE-00715,창
OHE-00716,보리
OHE-00717,무릅쓸
OHE-00718,아무
OHE-00719,모을
OHE-00720,모양
OHE-00721,법
OHE-00722,본뜰
OHE-00723,사모할
OHE-00724,저물
OHE-00725,꾀할
OHE-00726,꾀
OHE-00727,나무
OHE-00728,눈
OHE-00729,목욕할
OHE-00730,칠
OHE-00731,화목할
OHE-00732,화목할
OHE-00733,꿈
OHE-00734,어릴
OHE-00735,토끼
OHE-00736,묘할
OHE-00737,싹
OHE-00738,그릴
OHE-00739,닻
OHE-00740,다섯째천간
OHE-00741,굳셀
OHE-00742,엄지손가락
OHE-00743,밭이랑
OHE-00744,무성할
OHE-00745,힘쓸
OHE-00746,바꿀
OHE-00747,없을
OHE-00748,옥돌
OHE-00749,춤출
OHE-00750,어루만질
OHE-00751,힘쓸
OHE-00752,안개
OHE-00753,먹
OHE-00754,말없을
OHE-00755,글월
OHE-00756,문
OHE-00757,무늬
OHE-00758,물을
OHE-00759,들을
OHE-00760,만물
OHE-00761,아닐
OHE-00762,쌀
OHE-00763,꼬리
OHE-00764,맛
OHE-00765,눈썹
OHE-00766,아름다울
OHE-00767,사랑할
OHE-00768,물결무늬
OHE-00769,작을
OHE-00770,두루(널리)
OHE-00771,장미
OHE-00772,백성
OHE-00773,산이름
OHE-00774,온화할
OHE-00775,하늘
OHE-00776,옥돌
OHE-00777,옥돌
OHE-00778,재빠를
OHE-00779,위문할
OHE-00780,총명할
OHE-00781,빽빽할
OHE-00782,꿀
OHE-00783,순박할
OHE-00784,"배댈,묵을"
OHE-00785,손뼉칠
OHE-00786,호박
OHE-00787,큰배(당도리)
OHE-00788,넓을
OHE-00789,두드릴
OHE-00790,옥돌
OHE-00791,엷을
OHE-00792,되돌릴
OHE-00793,반
OHE-00794,짝
OHE-00795,물가반 경계
OHE-00796,옮길
OHE-00797,나눌
OHE-00798,돌아올
OHE-00799,반포할
OHE-00800,밥
OHE-00801,너럭바위
OHE-00802,소반
OHE-00803,강이름반 소용돌이
OHE-00804,뺄
OHE-00805,필
OHE-00806,바다이름
OHE-00807,바리떼
OHE-00808,터럭(머리털)
OHE-00809,활발할
OHE-00810,모
OHE-00811,거닐
OHE-00812,막을
OHE-00813,놓을
OHE-00814,마침(때마침)
OHE-00815,꽃다울
OHE-00816,본받을
OHE-00817,나라
OHE-00818,찾을
OHE-00819,곁
OHE-00820,막을
OHE-00821,클
OHE-00822,잔
OHE-00823,절배 감사할
OHE-00824,갑절
OHE-00825,짝
OHE-00826,등
OHE-00827,북돋을
OHE-00828,물리칠
OHE-00829,물결칠
OHE-00830,성
OHE-00831,무리
OHE-00832,도울
OHE-00833,흰
OHE-00834,일백
OHE-00835,맏
OHE-00836,백사람(의우두머리)
OHE-00837,비단
OHE-00838,측백나무
OHE-00839,갈마들
OHE-00840,많을
OHE-00841,우거질
OHE-00842,날번 엎어질
OHE-00843,칠
OHE-00844,공훈
OHE-00845,무릇
OHE-00846,넘칠
OHE-00847,돛
OHE-00848,뜰
OHE-00849,풀이름
OHE-00850,범
OHE-00851,법
OHE-00852,푸를
OHE-00853,바람벽
OHE-00854,둥근옥
OHE-00855,열
OHE-00856,법
OHE-00857,고깔
OHE-00858,분별할
OHE-00859,말잘할
OHE-00860,가
OHE-00861,변할
OHE-00862,다를
OHE-00863,남녘
OHE-00864,군사
OHE-00865,어우를
OHE-00866,잡을
OHE-00867,밝을
OHE-00868,밝을
OHE-00869,자루
OHE-00870,아우를
OHE-00871,병풍
OHE-00872,자루
OHE-00873,걸을
OHE-00874,클
OHE-00875,보호할
OHE-00876,갚을
OHE-00877,두루
OHE-00878,작은성
OHE-00879,(해진곳을)기울보 도울
OHE-00880,도울
OHE-00881,보살
OHE-00882,물
OHE-00883,보배
OHE-00884,족보
OHE-00885,점
OHE-00886,엎드릴
OHE-00887,옷
OHE-00888,회복할
OHE-00889,복
OHE-00890,겹칠
OHE-00891,향기
OHE-00892,근본
OHE-00893,받들
OHE-00894,봉할
OHE-00895,녹
OHE-00896,봉우리
OHE-00897,봉화
OHE-00898,받들
OHE-00899,벌
OHE-00900,만날
OHE-00901,봉황새
OHE-00902,쑥
OHE-00903,아비
OHE-00904,지아비
OHE-00905,줄
OHE-00906,미쁠
OHE-00907,도울
OHE-00908,마을
OHE-00909,다다를
OHE-00910,연꽃
OHE-00911,뜰
OHE-00912,며느리부 아내
OHE-00913,버금
OHE-00914,넉넉할
OHE-00915,다시
OHE-00916,스승
OHE-00917,붙을
OHE-00918,펼
OHE-00919,펼
OHE-00920,북녘
OHE-00921,나눌
OHE-00922,물이름
OHE-00923,동이
OHE-00924,가루
OHE-00925,향기
OHE-00926,떨칠
OHE-00927,부처
OHE-00928,떨어뜨릴
OHE-00929,벗
OHE-00930,붕새
OHE-00931,견줄
OHE-00932,왕비
OHE-00933,덮을
OHE-00934,비차나무
OHE-00935,선으로 칠
OHE-00936,날
OHE-00937,살찔
OHE-00938,숨길
OHE-00939,갖출
OHE-00940,문짝
OHE-00941,소비할비 비용
OHE-00942,비석
OHE-00943,비파
OHE-00944,비유할
OHE-00945,구슬
OHE-00946,빛날
OHE-00947,빛날
OHE-00948,손
OHE-00949,자주
OHE-00950,물가
OHE-00951,얼음
OHE-00952,부를
OHE-00953,얼음
OHE-00954,선비
OHE-00955,넉
OHE-00956,맡을
OHE-00957,벼슬
OHE-00958,역사
OHE-00959,절
OHE-00960,같을
OHE-00961,사사
OHE-00962,모래
OHE-00963,일
OHE-00964,제사
OHE-00965,집
OHE-00966,토지의신사 단체
OHE-00967,하여금
OHE-00968,생각할
OHE-00969,조사할
OHE-00970,깁
OHE-00971,스승사ㅣ
OHE-00972,쏠
OHE-00973,춤출
OHE-00974,비낄
OHE-00975,옮길
OHE-00976,말
OHE-00977,버릴
OHE-00978,실
OHE-00979,이
OHE-00980,이을
OHE-00981,베낄
OHE-00982,줄
OHE-00983,말씀
OHE-00984,깎을(잘라낼)
OHE-00985,뫼
OHE-00986,산호
OHE-00987,낳을
OHE-00988,셈할
OHE-00989,신맛
OHE-00990,보살
OHE-00991,석
OHE-00992,삼나무
OHE-00993,적삼
OHE-00994,석
OHE-00995,나무빽빽할
OHE-00996,인삼
OHE-00997,꽃을
OHE-00998,위
OHE-00999,승상할
OHE-01000,형상
OHE-01001,서로
OHE-01002,학교
OHE-01003,뽕나무
OHE-01004,상서로울
OHE-01005,시원할
OHE-01006,장사
OHE-01007,항상
OHE-01008,날
OHE-01009,코끼리
OHE-01010,강이름
OHE-01011,생각할
OHE-01012,자세할
OHE-01013,맛볼상 일찍
OHE-01014,치마
OHE-01015,형상
OHE-01016,상자
OHE-01017,상줄
OHE-01018,갚을
OHE-01019,서리
OHE-01020,쌍
OHE-01021,변방
OHE-01022,빛
OHE-01023,찾을
OHE-01024,거둘
OHE-01025,날
OHE-01026,서녘
OHE-01027,차례
OHE-01028,펼
OHE-01029,글
OHE-01030,용서할
OHE-01031,천천히할
OHE-01032,뭇
OHE-01033,차례
OHE-01034,깃들일
OHE-01035,펼
OHE-01036,더울
OHE-01037,맹세할
OHE-01038,상서
OHE-01039,관청
OHE-01040,실마리
OHE-01041,새벽
OHE-01042,저녁
OHE-01043,돌
OHE-01044,썰물
OHE-01045,가를
OHE-01046,옛
OHE-01047,자리
OHE-01048,밝을
OHE-01049,쌀일
OHE-01050,아낄
OHE-01051,클
OHE-01052,클
OHE-01053,주석
OHE-01054,풀
OHE-01055,신선
OHE-01056,먼저
OHE-01057,베풀
OHE-01058,부채
OHE-01059,돌
OHE-01060,배
OHE-01061,옥
OHE-01062,착할
OHE-01063,바림
OHE-01064,부러워할
OHE-01065,도리옥
OHE-01066,무쇠
OHE-01067,고울
OHE-01068,줄
OHE-01069,아름다운옥
OHE-01070,고요할
OHE-01071,고울
OHE-01072,기울 깁다
OHE-01073,가릴
OHE-01074,아름다운옥
OHE-01075,혀
OHE-01076,눈
OHE-01077,베풀
OHE-01078,은나라시조이름
OHE-01079,문설주
OHE-01080,말씀
OHE-01081,맑은대쑥
OHE-01082,해돋을
OHE-01083,가늘
OHE-01084,건널
OHE-01085,땅이름
OHE-01086,불꽃
OHE-01087,끌어당길
OHE-01088,이룰
OHE-01089,성
OHE-01090,별
OHE-01091,살필
OHE-01092,성품
OHE-01093,성
OHE-01094,밝을
OHE-01095,성할
OHE-01096,옥이름
OHE-01097,깨달을
OHE-01098,성인
OHE-01099,정성
OHE-01100,소리
OHE-01101,인간
OHE-01102,씻을
OHE-01103,가늘
OHE-01104,기세
OHE-01105,해
OHE-01106,작을
OHE-01107,젊을소 적을
OHE-01108,부를
OHE-01109,바
OHE-01110,밝을
OHE-01111,밝을
OHE-01112,웃을
OHE-01113,흴
OHE-01114,이을
OHE-01115,트일
OHE-01116,고을이름
OHE-01117,아름다울
OHE-01118,불사를
OHE-01119,차조기
OHE-01120,묶을
OHE-01121,빠를
OHE-01122,이을
OHE-01123,손자
OHE-01124,겸손할
OHE-01125,거느릴
OHE-01126,거느릴
OHE-01127,송나라
OHE-01128,소나무
OHE-01129,칭송할
OHE-01130,쇠
OHE-01131,물
OHE-01132,손
OHE-01133,거둘
OHE-01134,지킬
OHE-01135,빼어날
OHE-01136,드리울
OHE-01137,받을
OHE-01138,머리
OHE-01139,장수
OHE-01140,강이름
OHE-01141,다를
OHE-01142,닦을
OHE-01143,옥돌
OHE-01144,줄
OHE-01145,구할
OHE-01146,목숨
OHE-01147,무게단위
OHE-01148,순수할
OHE-01149,수
OHE-01150,나를
OHE-01151,나무
OHE-01152,이룰할수 드디어
OHE-01153,이삭
OHE-01154,수놓을
OHE-01155,따를
OHE-01156,아재비
OHE-01157,맑을
OHE-01158,엄숙할
OHE-01159,옥이름
OHE-01160,익을
OHE-01161,옥그릇
OHE-01162,열흘
OHE-01163,방패
OHE-01164,순수할
OHE-01165,참으로
OHE-01166,옥그릇
OHE-01167,돌
OHE-01168,순박할
OHE-01169,순임금
OHE-01170,순할
OHE-01171,타이를
OHE-01172,악기이름
OHE-01173,재주
OHE-01174,지을
OHE-01175,높을
OHE-01176,높을
OHE-01177,큰거문고
OHE-01178,주울
OHE-01179,익힐
OHE-01180,젖을
OHE-01181,되
OHE-01182,도울
OHE-01183,오를
OHE-01184,이을
OHE-01185,탈
OHE-01186,이길
OHE-01187,오를
OHE-01188,보일
OHE-01189,저자
OHE-01190,비로서
OHE-01191,베풀
OHE-01192,섶나무
OHE-01193,옳을
OHE-01194,때
OHE-01195,의지할
OHE-01196,불
OHE-01197,시
OHE-01198,시험할
OHE-01199,성
OHE-01200,법
OHE-01201,밥
OHE-01202,휴식
OHE-01203,심을
OHE-01204,이식 진실로
OHE-01205,물맑을
OHE-01206,수레앞턱가로나무
OHE-01207,알
OHE-01208,납
OHE-01209,신하
OHE-01210,매울
OHE-01211,몸
OHE-01212,펼
OHE-01213,믿을
OHE-01214,귀신
OHE-01215,물을
OHE-01216,빠를
OHE-01217,새벽
OHE-01218,큰띠
OHE-01219,새
OHE-01220,삼갈
OHE-01221,집
OHE-01222,열매
OHE-01223,마음
OHE-01224,성
OHE-01225,스며들
OHE-01226,깊을
OHE-01227,찾을
OHE-01228,살필
OHE-01229,열사람
OHE-01230,열
OHE-01231,열
OHE-01232,어금니
OHE-01233,나
OHE-01234,버금
OHE-01235,아이
OHE-01236,싹
OHE-01237,예쁠
OHE-01238,바를
OHE-01239,언덕
OHE-01240,큰산
OHE-01241,흰흙
OHE-01242,풍류
OHE-01243,큰산
OHE-01244,편안할
OHE-01245,언덕
OHE-01246,누를
OHE-01247,편안할
OHE-01248,생각할
OHE-01249,얼굴
OHE-01250,뵈올
OHE-01251,바위
OHE-01252,찍을
OHE-01253,누를
OHE-01254,가운데
OHE-01255,우러러볼
OHE-01256,오를
OHE-01257,원앙
OHE-01258,언덕
OHE-01259,물가
OHE-01260,사랑
OHE-01261,진액
OHE-01262,이마
OHE-01263,꾀꼬리
OHE-01264,앵두나무
OHE-01265,쇠불릴
OHE-01266,들
OHE-01267,묶을
OHE-01268,같을
OHE-01269,뛸
OHE-01270,약
OHE-01271,양
OHE-01272,큰바다
OHE-01273,날릴
OHE-01274,버들
OHE-01275,기를
OHE-01276,모양
OHE-01277,도울
OHE-01278,볕
OHE-01279,흙
OHE-01280,물고기
OHE-01281,어거할
OHE-01282,말씀
OHE-01283,억
OHE-01284,생각할
OHE-01285,참죽나무
OHE-01286,말씀
OHE-01287,선비
OHE-01288,속담
OHE-01289,엄할
OHE-01290,업
OHE-01291,높고험할
OHE-01292,"나,줄"
OHE-01293,같을
OHE-01294,"나,줄"
OHE-01295,너
OHE-01296,줄
OHE-01297,남을
OHE-01298,또
OHE-01299,바꿀
OHE-01300,통변할
OHE-01301,역마
OHE-01302,끌
OHE-01303,물흐를
OHE-01304,고울
OHE-01305,넘칠
OHE-01306,따를
OHE-01307,예쁠
OHE-01308,잔치
OHE-01309,갈
OHE-01310,부드러울
OHE-01311,시내
OHE-01312,그럴
OHE-01313,못
OHE-01314,넓힐
OHE-01315,인연
OHE-01316,불탈
OHE-01317,제비
OHE-01318,기쁠
OHE-01319,기쁠
OHE-01320,검열할
OHE-01321,더울
OHE-01322,불꽃
OHE-01323,옥갈
OHE-01324,고울
OHE-01325,잎
OHE-01326,빛날
OHE-01327,빛날
OHE-01328,길
OHE-01329,비칠
OHE-01330,찰
OHE-01331,헤엄칠
OHE-01332,꽃부리
OHE-01333,맞이할
OHE-01334,읊을
OHE-01335,기둥
OHE-01336,물맑을
OHE-01337,비칠
OHE-01338,사람이름
OHE-01339,영화
OHE-01340,옥광채
OHE-01341,그림자
OHE-01342,밝을
OHE-01343,이삭 빼어날
OHE-01344,경영할
OHE-01345,방울소리
OHE-01346,물소리
OHE-01347,옥돌
OHE-01348,어질
OHE-01349,나라이름 풀뾰족날
OHE-01350,미리
OHE-01351,날카로울
OHE-01352,미리
OHE-01353,밝을
OHE-01354,기릴
OHE-01355,재주
OHE-01356,낮
OHE-01357,다섯
OHE-01358,대오
OHE-01359,나
OHE-01360,나라이름
OHE-01361,밝을
OHE-01362,즐길
OHE-01363,깨달을
OHE-01364,밝을
OHE-01365,오동나무
OHE-01366,깊을
OHE-01367,구슬
OHE-01368,기름질
OHE-01369,집
OHE-01370,보배
OHE-01371,따뜻할
OHE-01372,평온할
OHE-01373,화목할
OHE-01374,막을
OHE-01375,안을
OHE-01376,기와
OHE-01377,누울
OHE-01378,완전할
OHE-01379,굽을
OHE-01380,놀
OHE-01381,순할
OHE-01382,서옥
OHE-01383,빙그레웃을 왕골
OHE-01384,아름다운옥
OHE-01385,느릴
OHE-01386,가로
OHE-01387,임금
OHE-01388,갈
OHE-01389,굽을
OHE-01390,깊고넓을
OHE-01391,성할
OHE-01392,바깥
OHE-01393,구할
OHE-01394,예쁠
OHE-01395,요임금
OHE-01396,요행
OHE-01397,흔들
OHE-01398,좋아할
OHE-01399,노래
OHE-01400,멀
OHE-01401,빛날
OHE-01402,빛날
OHE-01403,넉넉할
OHE-01404,목욕할
OHE-01405,쓸
OHE-01406,날랠
OHE-01407,길돋울
OHE-01408,얼굴
OHE-01409,떳떳할
OHE-01410,샘솟을
OHE-01411,샘솟을
OHE-01412,담
OHE-01413,뛸
OHE-01414,벵골보리수
OHE-01415,질펀히흐를
OHE-01416,패옥소리
OHE-01417,연꽃
OHE-01418,쇠녹일
OHE-01419,큰쇠북
OHE-01420,또
OHE-01421,어조사
OHE-01422,더욱
OHE-01423,벗
OHE-01424,오른쪽
OHE-01425,깃
OHE-01426,집
OHE-01427,도울
OHE-01428,해돋을
OHE-01429,비
OHE-01430,옥돌
OHE-01431,하우씨
OHE-01432,도울
OHE-01433,멀
OHE-01434,악기이름
OHE-01435,짝
OHE-01436,머무를
OHE-01437,어리석을
OHE-01438,패옥
OHE-01439,역참
OHE-01440,만날
OHE-01441,넉넉할
OHE-01442,모퉁이
OHE-01443,아침해
OHE-01444,빛날
OHE-01445,문채빛날
OHE-01446,문채날
OHE-01447,빛날
OHE-01448,이름
OHE-01449,김맬
OHE-01450,구름
OHE-01451,운전할
OHE-01452,큰물결
OHE-01453,운
OHE-01454,우거질
OHE-01455,수컷
OHE-01456,곰
OHE-01457,으뜸
OHE-01458,내이름
OHE-01459,담
OHE-01460,강이름
OHE-01461,관원
OHE-01462,근본
OHE-01463,성
OHE-01464,동산
OHE-01465,예쁠
OHE-01466,도울
OHE-01467,동산
OHE-01468,동글
OHE-01469,근원
OHE-01470,도리옥
OHE-01471,성실할
OHE-01472,집
OHE-01473,멀
OHE-01474,수레
OHE-01475,원할
OHE-01476,달
OHE-01477,건널
OHE-01478,자리
OHE-01479,맡길
OHE-01480,위엄
OHE-01481,벼슬이름
OHE-01482,클
OHE-01483,둘레
OHE-01484,위할
OHE-01485,강이름
OHE-01486,햇빛
OHE-01487,옥이름
OHE-01488,씨
OHE-01489,위로할
OHE-01490,이를
OHE-01491,지킬
OHE-01492,높을
OHE-01493,말미암을
OHE-01494,어릴
OHE-01495,있을
OHE-01496,닭
OHE-01497,바(어조사)
OHE-01498,도울
OHE-01499,그을할
OHE-01500,기름
OHE-01501,부드러울
OHE-01502,성
OHE-01503,용서할
OHE-01504,유자나무
OHE-01505,강이름
OHE-01506,오직
OHE-01507,광택
OHE-01508,깨우칠
OHE-01509,노적가리 곳집
OHE-01510,생각할
OHE-01511,기쁠
OHE-01512,넉넉할
OHE-01513,느릅나무
OHE-01514,오히려
OHE-01515,꾈
OHE-01516,맬(묶을)
OHE-01517,아름다운옥
OHE-01518,깨우칠
OHE-01519,놀
OHE-01520,선비
OHE-01521,적실
OHE-01522,끼칠
OHE-01523,기를
OHE-01524,기름진땅
OHE-01525,다스릴
OHE-01526,진실로
OHE-01527,귀막는옥
OHE-01528,맏아들
OHE-01529,병기이름
OHE-01530,윤달
OHE-01531,물깊고넓을
OHE-01532,윤택할
OHE-01533,화활
OHE-01534,끝
OHE-01535,성할
OHE-01536,은혜
OHE-01537,은
OHE-01538,화평할
OHE-01539,숨을
OHE-01540,새
OHE-01541,읊을
OHE-01542,소리
OHE-01543,마실
OHE-01544,고을
OHE-01545,엉길
OHE-01546,응할
OHE-01547,매
OHE-01548,옷
OHE-01549,마땅할
OHE-01550,의지할
OHE-01551,의지할
OHE-01552,뜻
OHE-01553,옳을
OHE-01554,거동
OHE-01555,굳셀
OHE-01556,옳을
OHE-01557,비교할 헤아릴
OHE-01558,의원
OHE-01559,의논할
OHE-01560,클
OHE-01561,두
OHE-01562,이미
OHE-01563,써
OHE-01564,귀
OHE-01565,늦출
OHE-01566,말이을
OHE-01567,저
OHE-01568,쉬울
OHE-01569,기쁠
OHE-01570,귀고리
OHE-01571,다를
OHE-01572,옮길
OHE-01573,끼칠
OHE-01574,두
OHE-01575,너
OHE-01576,떳떳할
OHE-01577,더할
OHE-01578,도울
OHE-01579,명일
OHE-01580,날개
OHE-01581,웃을
OHE-01582,강이름
OHE-01583,사람
OHE-01584,어질
OHE-01585,이끌
OHE-01586,도장
OHE-01587,인할
OHE-01588,참을
OHE-01589,혼인
OHE-01590,공경할
OHE-01591,인정할
OHE-01592,한
OHE-01593,날
OHE-01594,춤
OHE-01595,한
OHE-01596,넘칠
OHE-01597,역말
OHE-01598,달아날 뛰어날
OHE-01599,중량
OHE-01600,아홈째천간
OHE-01601,맡길
OHE-01602,곡식여물
OHE-01603,들
OHE-01604,남을
OHE-01605,아들
OHE-01606,자세할
OHE-01607,글자
OHE-01608,스스로
OHE-01609,맵시
OHE-01610,이
OHE-01611,놈
OHE-01612,오지그릇
OHE-01613,자줏빛
OHE-01614,암컷
OHE-01615,재불
OHE-01616,불을
OHE-01617,사랑
OHE-01618,자석
OHE-01619,깔
OHE-01620,사를
OHE-01621,지을
OHE-01622,함박꽃
OHE-01623,참새
OHE-01624,벼슬
OHE-01625,까치
OHE-01626,바늘
OHE-01627,잠깐
OHE-01628,잠길
OHE-01629,누에
OHE-01630,섞일
OHE-01631,농막
OHE-01632,장인
OHE-01633,장할
OHE-01634,짚을
OHE-01635,길
OHE-01636,글
OHE-01637,베풀
OHE-01638,장수
OHE-01639,휘장
OHE-01640,단장할
OHE-01641,마당
OHE-01642,손바닥
OHE-01643,꾸밀
OHE-01644,엄숙할
OHE-01645,권면할
OHE-01646,녹나무
OHE-01647,밝을
OHE-01648,구기
OHE-01649,담장
OHE-01650,줄 풀이름
OHE-01651,장미
OHE-01652,감출
OHE-01653,재주
OHE-01654,두
OHE-01655,있을
OHE-01656,재목
OHE-01657,비로소
OHE-01658,심을
OHE-01659,재물
OHE-01660,재상
OHE-01661,가래나무
OHE-01662,옷마를
OHE-01663,맑을
OHE-01664,실을
OHE-01665,일
OHE-01666,재계할
OHE-01667,다툴
OHE-01668,징
OHE-01669,밑
OHE-01670,모시
OHE-01671,쌓을
OHE-01672,집
OHE-01673,닥나무
OHE-01674,지을
OHE-01675,붉을
OHE-01676,과녁
OHE-01677,고요할
OHE-01678,피리
OHE-01679,나아갈
OHE-01680,발자취
OHE-01681,들추어낼
OHE-01682,물방울
OHE-01683,쌓을
OHE-01684,길쌈할
OHE-01685,사리에 맞을
OHE-01686,자취
OHE-01687,호적
OHE-01688,밭
OHE-01689,온전할
OHE-01690,경기
OHE-01691,법
OHE-01692,신선이름
OHE-01693,앞
OHE-01694,나무못
OHE-01695,펼
OHE-01696,오로지
OHE-01697,정할
OHE-01698,갖출
OHE-01699,대궐
OHE-01700,메울
OHE-01701,옥이름
OHE-01702,전할
OHE-01703,저울질할
OHE-01704,돈
OHE-01705,꼭대기
OHE-01706,끊을
OHE-01707,꺾을
OHE-01708,끊을
OHE-01709,마디
OHE-01710,점칠
OHE-01711,가게
OHE-01712,점점
OHE-01713,점
OHE-01714,사귈
OHE-01715,나비
OHE-01716,고무래
OHE-01717,우물
OHE-01718,바를
OHE-01719,물가
OHE-01720,보일
OHE-01721,옥소리
OHE-01722,조정
OHE-01723,여자단정할
OHE-01724,정사
OHE-01725,정할
OHE-01726,칠
OHE-01727,곧을
OHE-01728,나무바를
OHE-01729,바로잡을
OHE-01730,빛날
OHE-01731,정자
OHE-01732,뜰
OHE-01733,못
OHE-01734,머무를
OHE-01735,뽑을
OHE-01736,염탐할
OHE-01737,정수리
OHE-01738,그림족자
OHE-01739,뜻
OHE-01740,맑을
OHE-01741,법
OHE-01742,수정
OHE-01743,옥홀
OHE-01744,해뜰
OHE-01745,강이름
OHE-01746,광나무
OHE-01747,띠술
OHE-01748,솥
OHE-01749,징
OHE-01750,편안할
OHE-01751,상서
OHE-01752,진실
OHE-01753,쇳덩이
OHE-01754,가지런할
OHE-01755,고요할
OHE-01756,나라이름
OHE-01757,아우
OHE-01758,억제할
OHE-01759,임금
OHE-01760,공경할
OHE-01761,사다리
OHE-01762,제사
OHE-01763,차례
OHE-01764,방죽
OHE-01765,가지런할
OHE-01766,지을
OHE-01767,덜
OHE-01768,모든
OHE-01769,건널
OHE-01770,제목
OHE-01771,사이
OHE-01772,이를
OHE-01773,조짐
OHE-01774,도울
OHE-01775,구실(세금)
OHE-01776,복
OHE-01777,아침
OHE-01778,조상
OHE-01779,가지
OHE-01780,낚시
OHE-01781,무리
OHE-01782,바라볼
OHE-01783,새
OHE-01784,새길
OHE-01785,안존할
OHE-01786,짤
OHE-01787,고할
OHE-01788,둘
OHE-01789,아침
OHE-01790,비출
OHE-01791,시작할
OHE-01792,조나라
OHE-01793,지을
OHE-01794,고를(균형)
OHE-01795,밀물
OHE-01796,말릴
OHE-01797,잡을
OHE-01798,만날
OHE-01799,발
OHE-01800,겨레
OHE-01801,있을
OHE-01802,높을
OHE-01803,군사
OHE-01804,미루(근본)
OHE-01805,신인
OHE-01806,마칠
OHE-01807,물소리
OHE-01808,종려나무
OHE-01809,즐거울
OHE-01810,서옥이름
OHE-01811,모을
OHE-01812,심을
OHE-01813,세로
OHE-01814,술병
OHE-01815,종(쇠북)
OHE-01816,왼
OHE-01817,도울
OHE-01818,앉을
OHE-01819,자리
OHE-01820,임금
OHE-01821,고을
OHE-01822,배
OHE-01823,붉을
OHE-01824,달릴
OHE-01825,살
OHE-01826,두루
OHE-01827,하늘
OHE-01828,기둥
OHE-01829,물댈
OHE-01830,심지
OHE-01831,아뢸
OHE-01832,예쁠
OHE-01833,뿌리
OHE-01834,구슬
OHE-01835,낮
OHE-01836,자손
OHE-01837,주낼
OHE-01838,물모일
OHE-01839,돌(회전할)
OHE-01840,머무를
OHE-01841,물쏟을
OHE-01842,밭두둑
OHE-01843,쇠부어만들
OHE-01844,대
OHE-01845,준걸
OHE-01846,높을
OHE-01847,높을
OHE-01848,승인할
OHE-01849,깊을
OHE-01850,밝을
OHE-01851,태울
OHE-01852,농부
OHE-01853,마칠
OHE-01854,뛰어날
OHE-01855,법도
OHE-01856,준걸
OHE-01857,준마
OHE-01858,깊을
OHE-01859,좇을
OHE-01860,풀처음나는모양
OHE-01861,가운데
OHE-01862,버금
OHE-01863,무거울
OHE-01864,무리
OHE-01865,빗줄
OHE-01866,진액
OHE-01867,찔
OHE-01868,일찍
OHE-01869,더할
OHE-01870,찔
OHE-01871,보낼
OHE-01872,증거
OHE-01873,갈
OHE-01874,그칠
OHE-01875,지탱할
OHE-01876,다만
OHE-01877,땅
OHE-01878,뜻
OHE-01879,이를
OHE-01880,뜻
OHE-01881,못
OHE-01882,터
OHE-01883,가지
OHE-01884,물가
OHE-01885,알
OHE-01886,복
OHE-01887,가질
OHE-01888,공경할
OHE-01889,손가락
OHE-01890,종이
OHE-01891,지초
OHE-01892,발
OHE-01893,글기
OHE-01894,기록할
OHE-01895,지극할
OHE-01896,더딜
OHE-01897,곧을
OHE-01898,일찍심은벼
OHE-01899,기장
OHE-01900,직분
OHE-01901,짤
OHE-01902,별
OHE-01903,나루
OHE-01904,보배
OHE-01905,진자라
OHE-01906,진나라
OHE-01907,참
OHE-01908,떨칠
OHE-01909,볼
OHE-01910,수레
OHE-01911,구휼할 넉넉할
OHE-01912,다할
OHE-01913,성할
OHE-01914,티끌
OHE-01915,나아갈
OHE-01916,옥돌
OHE-01917,진동할
OHE-01918,진칠
OHE-01919,맺을
OHE-01920,베풀
OHE-01921,옥돌
OHE-01922,진압할
OHE-01923,차례
OHE-01924,바탕
OHE-01925,세간
OHE-01926,잡을
OHE-01927,모일
OHE-01928,모을
OHE-01929,샘솟을
OHE-01930,쇳조각
OHE-01931,부를
OHE-01932,맑을
OHE-01933,또
OHE-01934,버금
OHE-01935,이
OHE-01936,수레
OHE-01937,빌
OHE-01938,선명할
OHE-01939,글지울
OHE-01940,맑을
OHE-01941,빛날
OHE-01942,옥광채
OHE-01943,도울
OHE-01944,모을
OHE-01945,제기
OHE-01946,이을
OHE-01947,기릴
OHE-01948,뚫을
OHE-01949,편지
OHE-01950,살필
OHE-01951,참여할
OHE-01952,창성할
OHE-01953,밝을
OHE-01954,곳집(창고)
OHE-01955,노래
OHE-01956,창
OHE-01957,드러날
OHE-01958,비롯할
OHE-01959,밝을
OHE-01960,싸늘할
OHE-01961,창포
OHE-01962,화창할
OHE-01963,푸를
OHE-01964,캘
OHE-01965,녹봉
OHE-01966,영지
OHE-01967,채색
OHE-01968,캘
OHE-01969,나물
OHE-01970,비단
OHE-01971,거북
OHE-01972,책
OHE-01973,꾀
OHE-01974,곳
OHE-01975,자
OHE-01976,열
OHE-01977,겨래
OHE-01978,오를
OHE-01979,내
OHE-01980,일
OHE-01981,하늘
OHE-01982,일
OHE-01983,샘
OHE-01984,두렁 길
OHE-01985,밟을
OHE-01986,옮길
OHE-01987,천거할
OHE-01988,밝을
OHE-01989,밝을
OHE-01990,꿰맬
OHE-01991,통할청
OHE-01992,거둘
OHE-01993,물맑을
OHE-01994,수레바퀴자국
OHE-01995,쇠
OHE-01996,뾰족할
OHE-01997,더할
OHE-01998,다
OHE-01999,우러러볼
OHE-02000,이길
OHE-02001,푸를
OHE-02002,갤
OHE-02003,맑을
OHE-02004,청할
OHE-02005,들을
OHE-02006,관청
OHE-02007,맺을 연결할
OHE-02008,살필
OHE-02009,갈마들 번갈아들
OHE-02010,몸
OHE-02011,처음
OHE-02012,닮을
OHE-02013,부를
OHE-02014,뛰어넘을
OHE-02015,풀
OHE-02016,초나라
OHE-02017,떌나무
OHE-02018,주춧돌
OHE-02019,파초
OHE-02020,닿을
OHE-02021,마디
OHE-02022,마을
OHE-02023,거느릴
OHE-02024,귀밝을
OHE-02025,모을
OHE-02026,사랑할
OHE-02027,높을
OHE-02028,가장
OHE-02029,재촉할
OHE-02030,가을
OHE-02031,뺼
OHE-02032,헤아릴
OHE-02033,가래나무
OHE-02034,따를
OHE-02035,지도리
OHE-02036,송곳
OHE-02037,저울추
OHE-02038,나라이름
OHE-02039,소
OHE-02040,기를
OHE-02041,축하할
OHE-02042,굴대
OHE-02043,쌓을
OHE-02044,쌓을
OHE-02045,봄
OHE-02046,참죽나무
OHE-02047,옥이름
OHE-02048,날
OHE-02049,가득할
OHE-02050,충성
OHE-02051,정성
OHE-02052,찌를
OHE-02053,불
OHE-02054,취할
OHE-02055,나아갈
OHE-02056,모일
OHE-02057,비취색
OHE-02058,땃
OHE-02059,곁
OHE-02060,잴
OHE-02061,다스릴
OHE-02062,우뚝할
OHE-02063,이룰
OHE-02064,값
OHE-02065,꿩
OHE-02066,달릴
OHE-02067,어릴
OHE-02068,둘
OHE-02069,불활활탈
OHE-02070,법
OHE-02071,조서
OHE-02072,친할
OHE-02073,일곱
OHE-02074,옻칠할
OHE-02075,잠길
OHE-02076,바늘
OHE-02077,담글
OHE-02078,보배
OHE-02079,저울
OHE-02080,일컬을
OHE-02081,쾌이름
OHE-02082,시원할
OHE-02083,다를
OHE-02084,칠
OHE-02085,평온할
OHE-02086,받칠
OHE-02087,높을
OHE-02088,박을
OHE-02089,헤아릴
OHE-02090,부탁할
OHE-02091,클
OHE-02092,환할
OHE-02093,사람이름
OHE-02094,옥다듬을
OHE-02095,뽑아낼
OHE-02096,씻을
OHE-02097,방울
OHE-02098,삼킬
OHE-02099,평탄할
OHE-02100,숯
OHE-02101,태어날
OHE-02102,탄알
OHE-02103,여울
OHE-02104,즐길
OHE-02105,찾을
OHE-02106,탑
OHE-02107,클
OHE-02108,별이름
OHE-02109,바꿀
OHE-02110,클
OHE-02111,아이벨
OHE-02112,나라이름
OHE-02113,태도
OHE-02114,집
OHE-02115,가릴
OHE-02116,못
OHE-02117,흙
OHE-02118,토끼
OHE-02119,칠
OHE-02120,통
OHE-02121,거느릴
OHE-02122,통할
OHE-02123,언덕
OHE-02124,던질
OHE-02125,통할
OHE-02126,특별할
OHE-02127,땅이름
OHE-02128,고개
OHE-02129,비파나무
OHE-02130,잡을
OHE-02131,물결
OHE-02132,파초
OHE-02133,비파
OHE-02134,씨뿌릴
OHE-02135,비탈
OHE-02136,판단할
OHE-02137,널
OHE-02138,널빤지
OHE-02139,팔
OHE-02140,비탈
OHE-02141,여덟
OHE-02142,조개
OHE-02143,찰
OHE-02144,으뜸
OHE-02145,성
OHE-02146,물소리
OHE-02147,조각
OHE-02148,액자
OHE-02149,편할
OHE-02150,엮을
OHE-02151,책
OHE-02152,두루
OHE-02153,평평할
OHE-02154,땅평평할
OHE-02155,바둑판
OHE-02156,평론할
OHE-02157,섬돌
OHE-02158,예물
OHE-02159,감쌀
OHE-02160,베
OHE-02161,안을
OHE-02162,대포
OHE-02163,물가
OHE-02164,잡을
OHE-02165,배부를
OHE-02166,기릴
OHE-02167,펼
OHE-02168,포도
OHE-02169,폭
OHE-02170,자루
OHE-02171,겉
OHE-02172,펴범
OHE-02173,범
OHE-02174,쪽지
OHE-02175,뜰
OHE-02176,표시
OHE-02177,날래고용감할
OHE-02178,물건
OHE-02179,여쭐
OHE-02180,바람
OHE-02181,단풍나무
OHE-02182,성할
OHE-02183,짝
OHE-02184,반드시
OHE-02185,물결부딪칠
OHE-02186,칼장식옥
OHE-02187,마칠
OHE-02188,향기
OHE-02189,도울
OHE-02190,붓
OHE-02191,향기로울
OHE-02192,아래
OHE-02193,강
OHE-02194,여름
OHE-02195,여름
OHE-02196,하례할
OHE-02197,큰집
OHE-02198,놀
OHE-02199,배울
OHE-02200,학
OHE-02201,땀
OHE-02202,찰
OHE-02203,한가할
OHE-02204,한수
OHE-02205,날개
OHE-02206,나라이름
OHE-02207,넓고클
OHE-02208,다스릴
OHE-02209,머금을
OHE-02210,함
OHE-02211,다
OHE-02212,젖을
OHE-02213,합할
OHE-02214,목
OHE-02215,막을
OHE-02216,물넓을할
OHE-02217,거리
OHE-02218,항아
OHE-02219,항상
OHE-02220,목 목덜미
OHE-02221,항구
OHE-02222,돼지
OHE-02223,바다
OHE-02224,함께
OHE-02225,그
OHE-02226,본보기
OHE-02227,풀
OHE-02228,화할
OHE-02229,씨
OHE-02230,다닐
OHE-02231,살구
OHE-02232,다행
OHE-02233,향할
OHE-02234,누릴
OHE-02235,향기
OHE-02236,옥이름
OHE-02237,시골
OHE-02238,울릴
OHE-02239,허락할
OHE-02240,집
OHE-02241,법
OHE-02242,드릴
OHE-02243,험할
OHE-02244,증험할
OHE-02245,가죽
OHE-02246,클
OHE-02247,붉을
OHE-02248,빛날
OHE-02249,검을
OHE-02250,나타날
OHE-02251,활시위
OHE-02252,물깊고넓을
OHE-02253,빛날
OHE-02254,옥돌
OHE-02255,재 고개
OHE-02256,악기줄
OHE-02257,햇살
OHE-02258,나타날
OHE-02259,무늬
OHE-02260,솥귀
OHE-02261,어질
OHE-02262,매달
OHE-02263,나타날
OHE-02264,호협할
OHE-02265,골짜기
OHE-02266,낄
OHE-02267,젖을
OHE-02268,맏
OHE-02269,형상
OHE-02270,형통할
OHE-02271,본보기
OHE-02272,빛날
OHE-02273,찰
OHE-02274,나라이름
OHE-02275,노리개
OHE-02276,등불
OHE-02277,의혹할
OHE-02278,저울
OHE-02279,물맑을
OHE-02280,향기로울
OHE-02281,별이름
OHE-02282,은혜
OHE-02283,슬기
OHE-02284,아름다울
OHE-02285,서로
OHE-02286,집
OHE-02287,좋을
OHE-02288,범
OHE-02289,하늘
OHE-02290,복
OHE-02291,나는털
OHE-02292,넓을
OHE-02293,뒤따를
OHE-02294,밝을
OHE-02295,맑을
OHE-02296,흴
OHE-02297,호박
OHE-02298,호수
OHE-02299,산호
OHE-02300,호걸
OHE-02301,물가
OHE-02302,넓을
OHE-02303,해자
OHE-02304,해자
OHE-02305,호경
OHE-02306,보호할
OHE-02307,클
OHE-02308,구할
OHE-02309,넓을
OHE-02310,혼인할
OHE-02311,넓을
OHE-02312,무지개
OHE-02313,물깊을
OHE-02314,붉을
OHE-02315,큰물
OHE-02316,횃불
OHE-02317,큰기러기
OHE-02318,불
OHE-02319,화할
OHE-02320,벼
OHE-02321,고를
OHE-02322,꽃
OHE-02323,재화
OHE-02324,그림
OHE-02325,말할
OHE-02326,빛날
OHE-02327,고울
OHE-02328,자작나무
OHE-02329,확실학
OHE-02330,넓힐
OHE-02331,벼벨
OHE-02332,둥글
OHE-02333,변할
OHE-02334,빛날
OHE-02335,굳셀
OHE-02336,환할
OHE-02337,부를
OHE-02338,바꿀
OHE-02339,빛날
OHE-02340,흩어질
OHE-02341,고리
OHE-02342,돌아올
OHE-02343,기뻐할
OHE-02344,살
OHE-02345,넓을
OHE-02346,임금
OHE-02347,밝을
OHE-02348,봉황새
OHE-02349,누를
OHE-02350,빛날
OHE-02351,물깊고넓을
OHE-02352,책상
OHE-02353,패옥
OHE-02354,돌아올
OHE-02355,돌
OHE-02356,클
OHE-02357,모일
OHE-02358,노송나무
OHE-02359,그림
OHE-02360,품을
OHE-02361,그을
OHE-02362,가로
OHE-02363,변할
OHE-02364,효도
OHE-02365,본받을
OHE-02366,강이름
OHE-02367,새벽
OHE-02368,가르칠
OHE-02369,날랠
OHE-02370,임금
OHE-02371,두터울
OHE-02372,뒤
OHE-02373,제후
OHE-02374,기후
OHE-02375,만날
OHE-02376,가르칠
OHE-02377,향기
OHE-02378,연기낄
OHE-02379,공
OHE-02380,질나팔
OHE-02381,연기낄
OHE-02382,향기
OHE-02383,따뜻할
OHE-02384,원추리
OHE-02385,무리
OHE-02386,빛
OHE-02387,빛날
OHE-02388,휘두를
OHE-02389,빛날
OHE-02390,아름다울
OHE-02391,쉴
OHE-02392,아름다울
OHE-02393,가질
OHE-02394,검을
OHE-02395,기뻐할
OHE-02396,아침
OHE-02397,이글이글
OHE-02398,산우뚝솟을
OHE-02399,겅경함
OHE-02400,마실
OHE-02401,윤택하세할
OHE-02402,흡사할
OHE-02403,합할
OHE-02404,일어날훙
OHE-02405,바랄
OHE-02406,계집
OHE-02407,마를
OHE-02408,기쁠
OHE-02409,드물
OHE-02410,빛날
OHE-02411,기쁠
OHE-02412,즐길
OHE-02413,화할
OHE-02414,기쁠
OHE-02415,놀
OHE-02416,성할
OHE-02417,성할
OHE-02418,숨
OHE-02419,복
OHE-02420,햇빛
